[www.patlive.com/index.html]
[www.patlive.com/i]
[backblue.gif]
[fade.gif]
[index.html]
[www.patlive.com/wp-content/uploads/2026/05/results-bg-scaled.jpg]
[www.patlive.com/wp-content/uploads/2026/08/static-fallback.png]
[www.patlive.com/wp-json/oembed/1.0/embed8bbf.json]
[www.patlive.com/Firefox/index.html]
[www.patlive.com/comments/feed/index.html]
[www.patlive.com/wp-json/oembed/1.0/embed792a]
[www.patlive.com/wp-includes/js/jquery/jquery.minf43b.js]
[www.patlive.com/wp-includes/js/jquery/jquery-migrate.min5589.js]
[www.patlive.com/wp-content/plugins/elementor/assets/lib/font-awesome/js/v4-shims.mind1c0.js]
[www.patlive.com/feed/index.html]
[www.patlive.com/wp-json/wp/v2/pages/33367.json]
[www.patlive.com/wp-json/index.html]
[www.patlive.com/xmlrpc0db0.php]
[www.patlive.com/wp-content/uploads/2026/08/cropped-PATLive-Logo-300x300-1-32x32.png]
[www.patlive.com/wp-content/uploads/2026/08/cropped-PATLive-Logo-300x300-1-192x192.png]
[www.patlive.com/wp-content/uploads/2026/08/cropped-PATLive-Logo-300x300-1-180x180.png]
[www.patlive.com/why-patlive/index.html]
[www.patlive.com/why-patlive/reviews-and-awards/index.html]
[www.patlive.com/customer-stories/index.html]
[www.patlive.com/wp-content/uploads/2026/05/patlive-logo.png]
[www.patlive.com/why-patlive/press-news/index.html]
[www.patlive.com/contact-us/index.html]
[www.patlive.com/blog/index.html]
[www.patlive.com/resources/guides-ebooks/index.html]
[www.patlive.com/faqs/index.html]
[www.patlive.com/products/index.html]
[www.patlive.com/products/live-phone-answering/index.html]
[www.patlive.com/products/outbound-calling/index.html]
[www.patlive.com/products/live-chat/index.html]
[www.patlive.com/solutions/index.html]
[www.patlive.com/solutions/after-hours/index.html]
[www.patlive.com/solutions/appointment-scheduling/index.html]
[www.patlive.com/solutions/call-screening-transfers/index.html]
[www.patlive.com/solutions/front-desk-receptionist/index.html]
[www.patlive.com/solutions/lead-capture/index.html]
[www.patlive.com/solutions/message-taking/index.html]
[www.patlive.com/wp-content/uploads/2026/08/PATLive-Hero-Animation-Optimized.mp4]
[www.patlive.com/solutions/client-intake/index.html]
[www.patlive.com/solutions/overflow/index.html]
[www.patlive.com/solutions/order-processing/index.html]
[www.patlive.com/solutions/bilingual-support/index.html]
[www.patlive.com/industries/legal/index.html]
[www.patlive.com/industries/financial-answering-service/index.html]
[www.patlive.com/industries/agencies-marketing/index.html]
[www.patlive.com/wp-content/uploads/2026/06/2024-forbes-advisor-awards.png]
[www.patlive.com/industries/nonprofits/index.html]
[www.patlive.com/industries/industrial-supply/index.html]
[www.patlive.com/industries/it-saas-tech/index.html]
[www.patlive.com/industries/small-business/index.html]
[www.patlive.com/industries/medical-wellness/index.html]
[www.patlive.com/wp-content/uploads/2026/06/us-news-world-report-vector-logo.png]
[www.patlive.com/industries/real-estate/index.html]
[www.patlive.com/industries/real-estate-investors/index.html]
[www.patlive.com/industries/real-estate-agents/index.html]
[www.patlive.com/industries/title-settlement/index.html]
[www.patlive.com/industries/home-inspectors/index.html]
[www.patlive.com/industries/property-management/index.html]
[www.patlive.com/industries/home-services-trades/index.html]
[www.patlive.com/industries/chiropractors/index.html]
[www.patlive.com/industries/electrician/index.html]
[www.patlive.com/industries/hvac/index.html]
[www.patlive.com/industries/roofing/index.html]
[www.patlive.com/industries/contractors/index.html]
[www.patlive.com/industries/construction/index.html]
[www.patlive.com/industries/landscaping/index.html]
[www.patlive.com/how-it-works/index.html]
[www.patlive.com/industries/plumbing/index.html]
[www.patlive.com/how-it-works/virtual-receptionists/index.html]
[www.patlive.com/how-it-works/tools-mobile-app/index.html]
[www.patlive.com/wp-content/uploads/2026/06/Businesscom_logo.png]
[www.patlive.com/how-it-works/integrations/index.html]
[www.patlive.com/pricing/index.html]
[www.patlive.com/wp-content/uploads/2026/05/live-call.png]
[www.patlive.com/wp-content/uploads/2026/05/patlive-sign-services.png]
[www.patlive.com/enterprise/index.html]
[www.patlive.com/wp-content/uploads/2026/05/outbound-img.png]
[www.patlive.com/wp-content/uploads/2026/08/image-4.png]
[www.patlive.com/press-news/index.html]
[www.patlive.com/resources/index.html]
[www.patlive.com/wp-content/uploads/2026/08/website-crop.png]
[www.patlive.com/wp-content/uploads/2026/08/Man-Locking-Up-Business-at-Night5-e1785897897210.png]
[www.patlive.com/wp-content/uploads/2026/08/Website-Photo-Pool30-e1785897924731.png]
[www.patlive.com/wp-content/uploads/2026/07/zapier-logo.jpg]
[www.patlive.com/wp-content/uploads/2026/07/clio-logo.jpg]
[www.patlive.com/wp-content/uploads/2026/07/Jobber-Logo-1.png]
[www.patlive.com/wp-content/uploads/2026/07/idee09M8TU_1785264029032.jpg]
[www.patlive.com/wp-content/uploads/2026/06/full-bleed-mobile.jpg]
[www.patlive.com/wp-content/uploads/2026/07/Group-101234121.png]
[www.patlive.com/wp-content/uploads/2026/06/footer-logo.png]
[www.patlive.com/wp-content/uploads/2026/07/apple-Store-download-button.png]
[www.patlive.com/affiliates/nonprofits/index.html]
[www.patlive.com/wp-content/uploads/2026/07/google-Store-download-button.png]
[www.patlive.com/contact-us/schedule-consultation/index.html]
[www.patlive.com/affiliate-signup/index.html]
[www.patlive.com/customer-support/index.html]
[www.patlive.com/referrals/index.html]
[www.patlive.com/privacy-policy/index.html]
[www.patlive.com/terms-of-use/index.html]
[wisepops.net/h/4ewdp259pZ/loader30f4.js]
[www.patlive.com/wp-content/plugins/essential-addons-for-elementor-lite/assets/front-end/js/view/general.mind1c0.js]
[www.patlive.com/wp-content/cache/min/1/wp-content/uploads/essential-addons-elementor/eael-333670455.js]
[www.patlive.com/wp-content/plugins/elementor/assets/js/webpack.runtime.min3a05.js]
[www.patlive.com/wp-content/plugins/elementor/assets/js/frontend-modules.min3a05.js]
[www.patlive.com/wp-includes/js/jquery/ui/core.minb37e.js]
[www.patlive.com/wp-content/plugins/elementor/assets/js/frontend.min3a05.js]
[www.patlive.com/wp-content/plugins/elementor/assets/lib/swiper/v8/swiper.min94a4.js]
[www.patlive.com/wp-content/plugins/elementor/assets/lib/jquery-numerator/jquery-numerator.min3958.js]
[www.patlive.com/wp-content/cache/min/1/wp-content/plugins/header-footer-elementor/inc/js/frontend0455.js]
[www.patlive.com/wp-content/plugins/elementor-pro/assets/lib/sticky/jquery.sticky.min5fc8.js]
[www.patlive.com/wp-content/plugins/elementor-pro/assets/js/webpack-pro.runtime.min5fc8.js]
[www.patlive.com/wp-includes/js/dist/hooks.min394d.js]
[www.patlive.com/wp-includes/js/dist/i18n.mineca5.js]
[www.patlive.com/wp-content/plugins/elementor-pro/assets/js/frontend.min5fc8.js]
[www.patlive.com/wp-content/plugins/elementor-pro/assets/js/elements-handlers.min5fc8.js]
[www.patlive.com/link.href, location.origin]
[www.patlive.com/index.html]
[www.patlive.com/wp-content/plugins/wp-rocket/assets/js/lazyload/17.8.3/lazyload.min.js]
[www.patlive.com/i.html]
[www.patlive.com/Firefox/index.html]
[www.patlive.com/xmlrpc.php]
[www.googletagmanager.com/gtm5445.html]
[www.patlive.com/why-patlive/i]
[www.patlive.com/wp-content/uploads/2026/08/Website-Photo-Pool78.png]
[www.patlive.com/wp-content/plugins/elementor/assets/lib/font-awesome/webfonts/fa-solid-900.eot]
[www.patlive.com/wp-content/plugins/elementor/assets/lib/font-awesome/webfonts/fa-solid-900d41d.eot]
[www.patlive.com/wp-content/plugins/elementor/assets/lib/font-awesome/webfonts/fa-solid-900.woff2]
[www.patlive.com/wp-content/plugins/elementor/assets/lib/font-awesome/webfonts/fa-solid-900.woff]
[www.patlive.com/wp-content/plugins/elementor/assets/lib/font-awesome/webfonts/fa-solid-900.ttf]
[www.patlive.com/wp-content/plugins/elementor/assets/lib/font-awesome/webfonts/fa-solid-900.svg]
[www.patlive.com/wp-json/oembed/1.0/embedda3e.json]
[www.patlive.com/why-patlive/Firefox/index.html]
[www.patlive.com/wp-json/oembed/1.0/embed730b]
[www.patlive.com/wp-json/wp/v2/pages/4025.json]
[www.patlive.com/wp-content/uploads/2026/08/Frame-100000478912.png]
[www.patlive.com/wp-content/uploads/2026/08/Website-Photo-Pool-1.png]
[www.patlive.com/wp-content/uploads/2026/08/ReceptionistLivePhoneAnswering.png]
[www.patlive.com/wp-content/uploads/2026/08/why-patlive-Image-4@2x-e1785906567108.jpg]
[www.patlive.com/why-patlive/link.href, location.origin]
[www.patlive.com/why-patlive/index.html]
[www.patlive.com/why-patlive/reviews-and-awards/i]
[www.patlive.com/wp-content/uploads/2026/05/patlive-logo.png.webp]
[www.patlive.com/wp-json/oembed/1.0/embed2c35.json]
[www.patlive.com/wp-json/oembed/1.0/embed2e64]
[www.patlive.com/why-patlive/reviews-and-awards/Firefox/index.html]
[www.patlive.com/wp-json/wp/v2/pages/2935.json]
[www.patlive.com/wp-content/uploads/2026/08/Group-10123423.png]
[www.patlive.com/wp-content/uploads/2026/05/forbes-advisor.png]
[www.patlive.com/wp-content/uploads/2026/08/business-com-logo-white.png]
[www.patlive.com/wp-content/uploads/2026/08/Management-org-Logo.svg]
[www.patlive.com/wp-content/uploads/2026/08/ceo-monthly-logo-white.png]
[www.patlive.com/wp-content/uploads/2026/08/us-news-logo-white.png]
[www.patlive.com/wp-content/uploads/2026/08/nawbo-logo-white.png]
[www.patlive.com/wp-content/uploads/2026/07/thumbnail1.jpg]
[www.patlive.com/wp-content/uploads/2026/07/thumbnail2.jpg]
[www.patlive.com/wp-content/uploads/2026/07/Roger-Ketchum-Uncropped.png]
[www.patlive.com/wp-includes/js/imagesloaded.minbb93.js]
[www.patlive.com/why-patlive/reviews-and-awards/link.href, location.origin]
[www.patlive.com/why-patlive/reviews-and-awards/index.html]
[www.patlive.com/customer-stories/i]
[www.patlive.com/wp-json/oembed/1.0/embedb117.json]
[www.patlive.com/wp-json/oembed/1.0/embedcd5a]
[www.patlive.com/customer-stories/Firefox/index.html]
[www.patlive.com/wp-json/wp/v2/pages/38876.json]
[www.patlive.com/wp-content/uploads/2026/07/HowitWorks-Header-1B-1.png]
[www.patlive.com/wp-content/uploads/2026/08/hvac-technician-case-study-1200x900-1-1024x768.png]
[www.patlive.com/wp-content/uploads/2026/08/sally-morin-law-case-study-1200x900-1-1024x768.jpg]
[www.patlive.com/wp-content/uploads/2026/08/Pink-Sponge-Car.webp]
[www.patlive.com/blog/pink-sponge-case-study/index.html]
[www.patlive.com/blog/patlive-joe-cools-hvac-case-study/index.html]
[www.patlive.com/customer-stories/link.href, location.origin]
[www.patlive.com/customer-stories/index.html]
[www.patlive.com/blog/patlive-sally-morin-law-case-study/index.html]
[www.patlive.com/why-patlive/press-news/i]
[www.patlive.com/wp-json/oembed/1.0/embedd2f1.json]
[www.patlive.com/wp-json/oembed/1.0/embed9612]
[www.patlive.com/wp-content/cache/min/1/wp-content/plugins/search-filter-pro/assets/frontend/app5718.js]
[www.patlive.com/wp-content/cache/min/1/wp-content/plugins/search-filter-elementor/assets/v3/js/frontend5718.js]
[www.patlive.com/why-patlive/press-news/Firefox/index.html]
[www.patlive.com/wp-json/wp/v2/pages/38558.json]
[www.patlive.com/wp-content/uploads/2026/04/Pictured-Duane-Gilbert-and-Jessican-Brennan2.png]
[www.patlive.com/wp-content/uploads/2025/08/PATLive-Technology-Your-Business-Is-On-The-Line-1024x576.png]
[www.patlive.com/wp-content/uploads/2025/06/Florida-Bar-Logo-1200x675-1-1024x576.png]
[www.patlive.com/wp-content/uploads/2026/08/Florida-Bar-Member-Benefits-Logo-1200x675-1-1024x576.png]
[www.patlive.com/blog/glen-davidson-legacy-award-press-release-april-2026/index.html]
[www.patlive.com/wp-content/uploads/2020/12/blog-article-How-Technology-is-Changing-Customer-Service-1-1024x576.jpg]
[www.patlive.com/wp-content/uploads/2025/04/PATLive-Logo-On-White-Background-1024x576.png]
[www.patlive.com/wp-content/uploads/2024/07/Huge-Convention-2024.jpg]
[www.patlive.com/wp-content/uploads/2024/01/PATLive-plus-jobber-for-home-service-businesses-1024x640.webp]
[www.patlive.com/blog/patlive-flex-platform-delivers-personal-touch-powered-by-smarter-technology/index.html]
[www.patlive.com/wp-content/cache/min/1/wp-content/plugins/search-filter/assets/frontend/components/combobox5718.js]
[www.patlive.com/blog/patlive-showcases-legal-focused-call-answering-solutions-at-florida-bar-annual-convention/index.html]
[www.patlive.com/blog/patlive-approved-as-florida-bar-member-benefits-provider-offering-exclusive-discount-on-virtual-receptionist-services/index.html]
[www.patlive.com/blog/patlive-unveils-live-receptionist-portal-enhancing-answering-services-with-local-insights-and-seamless-brand-representation/index.html]
[www.patlive.com/blog/press-release-vision-mission-guiding-principles/index.html]
[www.patlive.com/blog/2024-huge-convention-nashville/index.html]
[www.patlive.com/blog/patlive-adopts-32-hour-workweek/index.html]
[www.patlive.com/why-patlive/press-news/link.href, location.origin]
[www.patlive.com/why-patlive/press-news/index.html]
[www.patlive.com/blog/home-services-jobber-integration-and-summit/index.html]
[www.patlive.com/contact-us/i]
[www.patlive.com/why-patlive/press-news/2/index.html]
[www.patlive.com/wp-json/oembed/1.0/embed9b94.json]
[www.patlive.com/wp-json/oembed/1.0/embedfc73]
[www.patlive.com/wp-content/cache/min/1/wp-content/plugins/header-footer-elementor/inc/widgets-css/frontend3402.css]
[www.patlive.com/wp-content/cache/min/1/wp-includes/css/dashicons.min3402.css]
[www.patlive.com/contact-us/Firefox/index.html]
[www.patlive.com/wp-content/cache/min/1/wp-content/plugins/header-footer-elementor/assets/css/header-footer-elementor3402.css]
[www.patlive.com/wp-content/uploads/elementor/css/custom-frontend.minfbbf.css]
[www.patlive.com/wp-content/uploads/elementor/css/post-10fbbf.css]
[www.patlive.com/wp-content/plugins/elementor/assets/css/widget-heading.min3a05.css]
[www.patlive.com/wp-content/uploads/elementor/css/post-349426b05.css]
[www.patlive.com/wp-content/cache/min/1/wp-content/themes/hello-elementor/assets/css/theme3402.css]
[www.patlive.com/wp-content/plugins/essential-addons-for-elementor-lite/assets/front-end/css/view/general.mind1c0.css]
[www.patlive.com/wp-content/cache/min/1/wp-content/uploads/essential-addons-elementor/eael-123402.css]
[www.patlive.com/wp-content/uploads/elementor/css/post-1243f4.css]
[www.patlive.com/wp-content/cache/min/1/wp-content/themes/hello-elementor/assets/css/reset3402.css]
[www.patlive.com/wp-content/cache/min/1/wp-content/themes/hello-elementor/assets/css/header-footer3402.css]
[www.patlive.com/wp-content/plugins/elementor/assets/css/widget-image.min3a05.css]
[www.patlive.com/wp-content/plugins/elementor/assets/css/widget-social-icons.min3a05.css]
[www.patlive.com/wp-content/uploads/elementor/css/custom-apple-webkit.minfbbf.css]
[www.patlive.com/wp-content/uploads/elementor/css/custom-widget-icon-list.minfbbf.css]
[www.patlive.com/wp-content/uploads/elementor/css/post-24673318.css]
[www.patlive.com/wp-content/cache/min/1/wp-content/plugins/search-filter/includes/integrations/legacy/style3402.css]
[www.patlive.com/wp-content/cache/min/1/wp-content/plugins/elementor/assets/lib/eicons/css/elementor-icons.min3402.css]
[www.patlive.com/wp-content/plugins/elementor/assets/css/widget-icon-list.min44b4.css]
[www.patlive.com/wp-content/plugins/elementor/assets/css/widget-social-icons.min2401.css]
[www.patlive.com/wp-content/cache/min/1/wp-content/plugins/elementor/assets/lib/font-awesome/css/brands3402.css]
[www.patlive.com/wp-content/cache/min/1/wp-content/plugins/elementor/assets/lib/font-awesome/css/fontawesome3402.css]
[www.patlive.com/wp-content/cache/min/1/wp-content/plugins/elementor/assets/lib/font-awesome/css/solid3402.css]
[www.patlive.com/wp-content/plugins/elementor-pro/assets/css/widget-blockquote.min503b.css]
[www.patlive.com/wp-content/plugins/elementor-pro/assets/css/widget-mega-menu.min9e35.css]
[www.patlive.com/wp-content/plugins/elementor-pro/assets/css/widget-nav-menu.min42e3.css]
[www.patlive.com/wp-json/wp/v2/pages/34942.json]
[www.patlive.com/wp-content/uploads/2026/05/button-arrow-svg.svg]
[www.patlive.com/cdn-cgi/l/email-protection]
[www.patlive.com/cdn-cgi/scripts/5c5dd728/cloudflare-static/email-decode.min.js]
[www.patlive.com/wp-content/cache/min/1/MeetingsEmbed/ex/MeetingsEmbedCoded089.js]
[www.patlive.com/wp-content/uploads/elementor/css/custom-pro-widget-mega-menu.minfbbf.css]
[www.patlive.com/wp-content/plugins/elementor-pro/assets/css/modules/sticky.min5fc8.css]
[www.patlive.com/wp-content/cache/min/1/wp-content/plugins/leadin/build/elementor6ed1.css]
[www.patlive.com/wp-content/cache/min/1/wp-content/plugins/leadin/public/assets/style/leadin6ed1.css]
[www.patlive.com/wp-content/uploads/elementor/css/post-1994360f.css]
[www.patlive.com/wp-content/plugins/elementor/assets/lib/animations/styles/fadeIn.min3a05.css]
[www.patlive.com/wp-content/plugins/elementor-pro/assets/css/conditionals/popup.min5fc8.css]
[js.hsforms.net/forms/embed/v2ec77.js]
[js.hsforms.net/forms/embed/23156746ec77.js]
[www.patlive.com/contact-us/link.href, location.origin]
[www.patlive.com/contact-us/index.html]
[www.patlive.com/blog/improve-customer-service-skills/index.html]
[www.patlive.com/wp-content/uploads/2026/05/Untitled-design-27-1024x535.png]
[www.patlive.com/wp-json/oembed/1.0/embedfdb6.json]
[www.patlive.com/wp-json/oembed/1.0/embed9ae9]
[www.patlive.com/blog/Firefox/index.html]
[www.patlive.com/wp-json/wp/v2/pages/31394.json]
[www.patlive.com/wp-content/uploads/2026/04/IMG_5833-edit-scaled-1-1024x768.jpg]
[www.patlive.com/wp-content/uploads/2025/11/Prepping-for-Fall-Home-Services-1-1024x576.png]
[www.patlive.com/wp-content/uploads/2020/11/blog-article-6-Ways-to-improve-customer-service-1024x576.png]
[www.patlive.com/wp-content/uploads/2026/04/HubSpot-Email-Header-3.png]
[www.patlive.com/wp-content/uploads/2025/10/ROI-of-Great-Customer-Service-1024x576.png]
[www.patlive.com/wp-content/uploads/2025/08/Why-Law-Firms-Should-Audit-Their-Client-Communication-Strategies-Before-Q4-1024x576.png]
[www.patlive.com/wp-content/uploads/2025/08/Why-August-is-the-Best-Time-to-Start-Planning-for-Winter-HVAC-Marketing-1024x576.png]
[www.patlive.com/blog/glen-a-davidson-legacy-award-2025/index.html]
[www.patlive.com/wp-content/uploads/2025/08/How-to-Prepare-Your-Company-for-a-Busy-Fall-Season-1024x576.png]
[www.patlive.com/blog/prepping-for-fall-boost-home-service-lead-generation/index.html]
[www.patlive.com/wp-content/uploads/2024/12/Lawyers-Dont-Miss-Leads-While-Youre-on-Vacation-2_s-1024x536.jpg]
[www.patlive.com/blog/customer-service-basics-that-will-boost-your-plumbing-or-hvac-business/index.html]
[www.patlive.com/blog/why-your-law-firm-needs-a-legal-answering-service/index.html]
[www.patlive.com/blog/customer-service-roi-in-real-numbers/index.html]
[www.patlive.com/blog/hvac-winter-marketing/index.html]
[www.patlive.com/blog/how-lawyers-take-summer-vacation/index.html]
[www.patlive.com/blog/link.href, location.origin]
[www.patlive.com/blog/index.html]
[www.patlive.com/blog/audit-law-firm-client-communication-before-q4/index.html]
[www.patlive.com/blog/fall-business-planning/index.html]
[www.patlive.com/blog/hidden-cost-of-vacation-for-law-firms/index.html]
[www.patlive.com/blog/2/index.html]
[www.patlive.com/blog/3/index.html]
[www.patlive.com/resources/guides-ebooks/i]
[www.patlive.com/blog/4/index.html]
[www.patlive.com/wp-json/oembed/1.0/embed1323.json]
[www.patlive.com/blog/5/index.html]
[www.patlive.com/wp-json/oembed/1.0/embedcc0e]
[www.patlive.com/resources/guides-ebooks/Firefox/index.html]
[www.patlive.com/wp-json/wp/v2/pages/38690.json]
[www.patlive.com/wp-content/uploads/2026/07/Products-Header-1B-2.png]
[www.patlive.com/wp-content/uploads/2026/08/Designer-20-768x512.jpg]
[www.patlive.com/wp-content/uploads/2026/08/hvac-customer-service-playbook-cover-realistic-1000x665-1-768x511.png]
[www.patlive.com/wp-content/uploads/2026/08/legal-lead-quantity-quality-balance-1000x665-1-768x511.png]
[www.patlive.com/wp-content/uploads/2026/08/home-services-communications.png]
[www.patlive.com/wp-content/uploads/2026/08/Outsourcing-Legal-Webinar-PATLive-Civille.png]
[www.patlive.com/resources/guides-ebooks/regain-billable-hours/index.html]
[www.patlive.com/resources/guides-ebooks/link.href, location.origin]
[www.patlive.com/resources/guides-ebooks/index.html]
[www.patlive.com/resources/guides-ebooks/hvac-customer-service-playbook/index.html]
[www.patlive.com/resources/guides-ebooks/increase-legal-leads-without-losing-quality/index.html]
[www.patlive.com/resources/guides-ebooks/home-services-communication-toolkit/index.html]
[www.patlive.com/faqs/i]
[www.patlive.com/wp-content/uploads/2026/08/FAQ-Header-1A.png]
[www.patlive.com/wp-json/oembed/1.0/embed1423.json]
[www.patlive.com/wp-json/oembed/1.0/embed08a8]
[www.patlive.com/wp-content/cache/min/1/wp-content/uploads/essential-addons-elementor/eael-34948b153.css]
[www.patlive.com/wp-content/uploads/elementor/css/post-3494857e5.css]
[www.patlive.com/faqs/Firefox/index.html]
[www.patlive.com/wp-content/cache/min/1/wp-content/plugins/elementor/assets/lib/font-awesome/css/all.min3402.css]
[www.patlive.com/wp-content/plugins/elementor/assets/lib/font-awesome/css/v4-shims.mind1c0.css]
[www.patlive.com/wp-json/wp/v2/pages/34948.json]
[www.patlive.com/wp-content/uploads/2026/08/FAQ-Header-1B.png]
[www.patlive.com/wp-content/cache/min/1/wp-content/uploads/essential-addons-elementor/eael-34948b153.js]
[www.patlive.com/faqs/link.href, location.origin]
[www.patlive.com/faqs/index.html]
[www.patlive.com/products/i]
[www.patlive.com/wp-json/oembed/1.0/embed1b31.json]
[www.patlive.com/wp-json/oembed/1.0/embedbd6d]
[www.patlive.com/products/Firefox/index.html]
[www.patlive.com/wp-json/wp/v2/pages/3629.json]
[www.patlive.com/wp-content/uploads/2026/08/Products-Header-1A.png]
[www.patlive.com/wp-content/uploads/2026/08/Products-Header-1B2.png]
[www.patlive.com/wp-content/uploads/2026/08/Website-Photo-Pool56.png]
[www.patlive.com/wp-content/uploads/2026/08/Live-Chat3.png]
[www.patlive.com/wp-content/uploads/2026/08/Website-Photo-Pool31.png]
[www.patlive.com/products/link.href, location.origin]
[www.patlive.com/products/index.html]
[www.patlive.com/products/live-phone-answering/i]
[www.patlive.com/wp-json/oembed/1.0/embed4f04.json]
[www.patlive.com/wp-json/oembed/1.0/embedd02e]
[www.patlive.com/products/live-phone-answering/Firefox/index.html]
[www.patlive.com/wp-json/wp/v2/pages/3839.json]
[www.patlive.com/wp-content/uploads/2026/08/Frame-10000047899.png]
[www.patlive.com/wp-content/uploads/2026/07/calendlyrouting-logo.png]
[www.patlive.com/wp-content/uploads/2026/07/Salesforce-Logo-256x256-2.png]
[www.patlive.com/wp-content/uploads/2026/07/realeflows-icon.png-1.webp]
[www.patlive.com/wp-content/uploads/2026/07/podio-icon.png.webp]
[www.patlive.com/wp-content/uploads/2026/07/shopify-icon.png.webp]
[www.patlive.com/wp-content/uploads/2026/07/7.png]
[www.patlive.com/blog/comparing-in-house-vs-virtual/index.html]
[www.patlive.com/blog/a-guide-to-hiring-a-small-business-answering-service/index.html]
[www.patlive.com/blog/value-of-human-support/index.html]
[www.patlive.com/wp-content/cache/min/1/wp-content/uploads/essential-addons-elementor/eael-3839b4cd.js]
[www.patlive.com/products/live-phone-answering/link.href, location.origin]
[www.patlive.com/products/live-phone-answering/index.html]
[www.patlive.com/products/outbound-calling/i]
[www.patlive.com/wp-json/oembed/1.0/embed3f53.json]
[52.200.91.106/wp-content/uploads/2026/08/Frame-100000478910.png]
[www.patlive.com/wp-json/oembed/1.0/embed832f]
[www.patlive.com/products/outbound-calling/Firefox/index.html]
[www.patlive.com/wp-json/wp/v2/pages/34055.json]
[www.patlive.com/wp-content/uploads/2026/08/Frame-100000478910.png]
[www.patlive.com/contact-us/outbound-signup/index.html]
[www.patlive.com/wp-content/uploads/2026/07/Accordian-8-1.png]
[www.patlive.com/wp-content/uploads/2026/07/podio-icon.png-1.webp]
[www.patlive.com/wp-content/uploads/2026/07/shopify-icon.png-1.webp]
[www.patlive.com/wp-content/cache/min/1/wp-content/uploads/essential-addons-elementor/eael-34055675c.js]
[www.patlive.com/products/outbound-calling/link.href, location.origin]
[www.patlive.com/products/outbound-calling/index.html]
[www.patlive.com/products/live-chat/i]
[www.patlive.com/wp-json/oembed/1.0/embed74df.json]
[www.patlive.com/wp-json/oembed/1.0/embedfe04]
[www.patlive.com/products/live-chat/Firefox/index.html]
[www.patlive.com/wp-json/wp/v2/pages/34054.json]
[www.patlive.com/wp-content/uploads/2026/08/Frame-100000478911.png]
[www.patlive.com/wp-content/uploads/2026/08/Live-Chat-Receptionist-e1785805000153.png]
[www.patlive.com/wp-content/cache/min/1/wp-content/uploads/essential-addons-elementor/eael-340544ca5.js]
[www.patlive.com/products/live-chat/link.href, location.origin]
[www.patlive.com/products/live-chat/index.html]
[www.patlive.com/solutions/i]
[www.patlive.com/wp-json/oembed/1.0/embed029e.json]
[www.patlive.com/wp-json/oembed/1.0/embedcdf4]
[www.patlive.com/solutions/Firefox/index.html]
[www.patlive.com/wp-json/wp/v2/pages/3903.json]
[www.patlive.com/wp-content/uploads/2026/08/Products-Header-1A3.png]
[www.patlive.com/wp-content/uploads/2026/08/Products-Header-1B1.png]
[www.patlive.com/solutions/link.href, location.origin]
[www.patlive.com/solutions/index.html]
[www.patlive.com/solutions/after-hours/i]
[www.patlive.com/wp-content/uploads/2026/07/Full-Bleed_B_Right_Features_Module.jpg]
[www.patlive.com/wp-json/oembed/1.0/embed7797.json]
[www.patlive.com/wp-json/oembed/1.0/embed8e9e]
[www.patlive.com/solutions/after-hours/Firefox/index.html]
[www.patlive.com/wp-json/wp/v2/pages/3916.json]
[www.patlive.com/wp-content/uploads/2026/08/Group-101234211.png]
[www.patlive.com/wp-content/uploads/2026/08/why-patlive-Image-1@2x.jpg]
[www.patlive.com/wp-content/uploads/2026/08/Frame-101234261.png]
[www.patlive.com/wp-content/cache/min/1/wp-content/uploads/essential-addons-elementor/eael-3916f0e3.js]
[www.patlive.com/solutions/after-hours/link.href, location.origin]
[www.patlive.com/solutions/after-hours/index.html]
[www.patlive.com/solutions/appointment-scheduling/i]
[www.patlive.com/wp-json/oembed/1.0/embed79cd.json]
[www.patlive.com/wp-json/oembed/1.0/embedfd82]
[www.patlive.com/solutions/appointment-scheduling/Firefox/index.html]
[www.patlive.com/wp-json/wp/v2/pages/31248.json]
[www.patlive.com/wp-content/uploads/2026/08/appointmentSchedulingHero.png]
[www.patlive.com/wp-content/uploads/2026/08/157-1.png]
[www.patlive.com/wp-content/uploads/2026/08/AppointmentScenarios.png]
[www.patlive.com/wp-content/cache/min/1/wp-content/uploads/essential-addons-elementor/eael-31248b346.js]
[www.patlive.com/how-it-works/integrations/index97a0.html]
[www.patlive.com/solutions/appointment-scheduling/link.href, location.origin]
[www.patlive.com/solutions/appointment-scheduling/index.html]
[www.patlive.com/solutions/call-screening-transfers/i]
[www.patlive.com/wp-json/oembed/1.0/embed946b.json]
[www.patlive.com/wp-json/oembed/1.0/embed9695]
[www.patlive.com/solutions/call-screening-transfers/Firefox/index.html]
[www.patlive.com/wp-json/wp/v2/pages/34080.json]
[www.patlive.com/wp-content/uploads/2026/08/CallScreeningHero.png]
[www.patlive.com/wp-content/uploads/2026/07/Accordian-7.png]
[www.patlive.com/wp-content/uploads/2026/08/CallScreeningScenarios.png]
[www.patlive.com/wp-content/cache/min/1/wp-content/uploads/essential-addons-elementor/eael-340802fd2.js]
[www.patlive.com/solutions/call-screening-transfers/link.href, location.origin]
[www.patlive.com/solutions/call-screening-transfers/index.html]
[www.patlive.com/solutions/front-desk-receptionist/i]
[www.patlive.com/wp-json/oembed/1.0/embed6ad8.json]
[www.patlive.com/wp-json/oembed/1.0/embedbb5f]
[www.patlive.com/solutions/front-desk-receptionist/Firefox/index.html]
[www.patlive.com/wp-json/wp/v2/pages/34160.json]
[www.patlive.com/wp-content/uploads/2026/08/FrontDeskReceptionistHero.png]
[www.patlive.com/wp-content/uploads/2026/08/170-1.png]
[www.patlive.com/wp-content/uploads/2026/08/FrontDeskScenarios-1.png]
[www.patlive.com/wp-content/cache/min/1/wp-content/uploads/essential-addons-elementor/eael-341604777.js]
[www.patlive.com/solutions/front-desk-receptionist/link.href, location.origin]
[www.patlive.com/solutions/front-desk-receptionist/index.html]
[www.patlive.com/solutions/lead-capture/i]
[www.patlive.com/wp-json/oembed/1.0/embedec83.json]
[www.patlive.com/wp-json/oembed/1.0/embeda0f1]
[www.patlive.com/solutions/lead-capture/Firefox/index.html]
[www.patlive.com/wp-json/wp/v2/pages/34254.json]
[www.patlive.com/wp-content/uploads/2026/08/LeadCaptureHero-1.png]
[www.patlive.com/wp-content/uploads/2026/08/278-1.png]
[www.patlive.com/wp-content/uploads/2026/08/LeadCaptureScenarios.png]
[www.patlive.com/wp-content/cache/min/1/wp-content/uploads/essential-addons-elementor/eael-3425447be.js]
[www.patlive.com/solutions/lead-capture/link.href, location.origin]
[www.patlive.com/solutions/lead-capture/index.html]
[www.patlive.com/solutions/message-taking/i]
[www.patlive.com/wp-json/oembed/1.0/embedf026.json]
[www.patlive.com/wp-json/oembed/1.0/embed18a5]
[www.patlive.com/solutions/message-taking/Firefox/index.html]
[www.patlive.com/wp-json/wp/v2/pages/34242.json]
[www.patlive.com/wp-content/uploads/2026/08/MessageTakingHero.png]
[www.patlive.com/wp-content/uploads/2026/08/MessageTakingScenarios2.png]
[www.patlive.com/wp-content/cache/min/1/wp-content/uploads/essential-addons-elementor/eael-342421e50.js]
[www.patlive.com/solutions/message-taking/link.href, location.origin]
[www.patlive.com/solutions/message-taking/index.html]
[www.patlive.com/solutions/client-intake/i]
[www.patlive.com/wp-json/oembed/1.0/embed2f36.json]
[www.patlive.com/wp-json/oembed/1.0/embedfaa7]
[www.patlive.com/solutions/client-intake/Firefox/index.html]
[www.patlive.com/wp-json/wp/v2/pages/34173.json]
[www.patlive.com/wp-content/uploads/2026/08/ClientIntakeHero.png]
[www.patlive.com/wp-content/uploads/2026/08/image-2.png]
[www.patlive.com/wp-content/uploads/2026/08/ClientIntakeScenarios2.png]
[www.patlive.com/wp-content/cache/min/1/wp-content/uploads/essential-addons-elementor/eael-34173d091.js]
[www.patlive.com/solutions/client-intake/link.href, location.origin]
[www.patlive.com/solutions/client-intake/index.html]
[www.patlive.com/solutions/overflow/i]
[www.patlive.com/wp-json/oembed/1.0/embed36cd.json]
[www.patlive.com/wp-json/oembed/1.0/embed288c]
[www.patlive.com/solutions/overflow/Firefox/index.html]
[www.patlive.com/wp-json/wp/v2/pages/34088.json]
[www.patlive.com/wp-content/uploads/2026/08/OverflowHero.png]
[www.patlive.com/wp-content/uploads/2026/07/Accordian-3.png]
[www.patlive.com/wp-content/uploads/2026/08/OverflowScenarios.png]
[www.patlive.com/wp-content/cache/min/1/wp-content/uploads/essential-addons-elementor/eael-340889e0a.js]
[www.patlive.com/solutions/overflow/link.href, location.origin]
[www.patlive.com/solutions/overflow/index.html]
[www.patlive.com/solutions/order-processing/i]
[www.patlive.com/wp-json/oembed/1.0/embed468b.json]
[www.patlive.com/wp-json/oembed/1.0/embedc206]
[www.patlive.com/solutions/order-processing/Firefox/index.html]
[www.patlive.com/wp-json/wp/v2/pages/34201.json]
[www.patlive.com/wp-content/uploads/2026/08/EcommerceHero.png]
[www.patlive.com/wp-content/uploads/2026/08/153-1.png]
[www.patlive.com/wp-content/uploads/2026/08/EcommerceScenarios.png]
[www.patlive.com/wp-content/cache/min/1/wp-content/uploads/essential-addons-elementor/eael-342019bd7.js]
[www.patlive.com/solutions/order-processing/link.href, location.origin]
[www.patlive.com/solutions/order-processing/index.html]
[www.patlive.com/solutions/bilingual-support/i]
[www.patlive.com/wp-json/oembed/1.0/embed3a0b.json]
[www.patlive.com/wp-json/oembed/1.0/embed720b]
[www.patlive.com/solutions/bilingual-support/Firefox/index.html]
[www.patlive.com/wp-json/wp/v2/pages/34181.json]
[www.patlive.com/wp-content/uploads/2026/08/bilingualHeroEnglish.png]
[www.patlive.com/wp-content/uploads/2026/07/Preferred-access-includes.png]
[www.patlive.com/wp-content/uploads/2026/07/Accordian-2.png]
[www.patlive.com/wp-content/uploads/2026/07/11.png]
[www.patlive.com/solutions/bilingual-support-spanish/index.html]
[www.patlive.com/wp-content/cache/min/1/wp-content/uploads/essential-addons-elementor/eael-3418190b3.js]
[www.patlive.com/solutions/bilingual-support/link.href, location.origin]
[www.patlive.com/solutions/bilingual-support/index.html]
[www.patlive.com/industries/legal/i]
[www.patlive.com/wp-json/oembed/1.0/embed7829.json]
[www.patlive.com/wp-json/oembed/1.0/embed11a3]
[www.patlive.com/industries/legal/Firefox/index.html]
[www.patlive.com/wp-json/wp/v2/pages/30378.json]
[www.patlive.com/wp-content/uploads/2026/08/Industry-Legal-1-1024x739.png]
[www.patlive.com/wp-content/uploads/2026/08/Receptionist-suit-2264-x-1560-e1785775530911.jpg]
[www.patlive.com/wp-content/uploads/2026/07/Live-call-answering.png]
[www.patlive.com/wp-content/uploads/2026/07/Online-chats.png]
[www.patlive.com/wp-content/uploads/2026/07/outbound-calls.png]
[www.patlive.com/wp-content/uploads/2026/08/gavel-e1786227907754.webp]
[www.patlive.com/wp-content/uploads/2026/07/practicepanther-logo.jpg]
[www.patlive.com/wp-content/uploads/2026/07/mycase-logo.png]
[www.patlive.com/wp-content/uploads/2026/07/smokeball-logo.jpg]
[www.patlive.com/wp-content/uploads/2026/07/rocketmatter-logo.jpg]
[www.patlive.com/wp-content/uploads/2026/07/lawmatics-logo.jpg]
[www.patlive.com/wp-content/uploads/2026/07/casefox-logo.png]
[www.patlive.com/wp-content/uploads/2026/07/9.png]
[www.patlive.com/blog/common-faqs-about-legal-answering-services/index.html]
[www.patlive.com/wp-content/cache/min/1/wp-content/uploads/essential-addons-elementor/eael-30378d429.js]
[www.patlive.com/industries/legal/link.href, location.origin]
[www.patlive.com/industries/legal/index.html]
[www.patlive.com/industries/financial-answering-service/i]
[www.patlive.com/wp-json/oembed/1.0/embed128f.json]
[www.patlive.com/wp-json/oembed/1.0/embedfdf8]
[www.patlive.com/industries/financial-answering-service/Firefox/index.html]
[www.patlive.com/wp-json/wp/v2/pages/30484.json]
[www.patlive.com/wp-content/uploads/2026/08/Industry-Financial.png]
[www.patlive.com/wp-content/uploads/2026/08/188-1.png]
[www.patlive.com/wp-content/uploads/2026/08/marketing-1.png]
[www.patlive.com/wp-content/uploads/2026/07/redtail-logo.png]
[www.patlive.com/wp-content/uploads/2026/07/orion-logo.jpg]
[www.patlive.com/wp-content/uploads/2026/07/wealthbox-logo.jpg]
[www.patlive.com/wp-content/uploads/2026/07/envestnetTamarac-logo.jpg]
[www.patlive.com/wp-content/uploads/2026/07/practifi-logo.png]
[www.patlive.com/wp-content/uploads/2026/07/junxure-logo.png]
[www.patlive.com/wp-content/uploads/2026/07/4.png]
[www.patlive.com/blog/the-cost-of-missed-calls/index.html]
[www.patlive.com/wp-content/cache/min/1/wp-content/uploads/essential-addons-elementor/eael-30484bb5f.js]
[www.patlive.com/industries/financial-answering-service/link.href, location.origin]
[www.patlive.com/industries/financial-answering-service/index.html]
[www.patlive.com/industries/agencies-marketing/i]
[www.patlive.com/wp-json/oembed/1.0/embed1c8f.json]
[www.patlive.com/wp-json/oembed/1.0/embeddd7a]
[www.patlive.com/industries/agencies-marketing/Firefox/index.html]
[www.patlive.com/wp-json/wp/v2/pages/30460.json]
[www.patlive.com/wp-content/uploads/2026/08/Marketing.png]
[www.patlive.com/wp-content/uploads/2026/08/200-1.png]
[www.patlive.com/wp-content/uploads/2026/08/agencies.png]
[www.patlive.com/wp-content/uploads/2026/07/googleCalender-logo.webp]
[www.patlive.com/wp-content/uploads/2026/07/slack-logo.jpg]
[www.patlive.com/wp-content/uploads/2026/07/microsoftteams-logo.webp]
[www.patlive.com/wp-content/uploads/2026/07/asana-logo.jpg]
[www.patlive.com/wp-content/uploads/2026/07/monday.com-logo.jpg]
[www.patlive.com/wp-content/uploads/2026/07/clickup-logo.jpg]
[www.patlive.com/wp-content/uploads/2026/07/2.png]
[www.patlive.com/wp-content/cache/min/1/wp-content/uploads/essential-addons-elementor/eael-30460e445.js]
[www.patlive.com/industries/agencies-marketing/link.href, location.origin]
[www.patlive.com/industries/agencies-marketing/index.html]
[www.patlive.com/industries/ecommerce/index.html]
[www.patlive.com/industries/nonprofits/i]
[www.patlive.com/wp-json/oembed/1.0/embed13b3.json]
[www.patlive.com/wp-json/oembed/1.0/embed466f]
[www.patlive.com/industries/nonprofits/Firefox/index.html]
[www.patlive.com/wp-json/wp/v2/pages/30591.json]
[www.patlive.com/wp-content/uploads/2026/08/Industry-Nonprofit.png]
[www.patlive.com/wp-content/uploads/2026/08/121-1.png]
[www.patlive.com/wp-content/uploads/2026/07/bloomerang-logo.jpg]
[www.patlive.com/wp-content/uploads/2026/07/blackbaud-logo.jpg]
[www.patlive.com/wp-content/uploads/2026/07/donorperfect-logo.jpg]
[www.patlive.com/wp-content/uploads/2026/07/neoncrm-logo.png]
[www.patlive.com/wp-content/uploads/2026/07/classy-logo.jpg]
[www.patlive.com/wp-content/uploads/2026/07/idmamjnNJH_1785266156405.jpg]
[www.patlive.com/wp-content/uploads/2026/07/givebutter-logo.jpg]
[www.patlive.com/wp-content/uploads/2026/07/8.png]
[www.patlive.com/blog/answering-service-for-nonprofits/index.html]
[www.patlive.com/wp-content/cache/min/1/wp-content/uploads/essential-addons-elementor/eael-305914545.js]
[www.patlive.com/industries/nonprofits/link.href, location.origin]
[www.patlive.com/industries/nonprofits/index.html]
[www.patlive.com/industries/industrial-supply/i]
[www.patlive.com/wp-json/oembed/1.0/embed041d.json]
[www.patlive.com/wp-json/oembed/1.0/embed1a90]
[www.patlive.com/industries/industrial-supply/Firefox/index.html]
[www.patlive.com/wp-json/wp/v2/pages/34296.json]
[www.patlive.com/wp-content/uploads/2026/08/Industry-Industrial.png]
[www.patlive.com/wp-content/uploads/2026/08/242-1-e1786233071391.png]
[www.patlive.com/wp-content/uploads/2026/08/industrial-1.png]
[www.patlive.com/wp-content/uploads/2026/07/NetSuite_idTS9MV_0S_0.jpg]
[www.patlive.com/wp-content/uploads/2026/07/epicor-logo.jpg]
[www.patlive.com/wp-content/uploads/2026/07/microsoft-dynamics.png]
[www.patlive.com/wp-content/uploads/2026/07/fishbowl-logo.jpg]
[www.patlive.com/wp-content/uploads/2026/07/cin7-logo.jpg]
[www.patlive.com/wp-content/uploads/2026/07/servicetitan-logo.png]
[www.patlive.com/wp-content/uploads/2026/07/10.png]
[www.patlive.com/wp-content/cache/min/1/wp-content/uploads/essential-addons-elementor/eael-342962d99.js]
[www.patlive.com/industries/industrial-supply/link.href, location.origin]
[www.patlive.com/industries/industrial-supply/index.html]
[www.patlive.com/industries/it-saas-tech/i]
[www.patlive.com/wp-json/oembed/1.0/embedfb39.json]
[www.patlive.com/industries/it-saas-tech/Firefox/index.html]
[www.patlive.com/wp-json/oembed/1.0/embedd434]
[www.patlive.com/wp-json/wp/v2/pages/30552.json]
[www.patlive.com/wp-content/uploads/2026/08/Industry-IT.png]
[www.patlive.com/wp-content/uploads/2026/08/298-1-e1786233167380.png]
[www.patlive.com/wp-content/uploads/2026/08/IT-2.png]
[www.patlive.com/wp-content/uploads/2026/07/chilipiper-logo.png]
[www.patlive.com/wp-content/uploads/2026/07/zendesk-logo.png]
[www.patlive.com/wp-content/uploads/2026/07/intercom-logo.png]
[www.patlive.com/wp-content/uploads/2026/07/ido-6HVpLT_1785265549036.png]
[www.patlive.com/wp-content/cache/min/1/wp-content/uploads/essential-addons-elementor/eael-30552b6a0.js]
[www.patlive.com/industries/it-saas-tech/link.href, location.origin]
[www.patlive.com/industries/it-saas-tech/index.html]
[www.patlive.com/industries/small-business/i]
[www.patlive.com/wp-json/oembed/1.0/embed0381.json]
[www.patlive.com/wp-json/oembed/1.0/embedf2c4]
[www.patlive.com/industries/small-business/Firefox/index.html]
[www.patlive.com/wp-json/wp/v2/pages/30384.json]
[www.patlive.com/wp-content/uploads/2026/08/Industry-SmallBusiness.png]
[www.patlive.com/wp-content/uploads/2026/08/iStock-889458208-1-scaled.jpg]
[www.patlive.com/wp-content/cache/min/1/wp-content/uploads/essential-addons-elementor/eael-303843a7b.js]
[www.patlive.com/wp-content/uploads/2026/08/Website-Photo-Pool-8-1.png]
[www.patlive.com/industries/small-business/link.href, location.origin]
[www.patlive.com/industries/small-business/index.html]
[www.patlive.com/industries/medical-wellness/i]
[www.patlive.com/wp-json/oembed/1.0/embed8e7f.json]
[www.patlive.com/wp-json/oembed/1.0/embed1052]
[www.patlive.com/industries/medical-wellness/Firefox/index.html]
[www.patlive.com/wp-json/wp/v2/pages/33964.json]
[www.patlive.com/wp-content/uploads/2026/08/Industry-Medical.png]
[www.patlive.com/wp-content/uploads/2026/08/201-1.png]
[www.patlive.com/wp-content/uploads/2026/08/Website-Photo-Pool-7-1-768x1114.png]
[www.patlive.com/wp-content/uploads/2026/07/athenahealth-logo.jpg]
[www.patlive.com/wp-content/uploads/2026/07/eclinicalworks-logo.jpg]
[www.patlive.com/wp-content/uploads/2026/07/mindbody-logo.png]
[www.patlive.com/wp-content/uploads/2026/07/simplepractice-logo.png]
[www.patlive.com/wp-content/uploads/2026/07/phreesia-logo.png]
[www.patlive.com/wp-content/uploads/2026/07/klara-modmed-logo.png]
[www.patlive.com/wp-content/uploads/2026/07/intakeq-logo.png]
[www.patlive.com/wp-content/cache/min/1/wp-content/uploads/essential-addons-elementor/eael-33964e936.js]
[www.patlive.com/industries/medical-wellness/link.href, location.origin]
[www.patlive.com/industries/medical-wellness/index.html]
[www.patlive.com/industries/chiropractors/i]
[www.patlive.com/wp-json/oembed/1.0/embedd503.json]
[www.patlive.com/wp-json/oembed/1.0/embed0a4c]
[www.patlive.com/industries/chiropractors/Firefox/index.html]
[www.patlive.com/wp-json/wp/v2/pages/33938.json]
[www.patlive.com/wp-content/uploads/2026/07/Chiropractors.png]
[www.patlive.com/wp-content/uploads/2026/08/193-1.png]
[www.patlive.com/wp-content/uploads/2026/07/chirotouch-logo.jpg]
[www.patlive.com/wp-content/uploads/2026/07/janeapp-logo.jpg]
[www.patlive.com/wp-content/uploads/2026/07/eclipse-logo.jpg]
[www.patlive.com/wp-content/uploads/2026/07/12.png]
[www.patlive.com/wp-content/cache/min/1/wp-content/uploads/essential-addons-elementor/eael-3393846b8.js]
[www.patlive.com/industries/chiropractors/link.href, location.origin]
[www.patlive.com/industries/chiropractors/index.html]
[www.patlive.com/industries/real-estate/i]
[www.patlive.com/wp-json/oembed/1.0/embed747e.json]
[www.patlive.com/wp-json/oembed/1.0/embed6314]
[www.patlive.com/industries/real-estate/Firefox/index.html]
[www.patlive.com/wp-json/wp/v2/pages/34009.json]
[www.patlive.com/wp-content/uploads/2026/08/Industry-RealEstate.png]
[www.patlive.com/wp-content/uploads/2026/08/190-1.png]
[www.patlive.com/wp-content/uploads/2026/08/realEstate-1.png]
[www.patlive.com/wp-content/uploads/2026/07/followupboss-logo.jpg]
[www.patlive.com/wp-content/uploads/2026/07/boomtown-logo.jpg]
[www.patlive.com/wp-content/uploads/2026/07/kvcore-logo-1.png]
[www.patlive.com/wp-content/uploads/2026/07/outlook-logo.png]
[www.patlive.com/wp-content/uploads/2026/07/appfolio-logo.png]
[www.patlive.com/blog/answering-service-real-estate-investors/index.html]
[www.patlive.com/wp-content/cache/min/1/wp-content/uploads/essential-addons-elementor/eael-34009cc8c.js]
[www.patlive.com/blog/5-tools-real-estate-investors/index.html]
[www.patlive.com/how-it-works/integrations/indexb1ed.html]
[www.patlive.com/industries/real-estate/link.href, location.origin]
[www.patlive.com/industries/real-estate/index.html]
[www.patlive.com/industries/real-estate-investors/i]
[www.patlive.com/wp-json/oembed/1.0/embeda484.json]
[www.patlive.com/wp-json/oembed/1.0/embed2af8]
[www.patlive.com/industries/real-estate-investors/Firefox/index.html]
[www.patlive.com/wp-json/wp/v2/pages/34019.json]
[www.patlive.com/wp-content/uploads/2026/08/Industry-Investors.png]
[www.patlive.com/wp-content/uploads/2026/08/78-1.png]
[www.patlive.com/wp-content/uploads/2026/07/podio-logo.png]
[www.patlive.com/wp-content/uploads/2026/07/investorfuse-logo.png]
[www.patlive.com/wp-content/uploads/2026/07/FreedomSoft-Logo.png]
[www.patlive.com/wp-content/uploads/2026/07/propstream-logo.png]
[www.patlive.com/wp-content/uploads/2026/07/jotform-logo.png]
[www.patlive.com/wp-content/cache/min/1/wp-content/uploads/essential-addons-elementor/eael-340199e34.js]
[www.patlive.com/industries/real-estate-investors/link.href, location.origin]
[www.patlive.com/industries/real-estate-investors/index.html]
[www.patlive.com/industries/real-estate-agents/i]
[www.patlive.com/wp-json/oembed/1.0/embede445.json]
[www.patlive.com/wp-json/oembed/1.0/embed845f]
[www.patlive.com/industries/real-estate-agents/Firefox/index.html]
[www.patlive.com/wp-json/wp/v2/pages/34036.json]
[www.patlive.com/wp-content/uploads/2026/08/Industry-Agents.png]
[www.patlive.com/wp-content/uploads/2026/08/48-1-e1786234287500.png]
[www.patlive.com/wp-content/uploads/2026/07/showingtime-logo.png]
[www.patlive.com/wp-content/uploads/2026/07/3.png]
[www.patlive.com/wp-content/cache/min/1/wp-content/uploads/essential-addons-elementor/eael-3403605ca.js]
[www.patlive.com/industries/real-estate-agents/link.href, location.origin]
[www.patlive.com/industries/real-estate-agents/index.html]
[www.patlive.com/industries/title-settlement/i]
[www.patlive.com/wp-json/oembed/1.0/embedf56d.json]
[www.patlive.com/wp-json/oembed/1.0/embed2375]
[www.patlive.com/industries/title-settlement/Firefox/index.html]
[www.patlive.com/wp-json/wp/v2/pages/34028.json]
[www.patlive.com/wp-content/uploads/2026/08/Industry-Title.png]
[www.patlive.com/wp-content/uploads/2026/07/qualia-logo.png]
[www.patlive.com/wp-content/uploads/2026/07/softpro-logo.png]
[www.patlive.com/wp-content/uploads/2026/07/ramquest-logo.png.webp]
[www.patlive.com/wp-content/uploads/2026/07/ramquest-logo.png]
[www.patlive.com/wp-content/cache/min/1/wp-content/uploads/essential-addons-elementor/eael-34028ff2e.js]
[www.patlive.com/industries/title-settlement/link.href, location.origin]
[www.patlive.com/industries/title-settlement/index.html]
[www.patlive.com/industries/home-inspectors/i]
[www.patlive.com/wp-json/oembed/1.0/embed5b4b.json]
[www.patlive.com/wp-json/oembed/1.0/embed46e5]
[www.patlive.com/industries/home-inspectors/Firefox/index.html]
[www.patlive.com/wp-json/wp/v2/pages/34046.json]
[www.patlive.com/wp-content/uploads/2026/08/Industry-Inspectors.png]
[www.patlive.com/wp-content/uploads/2026/08/88-1-e1785911834419.png]
[www.patlive.com/wp-content/uploads/2026/07/spectora-logo.jpg]
[www.patlive.com/wp-content/uploads/2026/07/homegauge-logo.png]
[www.patlive.com/wp-content/uploads/2026/07/isn-logo.jpg]
[www.patlive.com/wp-content/uploads/2026/07/1.png]
[www.patlive.com/wp-content/cache/min/1/wp-content/uploads/essential-addons-elementor/eael-340462840.js]
[www.patlive.com/industries/home-inspectors/link.href, location.origin]
[www.patlive.com/industries/home-inspectors/index.html]
[www.patlive.com/industries/property-management/i]
[www.patlive.com/wp-json/oembed/1.0/embedf401.json]
[www.patlive.com/wp-json/oembed/1.0/embedbbd0]
[www.patlive.com/industries/property-management/Firefox/index.html]
[www.patlive.com/wp-json/wp/v2/pages/34041.json]
[www.patlive.com/wp-content/uploads/2026/07/Industry-Property-Managers.png]
[www.patlive.com/wp-content/uploads/2026/07/buildium-logo.png]
[www.patlive.com/wp-content/uploads/2026/07/yardi-logo.jpg]
[www.patlive.com/wp-content/uploads/2026/07/rentmanager-logo.jpg]
[www.patlive.com/wp-content/uploads/2026/07/propertyware-logo.webp]
[www.patlive.com/wp-content/cache/min/1/wp-content/uploads/essential-addons-elementor/eael-340415abe.js]
[www.patlive.com/industries/property-management/link.href, location.origin]
[www.patlive.com/industries/property-management/index.html]
[www.patlive.com/industries/home-services-trades/i]
[www.patlive.com/wp-json/oembed/1.0/embedae6a.json]
[www.patlive.com/wp-json/oembed/1.0/embed4352]
[www.patlive.com/industries/home-services-trades/Firefox/index.html]
[www.patlive.com/wp-json/wp/v2/pages/35114.json]
[www.patlive.com/wp-content/uploads/2026/08/Industry-HomeServices.png]
[www.patlive.com/wp-content/uploads/2026/08/homeServices-1.png]
[www.patlive.com/wp-content/uploads/2026/07/housecallpro-logo.jpg]
[www.patlive.com/wp-content/uploads/2026/07/servicefusion-logo.jpg]
[www.patlive.com/wp-content/uploads/2026/07/fieldedge-logo.jpg]
[www.patlive.com/wp-content/uploads/2026/07/buildertrend-logo.png]
[www.patlive.com/wp-content/uploads/2026/07/jobtread-logo.jpg]
[www.patlive.com/wp-content/uploads/2026/07/workiz-logo.jpg]
[www.patlive.com/wp-content/cache/min/1/wp-content/uploads/essential-addons-elementor/eael-35114c9e3.js]
[www.patlive.com/blog/5-signs-you-need-24-7-virtual-receptionist-for-your-business/index.html]
[www.patlive.com/industries/home-services-trades/link.href, location.origin]
[www.patlive.com/industries/home-services-trades/index.html]
[www.patlive.com/industries/plumbing/i]
[www.patlive.com/wp-json/oembed/1.0/embed8cd4.json]
[www.patlive.com/wp-json/oembed/1.0/embed44aa]
[www.patlive.com/industries/plumbing/Firefox/index.html]
[www.patlive.com/wp-json/wp/v2/pages/33974.json]
[www.patlive.com/wp-content/uploads/2026/07/Industry-Plumbing.png]
[www.patlive.com/wp-content/uploads/2026/08/276-1.png]
[www.patlive.com/wp-content/uploads/2026/07/fieldpulse-logo.jpg]
[www.patlive.com/wp-content/uploads/2026/07/kickserv-logo.jpg]
[www.patlive.com/wp-content/cache/min/1/wp-content/uploads/essential-addons-elementor/eael-3397416b6.js]
[www.patlive.com/industries/plumbing/link.href, location.origin]
[www.patlive.com/industries/plumbing/index.html]
[www.patlive.com/industries/electrician/i]
[www.patlive.com/wp-json/oembed/1.0/embed7920.json]
[www.patlive.com/wp-json/oembed/1.0/embed6251]
[www.patlive.com/industries/electrician/Firefox/index.html]
[www.patlive.com/wp-json/wp/v2/pages/33947.json]
[www.patlive.com/wp-content/uploads/2026/07/Industry-Electrical.png]
[www.patlive.com/wp-content/cache/min/1/wp-content/uploads/essential-addons-elementor/eael-33947f8e9.js]
[www.patlive.com/industries/electrician/link.href, location.origin]
[www.patlive.com/industries/electrician/index.html]
[www.patlive.com/industries/hvac/i]
[www.patlive.com/wp-json/oembed/1.0/embedaf19.json]
[www.patlive.com/wp-json/oembed/1.0/embedb4aa]
[www.patlive.com/industries/hvac/Firefox/index.html]
[www.patlive.com/wp-json/wp/v2/pages/33959.json]
[www.patlive.com/wp-content/uploads/2026/08/Industry-HVAC.png]
[www.patlive.com/wp-content/uploads/2026/07/Accordian-9-2.png]
[www.patlive.com/wp-content/cache/min/1/wp-content/uploads/essential-addons-elementor/eael-33959c16e.js]
[www.patlive.com/industries/hvac/link.href, location.origin]
[www.patlive.com/industries/hvac/index.html]
[www.patlive.com/blog/hvac-business-tips/index.html]
[www.patlive.com/industries/roofing/i]
[www.patlive.com/wp-json/oembed/1.0/embedd1e7.json]
[www.patlive.com/wp-json/oembed/1.0/embeda1c6]
[www.patlive.com/industries/roofing/Firefox/index.html]
[www.patlive.com/wp-json/wp/v2/pages/33989.json]
[www.patlive.com/wp-content/uploads/2026/08/Industry-Roofing.png]
[www.patlive.com/wp-content/uploads/2026/07/acculynx-logo.jpg]
[www.patlive.com/wp-content/cache/min/1/wp-content/uploads/essential-addons-elementor/eael-339899bd7.js]
[www.patlive.com/industries/roofing/link.href, location.origin]
[www.patlive.com/industries/roofing/index.html]
[www.patlive.com/industries/contractors/i]
[www.patlive.com/wp-json/oembed/1.0/embedd7d3.json]
[www.patlive.com/wp-json/oembed/1.0/embedacde]
[www.patlive.com/industries/contractors/Firefox/index.html]
[www.patlive.com/wp-json/wp/v2/pages/30512.json]
[www.patlive.com/wp-content/uploads/2026/08/Industry-Contractors.png]
[www.patlive.com/wp-content/uploads/2026/08/image-3.png]
[www.patlive.com/wp-content/cache/min/1/wp-content/uploads/essential-addons-elementor/eael-30512e652.js]
[www.patlive.com/industries/contractors/link.href, location.origin]
[www.patlive.com/industries/contractors/index.html]
[www.patlive.com/blog/answering-service-contractors/index.html]
[www.patlive.com/industries/construction/i]
[www.patlive.com/wp-json/oembed/1.0/embeddf8b.json]
[www.patlive.com/wp-json/oembed/1.0/embed8007]
[www.patlive.com/industries/construction/Firefox/index.html]
[www.patlive.com/wp-json/wp/v2/pages/30546.json]
[www.patlive.com/wp-content/uploads/2026/08/Industry-Construction.png]
[www.patlive.com/wp-content/uploads/2026/07/procore-logo.jpg]
[www.patlive.com/wp-content/cache/min/1/wp-content/uploads/essential-addons-elementor/eael-305469bd7.js]
[www.patlive.com/industries/construction/link.href, location.origin]
[www.patlive.com/industries/construction/index.html]
[www.patlive.com/industries/landscaping/i]
[www.patlive.com/wp-json/oembed/1.0/embed94af.json]
[www.patlive.com/wp-json/oembed/1.0/embed3549]
[www.patlive.com/industries/landscaping/Firefox/index.html]
[www.patlive.com/wp-json/wp/v2/pages/30565.json]
[www.patlive.com/wp-content/uploads/2026/07/Landscaping.png]
[www.patlive.com/wp-content/uploads/2026/07/Accordian-8-2.png]
[www.patlive.com/wp-content/uploads/2026/07/yardbook-logo.png]
[www.patlive.com/wp-content/uploads/2026/07/lawnpro-logo.jpg]
[www.patlive.com/wp-content/cache/min/1/wp-content/uploads/essential-addons-elementor/eael-30565e84d.js]
[www.patlive.com/industries/landscaping/link.href, location.origin]
[www.patlive.com/industries/landscaping/index.html]
[www.patlive.com/how-it-works/i]
[www.patlive.com/wp-content/uploads/2026/05/patlive-sign-services-scaled.jpg]
[www.patlive.com/wp-json/oembed/1.0/embeda0c5.json]
[www.patlive.com/wp-json/oembed/1.0/embedb24c]
[www.patlive.com/how-it-works/Firefox/index.html]
[www.patlive.com/wp-json/wp/v2/pages/3989.json]
[www.patlive.com/wp-content/uploads/2026/08/Products-Header-1A5.png]
[www.patlive.com/wp-content/uploads/2026/08/Products-Header-1B3.png]
[www.patlive.com/wp-content/uploads/2026/08/Youre-Always-in-Control-2.png]
[www.patlive.com/wp-content/uploads/2026/08/Get-the-Most-3.png]
[www.patlive.com/wp-content/uploads/2026/08/What-Happens-When-Someone-Calls_-1.png]
[www.patlive.com/wp-content/uploads/2026/08/What-Happens-When-Someone-Calls_-3.png]
[www.patlive.com/wp-content/uploads/2026/08/What-Happens-When-Someone-Calls_-4.png]
[www.patlive.com/wp-content/cache/min/1/wp-content/uploads/essential-addons-elementor/eael-3989f0e3.js]
[www.patlive.com/how-it-works/link.href, location.origin]
[www.patlive.com/how-it-works/index.html]
[www.patlive.com/how-it-works/virtual-receptionists/i]
[www.patlive.com/wp-content/uploads/2026/08/Website-Photo-Pool52-e1785809199966.png]
[www.patlive.com/wp-json/oembed/1.0/embed6131.json]
[www.patlive.com/wp-json/oembed/1.0/embed633e]
[www.patlive.com/how-it-works/virtual-receptionists/Firefox/index.html]
[www.patlive.com/wp-json/wp/v2/pages/34975.json]
[www.patlive.com/wp-content/uploads/2026/08/HowItWorks_Virtual-Receptionists.png]
[www.patlive.com/wp-content/uploads/2026/08/receptionistcorpo-1.png]
[www.patlive.com/wp-content/uploads/2026/07/Accordian-9-1.png]
[www.patlive.com/wp-content/uploads/2026/08/why-patlive-Image-2@2x.jpg]
[www.patlive.com/how-it-works/virtual-receptionists/link.href, location.origin]
[www.patlive.com/how-it-works/virtual-receptionists/index.html]
[www.patlive.com/how-it-works/tools-mobile-app/i]
[www.patlive.com/wp-content/uploads/2026/08/desk-1.png]
[www.patlive.com/wp-json/oembed/1.0/embedd1bd.json]
[www.patlive.com/wp-json/oembed/1.0/embedbd54]
[www.patlive.com/how-it-works/tools-mobile-app/Firefox/index.html]
[www.patlive.com/wp-json/wp/v2/pages/34962.json]
[www.patlive.com/wp-content/uploads/2026/08/tools.png]
[www.patlive.com/wp-content/uploads/2026/08/phones.png]
[www.patlive.com/how-it-works/tools-mobile-app/link.href, location.origin]
[www.patlive.com/how-it-works/tools-mobile-app/index.html]
[www.patlive.com/how-it-works/integrations/i]
[www.patlive.com/wp-json/oembed/1.0/embed72c6.json]
[www.patlive.com/wp-json/oembed/1.0/embedc564]
[www.patlive.com/how-it-works/integrations/Firefox/index.html]
[www.patlive.com/wp-json/wp/v2/pages/4093.json]
[www.patlive.com/wp-content/uploads/2026/07/appointmentplus-logo.jpg]
[www.patlive.com/wp-content/uploads/2026/07/schedulicity-logo.png]
[www.patlive.com/wp-content/uploads/2026/07/setmore-logo.jpg]
[www.patlive.com/wp-content/uploads/2026/07/agilecrm-logo.jpg]
[www.patlive.com/wp-content/uploads/2026/07/bigcommerce-logo.jpg]
[www.patlive.com/wp-content/uploads/2026/06/freshsales-logo.png]
[www.patlive.com/wp-content/cache/min/1/wp-content/plugins/search-filter/assets/frontend/components/checkbox6af2.js]
[www.patlive.com/how-it-works/integrations/link.href, location.origin]
[www.patlive.com/how-it-works/integrations/index.html]
[www.patlive.com/pricing/i]
[www.patlive.com/wp-json/oembed/1.0/embed0d4f.json]
[www.patlive.com/wp-json/oembed/1.0/embede91b]
[www.patlive.com/pricing/Firefox/index.html]
[www.patlive.com/wp-json/wp/v2/pages/40149.json]
[www.patlive.com/wp-content/cache/min/1/wp-content/uploads/essential-addons-elementor/eael-4014987fd.js]
[www.patlive.com/custom-plan/index.html]
[www.patlive.com/pricing/link.href, location.origin]
[www.patlive.com/pricing/index.html]
[www.patlive.com/enterprise/i]
[www.patlive.com/wp-json/oembed/1.0/embed4cab.json]
[www.patlive.com/wp-json/oembed/1.0/embed96b7]
[www.patlive.com/enterprise/Firefox/index.html]
[www.patlive.com/wp-json/wp/v2/pages/34920.json]
[www.patlive.com/wp-content/uploads/2026/07/Products-Header-1A-1.png]
[www.patlive.com/wp-content/uploads/2026/08/board-room.png]
[www.patlive.com/wp-content/uploads/2026/08/handshake-1.png]
[www.patlive.com/wp-content/cache/min/1/wp-content/uploads/essential-addons-elementor/eael-349205ecb.js]
[www.patlive.com/enterprise/inquire/index.html]
[www.patlive.com/enterprise/link.href, location.origin]
[www.patlive.com/enterprise/index.html]
[www.patlive.com/patlive-advantage/index.html]
[www.patlive.com/press-news/i]
[www.patlive.com/wp-json/oembed/1.0/embedcfcb.json]
[www.patlive.com/wp-json/oembed/1.0/embed25f7]
[www.patlive.com/press-news/Firefox/index.html]
[www.patlive.com/wp-json/wp/v2/pages/34933.json]
[www.patlive.com/press-news/link.href, location.origin]
[www.patlive.com/press-news/index.html]
[www.patlive.com/resources/i]
[www.patlive.com/wp-json/oembed/1.0/embedc53c.json]
[www.patlive.com/wp-json/oembed/1.0/embed49eb]
[www.patlive.com/resources/Firefox/index.html]
[www.patlive.com/wp-json/wp/v2/pages/34944.json]
[www.patlive.com/resources/link.href, location.origin]
[www.patlive.com/resources/index.html]
[www.patlive.com/industries/index.html]
[www.patlive.com/solutions/home-inspectors/index.html]
[www.patlive.com/affiliates/nonprofits/i]
[www.patlive.com/affiliates/nonprofits/index.html]
[www.patlive.com/contact-us/schedule-consultation/i]
[www.patlive.com/affiliates/nonprofits/Firefox/index.html]
[www.patlive.com/wp-json/oembed/1.0/embed29ae.json]
[www.patlive.com/wp-json/oembed/1.0/embed7646]
[www.patlive.com/contact-us/schedule-consultation/Firefox/index.html]
[www.patlive.com/wp-json/wp/v2/pages/37013.json]
[www.patlive.com/contact-us/schedule-consultation/link.href, location.origin]
[www.patlive.com/contact-us/schedule-consultation/index.html]
[www.patlive.com/contact-us/request-a-call/index.html]
[www.patlive.com/affiliate-signup/i]
[www.patlive.com/wp-json/oembed/1.0/embed8ba4.json]
[www.patlive.com/wp-json/oembed/1.0/embed18b9]
[www.patlive.com/affiliate-signup/Firefox/index.html]
[www.patlive.com/wp-json/wp/v2/pages/36351.json]
[www.patlive.com/affiliate-signup/link.href, location.origin]
[www.patlive.com/affiliate-signup/index.html]
[www.patlive.com/customer-support/i]
[www.patlive.com/wp-json/oembed/1.0/embed6992.json]
[www.patlive.com/wp-json/oembed/1.0/embedb8be]
[www.patlive.com/customer-support/Firefox/index.html]
[www.patlive.com/wp-json/wp/v2/pages/37529.json]
[www.patlive.com/wp-content/uploads/2026/07/After-Hours.png]
[www.patlive.com/wp-content/uploads/2026/07/Appointment-Scheduling.png]
[www.patlive.com/customer-support/link.href, location.origin]
[www.patlive.com/customer-support/index.html]
[www.patlive.com/referrals/i]
[www.patlive.com/wp-json/oembed/1.0/embedaae3.json]
[www.patlive.com/wp-json/oembed/1.0/embed5744]
[www.patlive.com/referrals/Firefox/index.html]
[www.patlive.com/wp-json/wp/v2/pages/37580.json]
[www.patlive.com/wp-content/uploads/2026/07/Thank-You-For-Choosing-PATLive.png]
[www.patlive.com/wp-content/uploads/2026/08/cropped-receptionist-front-scaled.jpg]
[www.patlive.com/wp-content/uploads/2026/08/Designer-21-e1786335883728.png]
[www.patlive.com/wp-content/cache/min/1/wp-content/uploads/essential-addons-elementor/eael-375805f3a.js]
[www.patlive.com/referral-signup/index.html]
[www.patlive.com/referrals/link.href, location.origin]
[www.patlive.com/referrals/index.html]
[www.patlive.com/why-partner/index.html]
[www.patlive.com/privacy-policy/i]
[www.patlive.com/wp-json/oembed/1.0/embed822b.json]
[www.patlive.com/wp-json/oembed/1.0/embed726f]
[www.patlive.com/privacy-policy/Firefox/index.html]
[www.patlive.com/wp-json/wp/v2/pages/3.json]
[www.patlive.com/privacy-policy/link.href, location.origin]
[www.patlive.com/privacy-policy/index.html]
[www.patlive.com/terms-of-use/i]
[www.patlive.com/wp-json/oembed/1.0/embed1f8b.json]
[www.patlive.com/wp-json/oembed/1.0/embed5433]
[www.patlive.com/terms-of-use/Firefox/index.html]
[www.patlive.com/wp-json/wp/v2/pages/35009.json]
[www.patlive.com/legal/privacy-policy]
[www.patlive.com/terms-of-use/link.href, location.origin]
[www.patlive.com/terms-of-use/index.html]
[www.patlive.com/wp-content/uploads/essential-addons-elementor/eael-12d622.js]
[www.patlive.com/link.href, location.html]
[www.patlive.com/why-patlive/i.html]
[www.patlive.com/why-patlive/Firefox/index.html]
[www.patlive.com/wp-content/plugins/elementor/assets/lib/font-awesome/webfonts/fa-solid-900.svg]
[www.patlive.com/index057d.html]
[www.patlive.com/wp-content/uploads/essential-addons-elementor/eael-12a239.js]
[www.patlive.com/why-patlive/link.href, location.html]
[www.patlive.com/why-patlive/reviews-and-awards/i.html]
[www.patlive.com/why-patlive/reviews-and-awards/Firefox/index.html]
[www.patlive.com/index650d.html]
[www.patlive.com/wp-content/uploads/2026/08/Management-org-Logo.svg]
[www.patlive.com/wp-content/uploads/essential-addons-elementor/eael-2935c104.js]
[www.patlive.com/wp-content/uploads/essential-addons-elementor/eael-12c104.js]
[www.patlive.com/why-patlive/reviews-and-awards/link.href, location.html]
[www.patlive.com/customer-stories/i.html]
[www.patlive.com/customer-stories/Firefox/index.html]
[www.patlive.com/indexb3d1.html]
[www.patlive.com/wp-json/oembed/1.0/embed90bd.json]
[www.patlive.com/wp-json/oembed/1.0/embed586b]
[www.patlive.com/blog/patlive-joe-cools-hvac-case-study/Firefox/index.html]
[www.patlive.com/wp-json/wp/v2/posts/38972.json]
[www.patlive.com/wp-content/uploads/2026/08/hvac-technician-case-study-1200x900-1.png]
[www.patlive.com/wp-content/uploads/2026/08/Joe-Cools-HVAC-clean-blog-featured-1600x900-1-300x169.png]
[www.patlive.com/blog/patlive-joe-cools-hvac-case-study/link.href, location.origin]
[www.patlive.com/blog/patlive-joe-cools-hvac-case-study/index.html]
[www.patlive.com/wp-json/oembed/1.0/embedc1bb.json]
[www.patlive.com/wp-json/oembed/1.0/embed786c]
[www.patlive.com/blog/patlive-sally-morin-law-case-study/Firefox/index.html]
[www.patlive.com/wp-json/wp/v2/posts/38957.json]
[www.patlive.com/wp-content/uploads/2026/08/sally-morin-law-case-study-1200x900-1.jpg]
[www.patlive.com/wp-content/uploads/2026/08/Sally-Morin-Personal-Injury-Attorneys-300x113.jpg]
[www.patlive.com/blog/patlive-sally-morin-law-case-study/link.href, location.origin]
[www.patlive.com/blog/patlive-sally-morin-law-case-study/index.html]
[www.patlive.com/wp-json/oembed/1.0/embedffcf.json]
[www.patlive.com/wp-json/oembed/1.0/embed9c18]
[www.patlive.com/blog/pink-sponge-case-study/Firefox/index.html]
[www.patlive.com/wp-json/wp/v2/posts/38923.json]
[www.patlive.com/wp-content/uploads/2026/08/Jennifer-Ahlgrim-Pink-Sponge-300x232.png]
[www.patlive.com/blog/pink-sponge-case-study/link.href, location.origin]
[www.patlive.com/blog/pink-sponge-case-study/index.html]
[www.patlive.com/wp-content/uploads/essential-addons-elementor/eael-12b123.js]
[www.patlive.com/customer-stories/link.href, location.html]
[www.patlive.com/why-patlive/press-news/i.html]
[www.patlive.com/why-patlive/press-news/Firefox/index.html]
[www.patlive.com/index9752.html]
[www.patlive.com/wp-json/oembed/1.0/embed38ed.json]
[www.patlive.com/wp-json/oembed/1.0/embed6e7e]
[www.patlive.com/wp-includes/css/dist/block-library/style.min40dd.css]
[www.patlive.com/wp-content/plugins/elementor-pro/assets/css/widget-post-info.min5fc8.css]
[www.patlive.com/wp-content/plugins/elementor-pro/assets/css/widget-table-of-contents.min5fc8.css]
[www.patlive.com/wp-content/plugins/elementor-pro/assets/css/widget-share-buttons.min5fc8.css]
[www.patlive.com/blog/glen-davidson-legacy-award-press-release-april-2026/Firefox/index.html]
[www.patlive.com/wp-content/plugins/elementor-pro/assets/css/widget-author-box.min5fc8.css]
[www.patlive.com/wp-content/plugins/elementor-pro/assets/css/widget-loop-common.min5fc8.css]
[www.patlive.com/wp-content/uploads/elementor/css/custom-pro-widget-loop-grid.minfbbf.css]
[www.patlive.com/wp-content/uploads/elementor/css/post-29654ce05.css]
[www.patlive.com/wp-json/wp/v2/posts/29654.json]
[www.patlive.com/blog/author/emily-abellerapatlive-com/index.html]
[www.patlive.com/wp-content/uploads/2026/07/Emily-150x150-1.png]
[www.patlive.com/blog/glen-davidson-legacy-award-press-release-april-2026/link.href, location.origin]
[www.patlive.com/blog/glen-davidson-legacy-award-press-release-april-2026/index.html]
[www.patlive.com/wp-content/plugins/wp-rocket/assets/js/wpr-beacon.min.js]
[www.patlive.com/wp-json/oembed/1.0/embedb4ac.json]
[www.patlive.com/wp-json/oembed/1.0/embed600f]
[www.patlive.com/blog/patlive-flex-platform-delivers-personal-touch-powered-by-smarter-technology/Firefox/index.html]
[www.patlive.com/wp-json/wp/v2/posts/27747.json]
[www.patlive.com/wp-content/uploads/2025/08/PATLive-Technology-Your-Business-Is-On-The-Line.png]
[www.patlive.com/platform-features/patlive-flex0ae1]
[www.patlive.com/blog/patlive-flex-platform-delivers-personal-touch-powered-by-smarter-technology/link.href, location.origin]
[www.patlive.com/blog/patlive-flex-platform-delivers-personal-touch-powered-by-smarter-technology/index.html]
[www.patlive.com/wp-json/oembed/1.0/embedd7c9.json]
[www.patlive.com/wp-json/oembed/1.0/embede2ca]
[www.patlive.com/blog/patlive-showcases-legal-focused-call-answering-solutions-at-florida-bar-annual-convention/Firefox/index.html]
[www.patlive.com/wp-json/wp/v2/posts/27749.json]
[www.patlive.com/wp-content/uploads/2025/06/Florida-Bar-Logo-1200x675-1.png]
[www.patlive.com/blog/patlive-showcases-legal-focused-call-answering-solutions-at-florida-bar-annual-convention/link.href, location.origin]
[www.patlive.com/blog/patlive-showcases-legal-focused-call-answering-solutions-at-florida-bar-annual-convention/index.html]
[www.patlive.com/wp-json/oembed/1.0/embed411d.json]
[www.patlive.com/wp-json/oembed/1.0/embed6fbe]
[www.patlive.com/blog/patlive-approved-as-florida-bar-member-benefits-provider-offering-exclusive-discount-on-virtual-receptionist-services/Firefox/index.html]
[www.patlive.com/wp-json/wp/v2/posts/27751.json]
[www.patlive.com/wp-content/uploads/2026/08/Florida-Bar-Member-Benefits-Logo-1200x675-1.png]
[www.patlive.com/blog/patlive-approved-as-florida-bar-member-benefits-provider-offering-exclusive-discount-on-virtual-receptionist-services/link.href, location.origin]
[www.patlive.com/blog/patlive-approved-as-florida-bar-member-benefits-provider-offering-exclusive-discount-on-virtual-receptionist-services/index.html]
[www.patlive.com/wp-content/uploads/2020/12/blog-article-How-Technology-is-Changing-Customer-Service-1.jpg]
[www.patlive.com/wp-json/oembed/1.0/embed1d4e.json]
[www.patlive.com/wp-json/oembed/1.0/embed11a9]
[www.patlive.com/blog/patlive-unveils-live-receptionist-portal-enhancing-answering-services-with-local-insights-and-seamless-brand-representation/Firefox/index.html]
[www.patlive.com/wp-json/wp/v2/posts/27753.json]
[www.patlive.com/blog/patlive-unveils-live-receptionist-portal-enhancing-answering-services-with-local-insights-and-seamless-brand-representation/link.href, location.origin]
[www.patlive.com/blog/patlive-unveils-live-receptionist-portal-enhancing-answering-services-with-local-insights-and-seamless-brand-representation/index.html]
[www.patlive.com/wp-content/uploads/2025/04/PATLive-Logo-On-White-Background.png]
[www.patlive.com/wp-json/oembed/1.0/embedb080.json]
[www.patlive.com/wp-json/oembed/1.0/embed22f8]
[www.patlive.com/wp-content/uploads/elementor/css/post-25477a983.css]
[www.patlive.com/blog/press-release-vision-mission-guiding-principles/Firefox/index.html]
[www.patlive.com/wp-json/wp/v2/posts/25477.json]
[www.patlive.com/blog/author/james-collierpatlive-com/index.html]
[www.patlive.com/companyf8a7]
[www.patlive.com/wp-content/uploads/2026/08/Jamie-Collier-Headshot-2026.png]
[www.patlive.com/indexf8a7.html]
[www.patlive.com/blog/press-release-vision-mission-guiding-principles/link.href, location.origin]
[www.patlive.com/blog/press-release-vision-mission-guiding-principles/index.html]
[www.patlive.com/wp-json/oembed/1.0/embed4204.json]
[www.patlive.com/wp-json/oembed/1.0/embed8c5e]
[www.patlive.com/blog/2024-huge-convention-nashville/Firefox/index.html]
[www.patlive.com/wp-json/wp/v2/posts/25377.json]
[www.patlive.com/indexb905.html]
[www.patlive.com/virtual-receptionistsb905]
[www.patlive.com/services/phone-answering-serviceb905]
[www.patlive.com/start-free-trial/indexb905.html]
[www.patlive.com/blog/2024-huge-convention-nashville/link.href, location.origin]
[www.patlive.com/blog/2024-huge-convention-nashville/index.html]
[www.patlive.com/wp-json/oembed/1.0/embed19d2.json]
[www.patlive.com/wp-json/oembed/1.0/embedfae7]
[www.patlive.com/blog/patlive-adopts-32-hour-workweek/Firefox/index.html]
[www.patlive.com/wp-json/wp/v2/posts/25262.json]
[www.patlive.com/blog/patlive-adopts-32-hour-workweek/link.href, location.origin]
[www.patlive.com/blog/patlive-adopts-32-hour-workweek/index.html]
[www.patlive.com/blog/tag/85/index.html]
[www.patlive.com/wp-content/uploads/2024/01/PATLive-plus-jobber-for-home-service-businesses.webp]
[www.patlive.com/wp-json/oembed/1.0/embedeb5e.json]
[www.patlive.com/wp-json/oembed/1.0/embed3409]
[www.patlive.com/blog/home-services-jobber-integration-and-summit/Firefox/index.html]
[www.patlive.com/wp-json/wp/v2/posts/24070.json]
[www.patlive.com/blog/home-services-jobber-integration-and-summit/link.href, location.origin]
[www.patlive.com/blog/home-services-jobber-integration-and-summit/index.html]
[www.patlive.com/blog/jobber-integration-home-service-businesses/index4892.html]
[www.patlive.com/wp-content/plugins/header-footer-elementor/inc/widgets-css/frontendab7d.css]
[www.patlive.com/wp-includes/css/dashicons.min40dd.css]
[www.patlive.com/wp-content/plugins/header-footer-elementor/assets/css/header-footer-elementorab7d.css]
[www.patlive.com/wp-content/plugins/search-filter-pro/assets/frontend/app40dd.css]
[www.patlive.com/wp-content/uploads/elementor/css/post-38558bbbe.css]
[www.patlive.com/wp-content/themes/hello-elementor/assets/css/themea7da.css]
[www.patlive.com/wp-content/uploads/essential-addons-elementor/eael-12160a.css]
[www.patlive.com/wp-content/themes/hello-elementor/assets/css/reseta7da.css]
[www.patlive.com/wp-content/themes/hello-elementor/assets/css/header-footera7da.css]
[www.patlive.com/wp-content/plugins/search-filter/includes/integrations/legacy/style5152.css]
[www.patlive.com/wp-content/plugins/elementor/assets/lib/eicons/css/elementor-icons.min705c.css]
[www.patlive.com/wp-content/plugins/elementor/assets/lib/font-awesome/css/brands52d5.css]
[www.patlive.com/wp-content/plugins/elementor/assets/lib/font-awesome/css/fontawesome52d5.css]
[www.patlive.com/wp-content/plugins/elementor/assets/lib/font-awesome/css/solid52d5.css]
[www.patlive.com/wp-content/plugins/search-filter-pro/assets/frontend/app2d39.js]
[www.patlive.com/wp-content/plugins/search-filter-elementor/assets/v3/js/frontend370e.js]
[widget.trustpilot.com/bootstrap/v5/tp.widget.bootstrap.min.js]
[www.patlive.com/wp-content/uploads/2024/07/JackieGonzalez.png]
[www.patlive.com/wp-content/uploads/search-filter/style2fd4.css]
[www.patlive.com/wp-content/plugins/search-filter/assets/frontend/components/combobox40dd.css]
[js.hs-scripts.com/23156746fd1c.js]
[www.patlive.com/wp-content/themes/hello-elementor/assets/js/hello-frontenda7da.js]
[www.patlive.com/wp-content/plugins/header-footer-elementor/inc/js/frontendab7d.js]
[www.patlive.com/wp-content/plugins/search-filter/assets/frontend/components/combobox976e.js]
[www.patlive.com/why-patlive/press-news/2/link.href, location.origin]
[www.patlive.com/why-patlive/press-news/2/index.html]
[www.patlive.com/wp-content/uploads/essential-addons-elementor/eael-12160a.js]
[www.patlive.com/why-patlive/press-news/link.href, location.html]
[www.patlive.com/contact-us/i.html]
[www.patlive.com/contact-us/Firefox/index.html]
[www.patlive.com/wp-content/cache/min/1/wp-content/plugins/header-footer-elementor/inc/widgets-css/frontend3402.css]
[www.patlive.com/blog/patlive-appoints-jackie-gonzalez-as-its-first-female-ceo/index.html]
[www.patlive.com/wp-content/cache/min/1/wp-includes/css/dashicons.min3402.css]
[www.patlive.com/wp-content/cache/min/1/wp-content/plugins/header-footer-elementor/assets/css/header-footer-elementor3402.css]
[www.patlive.com/wp-content/uploads/elementor/css/custom-frontend.minfbbf.css]
[www.patlive.com/wp-content/uploads/elementor/css/post-10fbbf.css]
[www.patlive.com/wp-content/plugins/elementor/assets/css/widget-heading.min3a05.css]
[www.patlive.com/wp-content/uploads/elementor/css/post-349426b05.css]
[www.patlive.com/wp-content/cache/min/1/wp-content/themes/hello-elementor/assets/css/theme3402.css]
[www.patlive.com/wp-content/plugins/essential-addons-for-elementor-lite/assets/front-end/css/view/general.mind1c0.css]
[www.patlive.com/wp-content/cache/min/1/wp-content/uploads/essential-addons-elementor/eael-123402.css]
[www.patlive.com/wp-content/uploads/elementor/css/post-1243f4.css]
[www.patlive.com/wp-content/cache/min/1/wp-content/themes/hello-elementor/assets/css/reset3402.css]
[www.patlive.com/wp-content/cache/min/1/wp-content/themes/hello-elementor/assets/css/header-footer3402.css]
[www.patlive.com/wp-content/plugins/elementor/assets/css/widget-image.min3a05.css]
[www.patlive.com/wp-content/plugins/elementor/assets/css/widget-social-icons.min3a05.css]
[www.patlive.com/wp-content/uploads/elementor/css/custom-apple-webkit.minfbbf.css]
[www.patlive.com/wp-content/uploads/elementor/css/custom-widget-icon-list.minfbbf.css]
[www.patlive.com/wp-content/uploads/elementor/css/post-24673318.css]
[www.patlive.com/wp-content/cache/min/1/wp-content/plugins/search-filter/includes/integrations/legacy/style3402.css]
[www.patlive.com/wp-includes/fonts/dashicons7d4b.eot]
[www.patlive.com/wp-content/plugins/elementor/assets/lib/eicons/fonts/eiconsa9b1.eot]
[www.patlive.com/wp-content/plugins/elementor/assets/lib/eicons/fonts/eiconsa9b1.woff2]
[www.patlive.com/wp-content/plugins/elementor/assets/lib/eicons/fonts/eiconsa9b1.woff]
[www.patlive.com/wp-content/plugins/elementor/assets/lib/eicons/fonts/eiconsa9b1.ttf]
[www.patlive.com/wp-content/cache/min/1/wp-content/plugins/elementor/assets/lib/eicons/css/elementor-icons.min3402.css]
[www.patlive.com/wp-content/plugins/elementor/assets/css/widget-icon-list.min44b4.css]
[www.patlive.com/wp-content/plugins/elementor/assets/css/widget-social-icons.min2401.css]
[www.patlive.com/wp-content/plugins/elementor/assets/lib/eicons/fonts/eiconsa9b1.svg]
[www.patlive.com/wp-content/plugins/elementor/assets/lib/font-awesome/webfonts/fa-brands-400.eot]
[www.patlive.com/wp-content/plugins/elementor/assets/lib/font-awesome/webfonts/fa-brands-400d41d.eot]
[www.patlive.com/wp-content/plugins/elementor/assets/lib/font-awesome/webfonts/fa-brands-400.woff2]
[www.patlive.com/wp-content/plugins/elementor/assets/lib/font-awesome/webfonts/fa-brands-400.woff]
[www.patlive.com/wp-content/plugins/elementor/assets/lib/font-awesome/webfonts/fa-brands-400.ttf]
[www.patlive.com/wp-content/cache/min/1/wp-content/plugins/elementor/assets/lib/font-awesome/css/brands3402.css]
[www.patlive.com/wp-content/cache/min/1/wp-content/plugins/elementor/assets/lib/font-awesome/css/fontawesome3402.css]
[www.patlive.com/wp-content/cache/min/1/wp-content/plugins/elementor/assets/lib/font-awesome/css/solid3402.css]
[www.patlive.com/wp-content/plugins/elementor-pro/assets/css/widget-blockquote.min503b.css]
[www.patlive.com/wp-content/plugins/elementor-pro/assets/css/widget-mega-menu.min9e35.css]
[www.patlive.com/wp-content/plugins/elementor-pro/assets/css/widget-nav-menu.min42e3.css]
[www.patlive.com/index3f41.html]
[www.patlive.com/wp-content/uploads/2026/05/button-arrow-svg.svg]
[www.patlive.com/cdn-cgi/l/email-protection.html]
[www.patlive.com/wp-content/uploads/elementor/css/custom-pro-widget-mega-menu.minfbbf.css]
[www.patlive.com/wp-content/plugins/elementor-pro/assets/css/modules/sticky.min5fc8.css]
[www.patlive.com/wp-content/cache/min/1/wp-content/plugins/leadin/build/elementor6ed1.css]
[www.patlive.com/wp-content/plugins/elementor/assets/lib/font-awesome/webfonts/fa-brands-400.svg]
[www.patlive.com/wp-content/plugins/leadin/public/assets/style/fonts/hs-font.woff]
[www.patlive.com/wp-content/plugins/leadin/public/assets/style/fonts/hs-font.svg]
[www.patlive.com/wp-content/plugins/leadin/public/assets/style/fonts/LexendDeca-Light.woff2]
[www.patlive.com/wp-content/plugins/leadin/public/assets/style/fonts/LexendDeca-Medium.woff2]
[www.patlive.com/wp-content/plugins/leadin/public/assets/style/fonts/LexendDeca-SemiBold.woff2]
[www.patlive.com/wp-content/plugins/leadin/public/assets/style/fonts/LexendDeca-Bold.woff2]
[www.patlive.com/wp-content/plugins/leadin/public/assets/images/external_link.svg]
[www.patlive.com/wp-content/plugins/leadin/public/assets/images/hubspot.svg]
[www.patlive.com/wp-content/cache/min/1/wp-content/plugins/leadin/public/assets/style/leadin6ed1.css]
[www.patlive.com/wp-content/uploads/elementor/css/post-1994360f.css]
[www.patlive.com/wp-content/plugins/elementor/assets/lib/animations/styles/fadeIn.min3a05.css]
[www.patlive.com/wp-content/plugins/elementor-pro/assets/css/conditionals/popup.min5fc8.css]
[www.patlive.com/wp-content/uploads/essential-addons-elementor/eael-121212.js]
[www.patlive.com/contact-us/link.href, location.html]
[www.patlive.com/wp-json/oembed/1.0/embede151.json]
[www.patlive.com/wp-json/oembed/1.0/embed2037]
[www.patlive.com/blog/improve-customer-service-skills/Firefox/index.html]
[www.patlive.com/wp-json/wp/v2/posts/5659.json]
[www.patlive.com/wp-content/uploads/2020/05/How-to-Improve-Customer-Service-Skills.jpg]
[www.patlive.com/blog/author/patlive/index.html]
[www.patlive.com/blog/personalize-customer-service-small-business/index.html]
[www.patlive.com/wp-content/uploads/2026/07/PATLive-Logo-150x150-1.png]
[www.patlive.com/wp-content/uploads/2025/02/Putting-the-service-back-in-customer-service-how-an-answering-service-can-help-scaled-1-1024x683.jpg]
[www.patlive.com/wp-content/uploads/2023/08/HVAC-Contractor-At-Work.jpg]
[www.patlive.com/blog/unlock-hvac-business-potential-free-ebook/index.html]
[www.patlive.com/blog/tag/nd/index.html]
[www.patlive.com/blog/5-customer-service-skills/index.html]
[www.patlive.com/blog/improve-customer-service-skills/link.href, location.origin]
[www.patlive.com/blog/improve-customer-service-skills/index.html]
[www.patlive.com/blog/Firefox/index.html]
[www.patlive.com/index674c.html]
[www.patlive.com/blog/putting-the-service-back-in-customer-service-how-an-answering-service-can-help/index.html]
[www.patlive.com/wp-content/uploads/2026/05/Untitled-design-27.png]
[www.patlive.com/wp-json/oembed/1.0/embed4b57.json]
[www.patlive.com/wp-json/oembed/1.0/embed7887]
[www.patlive.com/blog/how-lawyers-take-summer-vacation/Firefox/index.html]
[www.patlive.com/wp-json/wp/v2/posts/29699.json]
[www.patlive.com/blog/free-ebook-outsourcing-for-law-firms/index.html]
[www.patlive.com/blog/how-lawyers-take-summer-vacation/link.href, location.origin]
[www.patlive.com/blog/how-lawyers-take-summer-vacation/index.html]
[www.patlive.com/wp-content/uploads/2026/04/IMG_5833-edit-scaled-1.jpg]
[www.patlive.com/wp-json/oembed/1.0/embed8321.json]
[www.patlive.com/wp-json/oembed/1.0/embed5e02]
[www.patlive.com/blog/glen-a-davidson-legacy-award-2025/Firefox/index.html]
[www.patlive.com/wp-json/wp/v2/posts/29619.json]
[www.patlive.com/wp-content/uploads/2026/04/1.png]
[www.patlive.com/wp-content/uploads/2026/04/3.png]
[www.patlive.com/products/signature-service/index.html]
[www.patlive.com/wp-content/uploads/2026/04/2.png]
[www.patlive.com/platform-features/patlive-flex]
[www.patlive.com/wp-content/uploads/2026/04/4.png]
[www.patlive.com/blog/help-center/index.html]
[www.patlive.com/blog/glen-a-davidson-legacy-award-2025/link.href, location.origin]
[www.patlive.com/blog/glen-a-davidson-legacy-award-2025/index.html]
[www.patlive.com/wp-content/uploads/2025/11/Prepping-for-Fall-Home-Services-1.png]
[www.patlive.com/wp-json/oembed/1.0/embeda318.json]
[www.patlive.com/wp-json/oembed/1.0/embedc0b9]
[www.patlive.com/wp-content/uploads/elementor/css/post-285711c30.css]
[www.patlive.com/blog/prepping-for-fall-boost-home-service-lead-generation/Firefox/index.html]
[www.patlive.com/wp-json/wp/v2/posts/28571.json]
[www.patlive.com/blog/prepping-for-fall-boost-home-service-lead-generation/link.href, location.origin]
[www.patlive.com/blog/prepping-for-fall-boost-home-service-lead-generation/index.html]
[www.patlive.com/wp-content/uploads/2023/07/Customer-Service-Basics-That-Will-Boost-Your-Plumbing-or-HVAC-Business-791x1024.png]
[www.patlive.com/wp-json/oembed/1.0/embed943d.json]
[www.patlive.com/wp-json/oembed/1.0/embed3b6a]
[www.patlive.com/blog/customer-service-basics-that-will-boost-your-plumbing-or-hvac-business/Firefox/index.html]
[www.patlive.com/wp-json/wp/v2/posts/21189.json]
[www.patlive.com/wp-content/uploads/2020/11/blog-article-6-Ways-to-improve-customer-service.png]
[www.patlive.com/wp-content/uploads/2023/07/Contractor-Graphic.png]
[www.patlive.com/wp-content/uploads/2023/07/Social-1.png]
[www.patlive.com/wp-content/uploads/2023/07/Expectations-of-Customer-Service-843x1024.png]
[www.patlive.com/wp-content/uploads/2023/01/incredible-culture-that-callers-can-hear-995x1024.jpg]
[www.patlive.com/wp-content/uploads/2023/07/Personal-Reccomendations-835x1024.png]
[www.patlive.com/wp-content/uploads/2023/07/People-in-boxes-list.png]
[www.patlive.com/wp-content/uploads/2023/07/Online-Reviews.png]
[www.patlive.com/wp-content/uploads/2023/07/Online-Media.png]
[www.patlive.com/wp-content/uploads/2022/09/stop_worrying.png]
[www.patlive.com/wp-content/uploads/2023/03/Screenshot-2023-03-22-at-11.48.52-PM.png]
[www.patlive.com/wp-content/uploads/2023/07/Social-2.png]
[www.patlive.com/wp-content/uploads/2023/07/email.png]
[www.patlive.com/wp-content/uploads/2023/07/Phone-icon.png]
[www.patlive.com/wp-content/uploads/2023/07/Calling-On-The-Phone-839x1024.png]
[www.patlive.com/wp-content/uploads/2023/07/Call-Center-Representative.png]
[www.patlive.com/wp-content/uploads/2022/07/PATLiveLogo_Light.png]
[www.patlive.com/blog/tag/industry/index.html]
[www.patlive.com/blog/customer-service-basics-that-will-boost-your-plumbing-or-hvac-business/link.href, location.origin]
[www.patlive.com/blog/customer-service-basics-that-will-boost-your-plumbing-or-hvac-business/index.html]
[www.patlive.com/wp-json/oembed/1.0/embedb259.json]
[www.patlive.com/wp-json/oembed/1.0/embed359f]
[www.patlive.com/blog/why-your-law-firm-needs-a-legal-answering-service/Firefox/index.html]
[www.patlive.com/wp-json/wp/v2/posts/29613.json]
[www.patlive.com/start-free-trial/index.html]
[www.patlive.com/blog/why-your-law-firm-needs-a-legal-answering-service/link.href, location.origin]
[www.patlive.com/blog/why-your-law-firm-needs-a-legal-answering-service/index.html]
[www.patlive.com/wp-content/uploads/2025/10/ROI-of-Great-Customer-Service.png]
[www.patlive.com/wp-json/oembed/1.0/embedcddc.json]
[www.patlive.com/wp-json/oembed/1.0/embedeb94]
[www.patlive.com/blog/customer-service-roi-in-real-numbers/Firefox/index.html]
[www.patlive.com/wp-json/wp/v2/posts/28172.json]
[www.patlive.com/wp-content/uploads/2025/05/enhance-marketing-strategy-with-virtual-receptionist-1024x576.png]
[www.patlive.com/wp-content/uploads/2025/04/the-cost-of-missed-calls-1024x576.png]
[www.patlive.com/blog/enhance-marketing-strategy-with-virtual-receptionist/index.html]
[www.patlive.com/blog/customer-service-roi-in-real-numbers/link.href, location.origin]
[www.patlive.com/blog/customer-service-roi-in-real-numbers/index.html]
[www.patlive.com/wp-content/uploads/2025/08/Why-Law-Firms-Should-Audit-Their-Client-Communication-Strategies-Before-Q4.png]
[www.patlive.com/wp-json/oembed/1.0/embed8c4a.json]
[www.patlive.com/wp-json/oembed/1.0/embedbd1a]
[www.patlive.com/blog/audit-law-firm-client-communication-before-q4/Firefox/index.html]
[www.patlive.com/wp-json/wp/v2/posts/27728.json]
[www.patlive.com/resources/free-resource-customer-journey-mapping-ebook]
[www.patlive.com/blog/audit-law-firm-client-communication-before-q4/link.href, location.origin]
[www.patlive.com/blog/audit-law-firm-client-communication-before-q4/index.html]
[www.patlive.com/wp-json/oembed/1.0/embed5ff2.json]
[www.patlive.com/wp-json/oembed/1.0/embedc4cd]
[www.patlive.com/blog/hvac-winter-marketing/Firefox/index.html]
[www.patlive.com/wp-json/wp/v2/posts/27710.json]
[www.patlive.com/wp-content/uploads/2025/08/Why-August-is-the-Best-Time-to-Start-Planning-for-Winter-HVAC-Marketing.png]
[www.patlive.com/resources/free-resource-ultimate-hvac-customer-service-playbook]
[www.patlive.com/how-it-works/call-and-web-chat-handling]
[www.patlive.com/platform-features/integrations]
[www.patlive.com/wp-content/uploads/2025/07/HVAC-technician-on-emergency-call-1024x576.png]
[www.patlive.com/blog/turn-emergency-hvac-calls-into-repeat-customers/index.html]
[www.patlive.com/wp-content/uploads/2025/04/Spring-HVAC-Promotions-to-Boost-Your-Business-Fast-1024x576.png]
[www.patlive.com/blog/spring-hvac-promotions-to-boost-business-fast/index.html]
[www.patlive.com/blog/hvac-winter-marketing/link.href, location.origin]
[www.patlive.com/blog/hvac-winter-marketing/index.html]
[www.patlive.com/wp-json/oembed/1.0/embed8e63.json]
[www.patlive.com/wp-json/oembed/1.0/embed6529]
[www.patlive.com/blog/fall-business-planning/Firefox/index.html]
[www.patlive.com/wp-json/wp/v2/posts/27529.json]
[www.patlive.com/wp-content/uploads/2025/08/How-to-Prepare-Your-Company-for-a-Busy-Fall-Season.png]
[www.patlive.com/blog/fall-business-planning/link.href, location.origin]
[www.patlive.com/blog/fall-business-planning/index.html]
[www.patlive.com/wp-content/uploads/2024/12/Lawyers-Dont-Miss-Leads-While-Youre-on-Vacation-2_s.jpg]
[www.patlive.com/wp-json/oembed/1.0/embed0fa2.json]
[www.patlive.com/wp-json/oembed/1.0/embedb0cd]
[www.patlive.com/blog/hidden-cost-of-vacation-for-law-firms/Firefox/index.html]
[www.patlive.com/wp-json/wp/v2/posts/28226.json]
[www.patlive.com/blog/hidden-cost-of-vacation-for-law-firms/link.href, location.origin]
[www.patlive.com/blog/hidden-cost-of-vacation-for-law-firms/index.html]
[www.patlive.com/wp-content/uploads/elementor/css/post-313945f1f.css]
[www.patlive.com/wp-content/uploads/essential-addons-elementor/eael-12dfff.css]
[www.patlive.com/wp-content/uploads/2025/07/How-Lawyers-Can-Improve-Client-Communication-During-Summer-Vacation-Season-768x432.png.webp]
[www.patlive.com/wp-content/uploads/2025/04/Law-Firm-Guide-to-Smarter-Admin-With-Outsourcing-1024x576.png]
[www.patlive.com/blog/how-lawyers-improve-legal-client-communication-in-summer/index.html]
[www.patlive.com/wp-content/uploads/2025/04/Spring-roofing-call-handling-1024x576.png]
[www.patlive.com/wp-content/uploads/2025/04/Scale-Business-Conversation-Answering-Service-1024x576.png]
[www.patlive.com/wp-content/uploads/2025/03/bankruptcy-law-firm-call-handling-1024x576.png]
[www.patlive.com/blog/scale-business-stress-free-with-an-answering-service/index.html]
[www.patlive.com/blog/2/link.href, location.origin]
[www.patlive.com/blog/2/index.html]
[www.patlive.com/wp-content/uploads/2025/03/Blog-Banner-6-1024x576.png]
[www.patlive.com/wp-content/uploads/2025/03/Blog-Banner-5-1024x576.png]
[www.patlive.com/wp-content/uploads/2025/03/Women-Entrepreneurs-using-virtual-receptionists-1024x683.jpg]
[www.patlive.com/wp-content/uploads/2025/02/Common-FAQ-about-legal-answering-services-1024x576.png]
[www.patlive.com/wp-content/uploads/2025/02/legal-blog-banner-1024x576.png]
[www.patlive.com/blog/bankruptcy-law-firm-call-handling-how-to/index.html]
[www.patlive.com/blog/spring-roofing-call-handling/index.html]
[www.patlive.com/blog/power-of-customer-reviews/index.html]
[www.patlive.com/wp-content/uploads/2025/02/Rose-At-Keyboard-scaled-1-1024x683.jpg]
[www.patlive.com/wp-content/uploads/2025/02/What-Is-a-Legal-Answering-Service2_s-1024x536.jpg]
[www.patlive.com/wp-content/uploads/2025/02/pexels-jose-andres-pacheco-cortes-3641213-5463581-scaled-1-1024x815.jpg]
[www.patlive.com/blog/best-legal-practice-areas-for-legal-answering-service/index.html]
[www.patlive.com/blog/spring-cleaning-business-prep-for-peak-season/index.html]
[www.patlive.com/blog/what-is-a-legal-answering-service/index.html]
[www.patlive.com/blog/top-home-service-trends-2025-how-a-virtual-receptionist-helps-your-business/index.html]
[www.patlive.com/blog/celebrating-women-entrepreneurs-the-trailblazers-of-small-business-success/index.html]
[www.patlive.com/blog/3/link.href, location.origin]
[www.patlive.com/blog/3/index.html]
[www.patlive.com/wp-content/uploads/2025/01/pexels-olly-3771049-scaled-1-1024x683.jpg]
[www.patlive.com/wp-content/uploads/2023/12/hs-hvac.jpg]
[www.patlive.com/blog/how-do-answering-services-work-at-night/index.html]
[www.patlive.com/wp-content/uploads/2024/12/Is-Phone-Etiquette-Important_-How-To-Improve-Yours-2_s-1024x536.jpg]
[www.patlive.com/wp-content/uploads/2024/12/How-Can-Attorneys-in-Florida-Handle-Calls-After-Hours_s-1024x536.jpg]
[www.patlive.com/wp-content/uploads/2024/11/Is-an-Answering-Service-a-Good-Fit-for-Your-Law-Firm-2_s-1024x536.jpg]
[www.patlive.com/wp-content/uploads/2024/10/Mastering-Call-Handling-Skills-scaled-1-1024x411.jpg]
[www.patlive.com/blog/law-firm-phone-etiquette/index.html]
[www.patlive.com/wp-content/uploads/2024/10/types-of-calls-scaled-1-1024x439.jpg]
[www.patlive.com/blog/is-an-answering-service-a-good-fit-for-your-law-firm/index.html]
[www.patlive.com/blog/mastering-call-handling-skills/index.html]
[www.patlive.com/blog/call-types-navigating-the-right-choice-for-your-business/index.html]
[www.patlive.com/blog/4/link.href, location.origin]
[www.patlive.com/blog/4/index.html]
[www.patlive.com/wp-content/uploads/2024/10/call-handling-scaled-1-1024x683.jpg]
[www.patlive.com/blog/lawyers-dont-miss-leads-while-youre-on-vacation/index.html]
[www.patlive.com/wp-content/uploads/2024/09/Customer-Service-Week-2024.webp]
[www.patlive.com/wp-content/uploads/2024/09/automated-phone-system-scaled-1-1024x377.jpg]
[www.patlive.com/wp-content/uploads/2024/09/communication-platform-scaled-1-1024x305.jpg]
[www.patlive.com/blog/florida-law-firm-after-hours-calls/index.html]
[www.patlive.com/blog/inbound-call-handling/index.html]
[www.patlive.com/wp-content/uploads/2024/09/legal-intake-software-scaled-1-1024x335.jpg]
[www.patlive.com/wp-content/uploads/2024/09/answering-service-cost-scaled-1-1024x354.jpg]
[www.patlive.com/wp-content/uploads/2022/08/call-transfers-2.2-1024x719.jpg]
[www.patlive.com/wp-content/uploads/2024/09/sales-funnel.webp]
[www.patlive.com/wp-content/uploads/2023/07/calendar.png]
[www.patlive.com/blog/automated-phone-system-vs-virtual-receptionists/index.html]
[www.patlive.com/blog/best-communication-platforms-for-small-business-success/index.html]
[www.patlive.com/blog/best-legal-intake-software-for-law-firms/index.html]
[www.patlive.com/blog/how-much-does-an-answering-service-cost/index.html]
[www.patlive.com/blog/call-screening-and-transfers/index.html]
[www.patlive.com/blog/5/link.href, location.origin]
[www.patlive.com/blog/5/index.html]
[www.patlive.com/wp-content/uploads/essential-addons-elementor/eael-12dfff.js]
[www.patlive.com/blog/link.href, location.html]
[www.patlive.com/resources/guides-ebooks/i.html]
[www.patlive.com/resources/guides-ebooks/Firefox/index.html]
[www.patlive.com/indexc205.html]
[www.patlive.com/blog/appointment-scheduling-for-home-services/index.html]
[www.patlive.com/blog/customer-service-week-2024/index.html]
[www.patlive.com/blog/streamlining-your-sales-funnel/index.html]
[www.patlive.com/resources/guides-ebooks/regain-billable-hours/i]
[www.patlive.com/resources/guides-ebooks/regain-billable-hours/Firefox/index.html]
[52.200.91.106/wp-content/uploads/2026/07/Reclaim-40-percent-of-your-time-legal-ebook.png]
[www.patlive.com/wp-json/oembed/1.0/embed424f.json]
[www.patlive.com/wp-json/oembed/1.0/embed78e5]
[www.patlive.com/wp-json/wp/v2/pages/38033.json]
[www.patlive.com/wp-content/uploads/2026/07/Reclaim-40-percent-of-your-time-legal-ebook.png]
[www.patlive.com/wp-content/cache/min/1/wp-content/uploads/essential-addons-elementor/eael-380337153.js]
[www.patlive.com/resources/guides-ebooks/regain-billable-hours/link.href, location.origin]
[www.patlive.com/resources/guides-ebooks/regain-billable-hours/index.html]
[www.patlive.com/resources/guides-ebooks/hvac-customer-service-playbook/i]
[www.patlive.com/resources/guides-ebooks/hvac-customer-service-playbook/Firefox/index.html]
[52.200.91.106/wp-content/uploads/2023/08/HVAC-Contractor-Working.jpg]
[www.patlive.com/wp-json/oembed/1.0/embed247b.json]
[www.patlive.com/wp-json/oembed/1.0/embed0ca4]
[www.patlive.com/wp-json/wp/v2/pages/38223.json]
[www.patlive.com/wp-content/uploads/2023/08/HVAC-Contractor-Working.jpg]
[www.patlive.com/wp-content/cache/min/1/wp-content/uploads/essential-addons-elementor/eael-38223bf50.js]
[www.patlive.com/resources/guides-ebooks/hvac-customer-service-playbook/link.href, location.origin]
[www.patlive.com/resources/guides-ebooks/hvac-customer-service-playbook/index.html]
[www.patlive.com/resources/guides-ebooks/increase-legal-leads-without-losing-quality/i]
[www.patlive.com/wp-json/oembed/1.0/embed91a2.json]
[www.patlive.com/wp-json/oembed/1.0/embed370f]
[www.patlive.com/wp-json/wp/v2/pages/38192.json]
[www.patlive.com/wp-content/uploads/2026/08/legal-lead-quantity-quality-balance-1000x665-1.png]
[www.patlive.com/resources/guides-ebooks/increase-legal-leads-without-losing-quality/Firefox/index.html]
[www.patlive.com/wp-content/cache/min/1/wp-content/uploads/essential-addons-elementor/eael-3819284ea.js]
[www.patlive.com/resources/guides-ebooks/increase-legal-leads-without-losing-quality/link.href, location.origin]
[www.patlive.com/resources/guides-ebooks/increase-legal-leads-without-losing-quality/index.html]
[www.patlive.com/resources/guides-ebooks/home-services-communication-toolkit/i]
[www.patlive.com/wp-json/oembed/1.0/embedfce7.json]
[www.patlive.com/wp-json/oembed/1.0/embede0f9]
[www.patlive.com/resources/guides-ebooks/home-services-communication-toolkit/Firefox/index.html]
[www.patlive.com/wp-json/wp/v2/pages/38107.json]
[www.patlive.com/wp-content/uploads/2026/07/Home-Services-Communication-Toolkit.png]
[www.patlive.com/wp-content/cache/min/1/wp-content/uploads/essential-addons-elementor/eael-3810785f5.js]
[www.patlive.com/resources/guides-ebooks/home-services-communication-toolkit/link.href, location.origin]
[www.patlive.com/resources/guides-ebooks/home-services-communication-toolkit/index.html]
[www.patlive.com/wp-content/uploads/essential-addons-elementor/eael-12c872.js]
[www.patlive.com/resources/guides-ebooks/link.href, location.html]
[www.patlive.com/faqs/i.html]
[www.patlive.com/faqs/Firefox/index.html]
[www.patlive.com/wp-content/cache/min/1/wp-content/uploads/essential-addons-elementor/eael-34948b153.css]
[www.patlive.com/wp-content/uploads/elementor/css/post-3494857e5.css]
[www.patlive.com/wp-content/plugins/elementor/assets/lib/font-awesome/webfonts/fa-regular-400.eot]
[www.patlive.com/wp-content/plugins/elementor/assets/lib/font-awesome/webfonts/fa-regular-400d41d.eot]
[www.patlive.com/wp-content/plugins/elementor/assets/lib/font-awesome/webfonts/fa-regular-400.woff2]
[www.patlive.com/wp-content/plugins/elementor/assets/lib/font-awesome/webfonts/fa-regular-400.woff]
[www.patlive.com/wp-content/plugins/elementor/assets/lib/font-awesome/webfonts/fa-regular-400.ttf]
[www.patlive.com/wp-content/cache/min/1/wp-content/plugins/elementor/assets/lib/font-awesome/css/all.min3402.css]
[www.patlive.com/wp-content/plugins/elementor/assets/lib/font-awesome/webfonts/fa-regular-400.svg]
[www.patlive.com/wp-content/plugins/elementor/assets/lib/font-awesome/css/v4-shims.mind1c0.css]
[www.patlive.com/index7404.html]
[www.patlive.com/wp-content/uploads/essential-addons-elementor/eael-12c7de.js]
[www.patlive.com/faqs/link.href, location.html]
[www.patlive.com/products/i.html]
[www.patlive.com/products/Firefox/index.html]
[www.patlive.com/indexa474.html]
[www.patlive.com/wp-content/uploads/essential-addons-elementor/eael-1226c6.js]
[www.patlive.com/products/link.href, location.html]
[www.patlive.com/products/live-phone-answering/i.html]
[www.patlive.com/products/live-phone-answering/Firefox/index.html]
[www.patlive.com/index0120.html]
[www.patlive.com/integrations/index.html]
[www.patlive.com/wp-content/uploads/2021/04/blog-article-illustration_rough-01.png]
[www.patlive.com/wp-json/oembed/1.0/embedcc7a.json]
[www.patlive.com/wp-json/oembed/1.0/embedee67]
[www.patlive.com/blog/a-guide-to-hiring-a-small-business-answering-service/Firefox/index.html]
[www.patlive.com/wp-json/wp/v2/posts/15177.json]
[www.patlive.com/blog/a-guide-to-hiring-a-small-business-answering-service/link.href, location.origin]
[www.patlive.com/blog/a-guide-to-hiring-a-small-business-answering-service/index.html]
[www.patlive.com/wp-json/oembed/1.0/embedbe9a.json]
[www.patlive.com/wp-json/oembed/1.0/embeda29c]
[www.patlive.com/blog/comparing-in-house-vs-virtual/Firefox/index.html]
[www.patlive.com/wp-json/wp/v2/posts/8035.json]
[www.patlive.com/wp-content/uploads/2020/06/5-Seamless-Ways-to-Get-Your-Calls-to-a-Virtual-Receptionist.jpg]
[www.patlive.com/services/phone-answering-service/sales-calls]
[www.patlive.com/blog/comparing-in-house-vs-virtual/link.href, location.origin]
[www.patlive.com/blog/comparing-in-house-vs-virtual/index.html]
[www.patlive.com/wp-content/uploads/2018/11/Live-Answer-Scripting-Develop-the-Perfect-Call-Script.jpg]
[www.patlive.com/wp-json/oembed/1.0/embed2dbf.json]
[www.patlive.com/wp-json/oembed/1.0/embed3b04]
[www.patlive.com/blog/value-of-human-support/Firefox/index.html]
[www.patlive.com/wp-json/wp/v2/posts/31236.json]
[www.patlive.com/blog/value-of-human-support/link.href, location.origin]
[www.patlive.com/blog/value-of-human-support/index.html]
[www.patlive.com/wp-content/uploads/essential-addons-elementor/eael-125f1e.js]
[www.patlive.com/products/live-phone-answering/link.href, location.html]
[www.patlive.com/products/outbound-calling/i.html]
[www.patlive.com/products/outbound-calling/Firefox/index.html]
[www.patlive.com/index676f.html]
[www.patlive.com/contact-us/outbound-signup/i]
[www.patlive.com/wp-json/oembed/1.0/embed4684.json]
[www.patlive.com/wp-json/oembed/1.0/embed2531]
[www.patlive.com/contact-us/outbound-signup/Firefox/index.html]
[www.patlive.com/wp-json/wp/v2/pages/40974.json]
[www.patlive.com/contact-us/outbound-signup/link.href, location.origin]
[www.patlive.com/contact-us/outbound-signup/index.html]
[www.patlive.com/wp-content/uploads/essential-addons-elementor/eael-127d6d.js]
[www.patlive.com/products/outbound-calling/link.href, location.html]
[www.patlive.com/products/live-chat/i.html]
[www.patlive.com/products/live-chat/Firefox/index.html]
[www.patlive.com/indexc634.html]
[www.patlive.com/wp-content/uploads/essential-addons-elementor/eael-1250bb.js]
[www.patlive.com/products/live-chat/link.href, location.html]
[www.patlive.com/solutions/i.html]
[www.patlive.com/solutions/Firefox/index.html]
[www.patlive.com/index1c46.html]
[www.patlive.com/solutions/agencies-marketing/index.html]
[www.patlive.com/solutions/hvac/index.html]
[www.patlive.com/wp-content/uploads/essential-addons-elementor/eael-12b3ef.js]
[www.patlive.com/solutions/link.href, location.html]
[www.patlive.com/solutions/after-hours/i.html]
[www.patlive.com/solutions/after-hours/Firefox/index.html]
[www.patlive.com/index1fd4.html]
[www.patlive.com/wp-content/uploads/essential-addons-elementor/eael-12747d.js]
[www.patlive.com/solutions/after-hours/link.href, location.html]
[www.patlive.com/solutions/appointment-scheduling/i.html]
[www.patlive.com/solutions/appointment-scheduling/Firefox/index.html]
[www.patlive.com/index67b7.html]
[www.patlive.com/wp-content/plugins/elementor-pro/assets/css/widget-off-canvas.min5fc8.css]
[www.patlive.com/wp-content/uploads/elementor/css/post-4093385f.css]
[www.patlive.com/wp-content/uploads/essential-addons-elementor/eael-12f700.css]
[www.patlive.com/wp-content/uploads/2026/07/acuityscheduling-logo.jpg]
[www.patlive.com/wp-content/uploads/2026/07/simplybookme-logo.jpg]
[www.patlive.com/wp-content/plugins/elementor-pro/assets/css/modules/motion-fx.min5fc8.css]
[www.patlive.com/wp-content/plugins/search-filter/assets/frontend/components/checkbox21cb.js]
[www.patlive.com/how-it-works/integrations/index97a0.html]
[www.patlive.com/wp-content/uploads/essential-addons-elementor/eael-128f1d.js]
[www.patlive.com/solutions/appointment-scheduling/link.href, location.html]
[www.patlive.com/solutions/call-screening-transfers/i.html]
[www.patlive.com/solutions/call-screening-transfers/Firefox/index.html]
[www.patlive.com/indexfb13.html]
[www.patlive.com/wp-content/uploads/essential-addons-elementor/eael-127e0b.js]
[www.patlive.com/solutions/call-screening-transfers/link.href, location.html]
[www.patlive.com/solutions/front-desk-receptionist/i.html]
[www.patlive.com/solutions/front-desk-receptionist/Firefox/index.html]
[www.patlive.com/index61e8.html]
[www.patlive.com/wp-content/uploads/essential-addons-elementor/eael-1264a0.js]
[www.patlive.com/solutions/front-desk-receptionist/link.href, location.html]
[www.patlive.com/solutions/lead-capture/i.html]
[www.patlive.com/solutions/lead-capture/Firefox/index.html]
[www.patlive.com/indexe52b.html]
[www.patlive.com/wp-content/uploads/essential-addons-elementor/eael-12e8a9.js]
[www.patlive.com/solutions/lead-capture/link.href, location.html]
[www.patlive.com/solutions/message-taking/i.html]
[www.patlive.com/solutions/message-taking/Firefox/index.html]
[www.patlive.com/indexc8c3.html]
[www.patlive.com/wp-content/uploads/essential-addons-elementor/eael-12e131.js]
[www.patlive.com/solutions/message-taking/link.href, location.html]
[www.patlive.com/solutions/client-intake/i.html]
[www.patlive.com/solutions/client-intake/Firefox/index.html]
[www.patlive.com/index845d.html]
[www.patlive.com/wp-content/uploads/essential-addons-elementor/eael-12e0c4.js]
[www.patlive.com/solutions/client-intake/link.href, location.html]
[www.patlive.com/solutions/overflow/i.html]
[www.patlive.com/solutions/overflow/Firefox/index.html]
[www.patlive.com/indexe529.html]
[www.patlive.com/wp-content/uploads/essential-addons-elementor/eael-12abd8.js]
[www.patlive.com/solutions/overflow/link.href, location.html]
[www.patlive.com/solutions/order-processing/i.html]
[www.patlive.com/solutions/order-processing/Firefox/index.html]
[www.patlive.com/index3d16.html]
[www.patlive.com/wp-content/uploads/essential-addons-elementor/eael-12a98b.js]
[www.patlive.com/solutions/order-processing/link.href, location.html]
[www.patlive.com/solutions/bilingual-support/i.html]
[www.patlive.com/solutions/bilingual-support/Firefox/index.html]
[www.patlive.com/index6b3b.html]
[www.patlive.com/solutions/bilingual-support-spanish/i]
[www.patlive.com/solutions/bilingual-support-spanish/Firefox/index.html]
[52.200.91.106/wp-content/uploads/2026/08/BilingualHero2.png]
[www.patlive.com/wp-json/oembed/1.0/embed99fe.json]
[www.patlive.com/wp-json/oembed/1.0/embede73b]
[www.patlive.com/wp-json/wp/v2/pages/37339.json]
[www.patlive.com/wp-content/uploads/2026/08/BilingualHero2.png]
[www.patlive.com/wp-content/cache/min/1/wp-content/uploads/essential-addons-elementor/eael-373399a07.js]
[www.patlive.com/solutions/bilingual-support-spanish/link.href, location.origin]
[www.patlive.com/solutions/bilingual-support-spanish/index.html]
[www.patlive.com/wp-content/uploads/essential-addons-elementor/eael-128e54.js]
[www.patlive.com/solutions/bilingual-support/link.href, location.html]
[www.patlive.com/industries/legal/i.html]
[www.patlive.com/industries/legal/Firefox/index.html]
[www.patlive.com/index7f5e.html]
[www.patlive.com/wp-content/uploads/2025/02/Common-FAQ-about-legal-answering-services.png]
[www.patlive.com/wp-json/oembed/1.0/embeda8ca.json]
[www.patlive.com/wp-json/oembed/1.0/embed9090]
[www.patlive.com/blog/common-faqs-about-legal-answering-services/Firefox/index.html]
[www.patlive.com/wp-json/wp/v2/posts/26813.json]
[www.patlive.com/blog/author/kasia-nelson/index.html]
[www.patlive.com/blog/common-faqs-about-legal-answering-services/link.href, location.origin]
[www.patlive.com/blog/common-faqs-about-legal-answering-services/index.html]
[www.patlive.com/wp-content/uploads/essential-addons-elementor/eael-1227a6.js]
[www.patlive.com/industries/legal/link.href, location.html]
[www.patlive.com/industries/financial-answering-service/i.html]
[www.patlive.com/industries/financial-answering-service/Firefox/index.html]
[www.patlive.com/indexbdd9.html]
[www.patlive.com/wp-content/uploads/2025/04/the-cost-of-missed-calls.png]
[www.patlive.com/wp-json/oembed/1.0/embedb141.json]
[www.patlive.com/wp-json/oembed/1.0/embed2036]
[www.patlive.com/wp-content/uploads/elementor/css/post-26991124d.css]
[www.patlive.com/blog/the-cost-of-missed-calls/Firefox/index.html]
[www.patlive.com/wp-json/wp/v2/posts/26991.json]
[www.patlive.com/blog/the-cost-of-missed-calls/link.href, location.origin]
[www.patlive.com/blog/the-cost-of-missed-calls/index.html]
[www.patlive.com/wp-content/uploads/essential-addons-elementor/eael-12acea.js]
[www.patlive.com/industries/financial-answering-service/link.href, location.html]
[www.patlive.com/industries/agencies-marketing/i.html]
[www.patlive.com/industries/agencies-marketing/Firefox/index.html]
[www.patlive.com/indexdbf4.html]
[www.patlive.com/wp-content/uploads/essential-addons-elementor/eael-12c966.js]
[www.patlive.com/industries/agencies-marketing/link.href, location.html]
[www.patlive.com/solutions/ecommerce/index.html]
[www.patlive.com/industries/nonprofits/i.html]
[www.patlive.com/industries/nonprofits/Firefox/index.html]
[www.patlive.com/index67e1.html]
[www.patlive.com/wp-content/uploads/2020/12/blog-article-Seasonal-Call-Answering-Service-Boost-Your-Holiday-Business.png]
[www.patlive.com/wp-json/oembed/1.0/embedc36d.json]
[www.patlive.com/wp-json/oembed/1.0/embede608]
[www.patlive.com/blog/answering-service-for-nonprofits/Firefox/index.html]
[www.patlive.com/wp-json/wp/v2/posts/20501.json]
[www.patlive.com/blog/answering-service-for-nonprofits/link.href, location.origin]
[www.patlive.com/blog/answering-service-for-nonprofits/index.html]
[www.patlive.com/wp-content/uploads/essential-addons-elementor/eael-127373.js]
[www.patlive.com/industries/nonprofits/link.href, location.html]
[www.patlive.com/industries/industrial-supply/i.html]
[www.patlive.com/industries/industrial-supply/Firefox/index.html]
[www.patlive.com/indexe8f2.html]
[www.patlive.com/products/phone-answering-service/index.html]
[www.patlive.com/wp-content/uploads/essential-addons-elementor/eael-122e95.js]
[www.patlive.com/industries/industrial-supply/link.href, location.html]
[www.patlive.com/industries/it-saas-tech/i.html]
[www.patlive.com/industries/it-saas-tech/Firefox/index.html]
[www.patlive.com/index42a1.html]
[www.patlive.com/wp-content/uploads/essential-addons-elementor/eael-12f07d.js]
[www.patlive.com/industries/it-saas-tech/link.href, location.html]
[www.patlive.com/industries/small-business/i.html]
[www.patlive.com/industries/small-business/Firefox/index.html]
[www.patlive.com/indexebb0.html]
[www.patlive.com/wp-content/uploads/essential-addons-elementor/eael-124c81.js]
[www.patlive.com/industries/small-business/link.href, location.html]
[www.patlive.com/industries/medical-wellness/i.html]
[www.patlive.com/industries/medical-wellness/Firefox/index.html]
[www.patlive.com/index9126.html]
[www.patlive.com/wp-content/uploads/essential-addons-elementor/eael-1283eb.js]
[www.patlive.com/industries/medical-wellness/link.href, location.html]
[www.patlive.com/industries/chiropractors/i.html]
[www.patlive.com/industries/chiropractors/Firefox/index.html]
[www.patlive.com/index4b73.html]
[www.patlive.com/wp-content/uploads/essential-addons-elementor/eael-12deb5.js]
[www.patlive.com/industries/chiropractors/link.href, location.html]
[www.patlive.com/industries/real-estate/i.html]
[www.patlive.com/industries/real-estate/Firefox/index.html]
[www.patlive.com/index2c97.html]
[www.patlive.com/wp-content/uploads/2023/07/Receptionist-on-the-phone.png]
[www.patlive.com/wp-json/oembed/1.0/embed0233.json]
[www.patlive.com/wp-json/oembed/1.0/embedb748]
[www.patlive.com/blog/5-tools-real-estate-investors/Firefox/index.html]
[www.patlive.com/wp-json/wp/v2/posts/31211.json]
[www.patlive.com/services/phone-answering-service/emergency-dispatch]
[www.patlive.com/wp-content/uploads/2024/01/image1-1024x490.png]
[www.patlive.com/blog/web-chats-for-business/index.html]
[www.patlive.com/blog/5-tools-real-estate-investors/link.href, location.origin]
[www.patlive.com/blog/5-tools-real-estate-investors/index.html]
[www.patlive.com/wp-json/oembed/1.0/embed10e0.json]
[www.patlive.com/wp-json/oembed/1.0/embedcd9a]
[www.patlive.com/blog/answering-service-real-estate-investors/Firefox/index.html]
[www.patlive.com/wp-json/wp/v2/posts/15283.json]
[www.patlive.com/wp-content/uploads/2021/06/blog-article-diamond-equity-real-estate-case-study.jpg]
[www.patlive.com/wp-content/uploads/2020/06/5-Resources-that-will-make-every-real-estate-investors-job-1024x576.jpg]
[www.patlive.com/blog/how-to-snag-a-millennial-real-estate-client/index.html]
[www.patlive.com/wp-content/uploads/2020/10/blog-article-6-Simple-Ways-to-Automate-Customer-Communication-1-1024x576.jpg]
[www.patlive.com/blog/the-best-ways-for-real-estate-to-answer-phone-calls/index.html]
[www.patlive.com/blog/answering-service-real-estate-investors/link.href, location.origin]
[www.patlive.com/blog/answering-service-real-estate-investors/index.html]
[www.patlive.com/wp-content/uploads/2026/07/resimpli-logo.jpg]
[www.patlive.com/wp-content/uploads/2026/07/InvestorFuse-Logo.jpg]
[www.patlive.com/how-it-works/integrations/indexb1ed.html]
[www.patlive.com/wp-content/uploads/essential-addons-elementor/eael-126d58.js]
[www.patlive.com/industries/real-estate/link.href, location.html]
[www.patlive.com/industries/real-estate-investors/i.html]
[www.patlive.com/industries/real-estate-investors/Firefox/index.html]
[www.patlive.com/index20f4.html]
[www.patlive.com/wp-content/uploads/essential-addons-elementor/eael-123829.js]
[www.patlive.com/industries/real-estate-investors/link.href, location.html]
[www.patlive.com/industries/real-estate-agents/i.html]
[www.patlive.com/industries/real-estate-agents/Firefox/index.html]
[www.patlive.com/indexc065.html]
[www.patlive.com/wp-content/uploads/essential-addons-elementor/eael-121b20.js]
[www.patlive.com/industries/real-estate-agents/link.href, location.html]
[www.patlive.com/industries/title-settlement/i.html]
[www.patlive.com/industries/title-settlement/Firefox/index.html]
[www.patlive.com/index6347.html]
[www.patlive.com/wp-content/uploads/essential-addons-elementor/eael-12ef71.js]
[www.patlive.com/industries/title-settlement/link.href, location.html]
[www.patlive.com/industries/home-inspectors/i.html]
[www.patlive.com/industries/home-inspectors/Firefox/index.html]
[www.patlive.com/index55d5.html]
[www.patlive.com/wp-content/uploads/essential-addons-elementor/eael-12e749.js]
[www.patlive.com/industries/home-inspectors/link.href, location.html]
[www.patlive.com/industries/property-management/i.html]
[www.patlive.com/industries/property-management/Firefox/index.html]
[www.patlive.com/indexf9ff.html]
[www.patlive.com/wp-content/uploads/essential-addons-elementor/eael-12593a.js]
[www.patlive.com/industries/property-management/link.href, location.html]
[www.patlive.com/industries/home-services-trades/i.html]
[www.patlive.com/industries/home-services-trades/Firefox/index.html]
[www.patlive.com/index87ac.html]
[www.patlive.com/wp-json/oembed/1.0/embed791c.json]
[www.patlive.com/wp-json/oembed/1.0/embed176f]
[www.patlive.com/blog/5-signs-you-need-24-7-virtual-receptionist-for-your-business/Firefox/index.html]
[www.patlive.com/wp-json/wp/v2/posts/26647.json]
[www.patlive.com/wp-content/uploads/2025/02/Rose-At-Keyboard-scaled-1.jpg]
[www.patlive.com/wp-content/uploads/2026/07/Emily-150x150-1.png.webp]
[www.patlive.com/blog/5-signs-you-need-24-7-virtual-receptionist-for-your-business/link.href, location.origin]
[www.patlive.com/blog/5-signs-you-need-24-7-virtual-receptionist-for-your-business/index.html]
[www.patlive.com/wp-content/uploads/essential-addons-elementor/eael-12c859.js]
[www.patlive.com/industries/home-services-trades/link.href, location.html]
[www.patlive.com/industries/plumbing/i.html]
[www.patlive.com/industries/plumbing/Firefox/index.html]
[www.patlive.com/indexb989.html]
[www.patlive.com/wp-content/uploads/essential-addons-elementor/eael-12387b.js]
[www.patlive.com/industries/plumbing/link.href, location.html]
[www.patlive.com/industries/electrician/i.html]
[www.patlive.com/industries/electrician/Firefox/index.html]
[www.patlive.com/index7f4a.html]
[www.patlive.com/wp-content/uploads/essential-addons-elementor/eael-128dba.js]
[www.patlive.com/industries/electrician/link.href, location.html]
[www.patlive.com/industries/hvac/i.html]
[www.patlive.com/industries/hvac/Firefox/index.html]
[www.patlive.com/index76a7.html]
[www.patlive.com/wp-json/oembed/1.0/embedb7b0.json]
[www.patlive.com/wp-json/oembed/1.0/embed8dd6]
[www.patlive.com/blog/hvac-business-tips/Firefox/index.html]
[www.patlive.com/wp-json/wp/v2/posts/26170.json]
[www.patlive.com/resources/download-free-resource-ultimate-hvac-customer-service-playbook]
[www.patlive.com/reviews]
[www.patlive.com/blog/hvac-business-tips/link.href, location.origin]
[www.patlive.com/blog/hvac-business-tips/index.html]
[www.patlive.com/wp-content/uploads/essential-addons-elementor/eael-12f6a6.js]
[www.patlive.com/industries/hvac/link.href, location.html]
[www.patlive.com/industries/roofing/i.html]
[www.patlive.com/industries/roofing/Firefox/index.html]
[www.patlive.com/index6e41.html]
[www.patlive.com/wp-content/uploads/essential-addons-elementor/eael-12342b.js]
[www.patlive.com/industries/roofing/link.href, location.html]
[www.patlive.com/industries/contractors/i.html]
[www.patlive.com/industries/contractors/Firefox/index.html]
[www.patlive.com/index333b.html]
[www.patlive.com/wp-json/oembed/1.0/embede07a.json]
[www.patlive.com/wp-json/oembed/1.0/embedb941]
[www.patlive.com/blog/answering-service-contractors/Firefox/index.html]
[www.patlive.com/wp-json/wp/v2/posts/6961.json]
[www.patlive.com/wp-content/uploads/2020/07/4-Unexpected-Benefits-of-an-Answering-Service-for-Contractors.jpg]
[www.patlive.com/blog/answering-service-contractors/link.href, location.origin]
[www.patlive.com/blog/answering-service-contractors/index.html]
[www.patlive.com/industries/contractors/link.href, location.html]
[www.patlive.com/industries/construction/i.html]
[www.patlive.com/industries/construction/Firefox/index.html]
[www.patlive.com/index6cca.html]
[www.patlive.com/wp-content/uploads/essential-addons-elementor/eael-12d44b.js]
[www.patlive.com/industries/construction/link.href, location.html]
[www.patlive.com/industries/landscaping/i.html]
[www.patlive.com/industries/landscaping/Firefox/index.html]
[www.patlive.com/index836f.html]
[www.patlive.com/industries/landscaping/link.href, location.html]
[www.patlive.com/how-it-works/i.html]
[www.patlive.com/how-it-works/Firefox/index.html]
[www.patlive.com/indexf046.html]
[www.patlive.com/wp-content/uploads/essential-addons-elementor/eael-1200bb.js]
[www.patlive.com/how-it-works/link.href, location.html]
[www.patlive.com/how-it-works/virtual-receptionists/i.html]
[www.patlive.com/how-it-works/virtual-receptionists/Firefox/index.html]
[www.patlive.com/indexe283.html]
[www.patlive.com/wp-content/uploads/essential-addons-elementor/eael-12e646.js]
[www.patlive.com/how-it-works/virtual-receptionists/link.href, location.html]
[www.patlive.com/how-it-works/tools-mobile-app/i.html]
[www.patlive.com/how-it-works/tools-mobile-app/Firefox/index.html]
[www.patlive.com/index8b60.html]
[www.patlive.com/wp-content/uploads/essential-addons-elementor/eael-12460d.js]
[www.patlive.com/how-it-works/tools-mobile-app/link.href, location.html]
[www.patlive.com/how-it-works/integrations/i.html]
[www.patlive.com/how-it-works/integrations/Firefox/index.html]
[www.patlive.com/indexa140.html]
[www.patlive.com/wp-content/uploads/essential-addons-elementor/eael-12f700.js]
[www.patlive.com/how-it-works/integrations/link.href, location.html]
[www.patlive.com/pricing/i.html]
[www.patlive.com/pricing/Firefox/index.html]
[www.patlive.com/index22cb.html]
[www.patlive.com/custom-plan/i]
[www.patlive.com/wp-json/oembed/1.0/embed9266.json]
[www.patlive.com/wp-json/oembed/1.0/embed617f]
[www.patlive.com/custom-plan/Firefox/index.html]
[www.patlive.com/wp-json/wp/v2/pages/36576.json]
[www.patlive.com/custom-plan/link.href, location.origin]
[www.patlive.com/custom-plan/index.html]
[www.patlive.com/wp-content/uploads/essential-addons-elementor/eael-12bbac.js]
[www.patlive.com/pricing/link.href, location.html]
[www.patlive.com/enterprise/i.html]
[www.patlive.com/enterprise/Firefox/index.html]
[www.patlive.com/index2bf9.html]
[www.patlive.com/enterprise/inquire/i]
[www.patlive.com/wp-json/oembed/1.0/embed91f2.json]
[www.patlive.com/wp-json/oembed/1.0/embeda8c6]
[www.patlive.com/enterprise/inquire/Firefox/index.html]
[www.patlive.com/wp-json/wp/v2/pages/36889.json]
[www.patlive.com/enterprise/inquire/link.href, location.origin]
[www.patlive.com/enterprise/inquire/index.html]
[www.patlive.com/wp-content/uploads/essential-addons-elementor/eael-12e60c.js]
[www.patlive.com/enterprise/link.href, location.html]
[www.patlive.com/press-news/i.html]
[www.patlive.com/press-news/Firefox/index.html]
[www.patlive.com/indexbebd.html]
[www.patlive.com/wp-content/uploads/essential-addons-elementor/eael-12c5bd.js]
[www.patlive.com/press-news/link.href, location.html]
[www.patlive.com/resources/i.html]
[www.patlive.com/resources/Firefox/index.html]
[www.patlive.com/index405f.html]
[www.patlive.com/wp-content/uploads/essential-addons-elementor/eael-12df87.js]
[www.patlive.com/resources/link.href, location.html]
[www.patlive.com/affiliates/nonprofits/i.html]
[www.patlive.com/affiliates/nonprofits/Firefox/index.html]
[www.patlive.com/contact-us/schedule-consultation/i.html]
[www.patlive.com/contact-us/schedule-consultation/Firefox/index.html]
[www.patlive.com/index76f2.html]
[www.patlive.com/wp-content/uploads/essential-addons-elementor/eael-1217e6.js]
[www.patlive.com/contact-us/schedule-consultation/link.href, location.html]
[www.patlive.com/affiliate-signup/i.html]
[www.patlive.com/affiliate-signup/Firefox/index.html]
[www.patlive.com/index7172.html]
[www.patlive.com/wp-content/uploads/essential-addons-elementor/eael-12130e.js]
[www.patlive.com/affiliate-signup/link.href, location.html]
[www.patlive.com/customer-support/i.html]
[www.patlive.com/customer-support/Firefox/index.html]
[www.patlive.com/index59f6.html]
[www.patlive.com/wp-content/uploads/essential-addons-elementor/eael-129c48.js]
[www.patlive.com/customer-support/link.href, location.html]
[www.patlive.com/referrals/i.html]
[www.patlive.com/referrals/Firefox/index.html]
[www.patlive.com/index8b75.html]
[www.patlive.com/referral-signup/i]
[www.patlive.com/wp-json/oembed/1.0/embed1951.json]
[www.patlive.com/wp-json/oembed/1.0/embed89ec]
[www.patlive.com/referral-signup/Firefox/index.html]
[www.patlive.com/wp-json/wp/v2/pages/36306.json]
[www.patlive.com/referral-signup/link.href, location.origin]
[www.patlive.com/referral-signup/index.html]
[www.patlive.com/why-partner/i]
[www.patlive.com/wp-json/oembed/1.0/embed65e1.json]
[www.patlive.com/wp-json/oembed/1.0/embeda207]
[www.patlive.com/why-partner/Firefox/index.html]
[www.patlive.com/wp-json/wp/v2/pages/34956.json]
[www.patlive.com/why-partner/link.href, location.origin]
[www.patlive.com/why-partner/index.html]
[www.patlive.com/wp-content/uploads/essential-addons-elementor/eael-12308d.js]
[www.patlive.com/referrals/link.href, location.html]
[www.patlive.com/privacy-policy/i.html]
[www.patlive.com/privacy-policy/Firefox/index.html]
[www.patlive.com/index2207.html]
[www.patlive.com/wp-content/uploads/essential-addons-elementor/eael-1235da.js]
[www.patlive.com/privacy-policy/link.href, location.html]
[www.patlive.com/terms-of-use/i.html]
[www.patlive.com/terms-of-use/Firefox/index.html]
[www.patlive.com/index8d11.html]
[www.patlive.com/legal/privacy-policy.html]
[www.patlive.com/wp-content/uploads/essential-addons-elementor/eael-125d86.js]
[www.patlive.com/terms-of-use/link.href, location.html]
[www.patlive.com/blog/patlive-joe-cools-hvac-case-study/Firefox/index.html]
[www.patlive.com/index48e5.html]
[www.patlive.com/wp-content/uploads/essential-addons-elementor/eael-12f2a7.js]
[www.patlive.com/blog/patlive-joe-cools-hvac-case-study/link.href, location.html]
[www.patlive.com/blog/patlive-sally-morin-law-case-study/Firefox/index.html]
[www.patlive.com/indexc57d.html]
[www.patlive.com/wp-content/uploads/essential-addons-elementor/eael-12a2e2.js]
[www.patlive.com/blog/patlive-sally-morin-law-case-study/link.href, location.html]
[www.patlive.com/blog/pink-sponge-case-study/Firefox/index.html]
[www.patlive.com/indexa81f.html]
[www.patlive.com/wp-content/uploads/essential-addons-elementor/eael-122e4a.js]
[www.patlive.com/blog/pink-sponge-case-study/link.href, location.html]
[www.patlive.com/blog/glen-davidson-legacy-award-press-release-april-2026/Firefox/index.html]
[www.patlive.com/wp-includes/css/dist/block-library/style.min40dd.css]
[www.patlive.com/wp-content/plugins/elementor-pro/assets/css/widget-post-info.min5fc8.css]
[www.patlive.com/wp-content/plugins/elementor-pro/assets/css/widget-table-of-contents.min5fc8.css]
[www.patlive.com/wp-content/plugins/elementor-pro/assets/css/widget-share-buttons.min5fc8.css]
[www.patlive.com/wp-content/plugins/elementor-pro/assets/css/widget-author-box.min5fc8.css]
[www.patlive.com/wp-content/plugins/elementor-pro/assets/css/widget-loop-common.min5fc8.css]
[www.patlive.com/wp-content/uploads/elementor/css/custom-pro-widget-loop-grid.minfbbf.css]
[www.patlive.com/wp-content/uploads/elementor/css/post-29654ce05.css]
[www.patlive.com/indexc4a1.html]
[www.patlive.com/blog/author/emily-abellerapatlive-com/i]
[www.patlive.com/wp-json/wp/v2/users/12.json]
[www.patlive.com/blog/author/emily-abellerapatlive-com/Firefox/index.html]
[www.patlive.com/blog/author/emily-abellerapatlive-com/link.href, location.origin]
[www.patlive.com/blog/author/emily-abellerapatlive-com/index.html]
[www.patlive.com/wp-content/uploads/essential-addons-elementor/eael-12adf2.js]
[www.patlive.com/blog/glen-davidson-legacy-award-press-release-april-2026/link.href, location.html]
[www.patlive.com/blog/patlive-flex-platform-delivers-personal-touch-powered-by-smarter-technology/Firefox/index.html]
[www.patlive.com/index06ee.html]
[www.patlive.com/platform-features/patlive-flex0ae1.html]
[www.patlive.com/wp-content/uploads/essential-addons-elementor/eael-12f39e.js]
[www.patlive.com/blog/patlive-flex-platform-delivers-personal-touch-powered-by-smarter-technology/link.href, location.html]
[www.patlive.com/blog/patlive-showcases-legal-focused-call-answering-solutions-at-florida-bar-annual-convention/Firefox/index.html]
[www.patlive.com/indexbf26.html]
[www.patlive.com/wp-content/uploads/essential-addons-elementor/eael-12c58e.js]
[www.patlive.com/blog/patlive-showcases-legal-focused-call-answering-solutions-at-florida-bar-annual-convention/link.href, location.html]
[www.patlive.com/blog/patlive-approved-as-florida-bar-member-benefits-provider-offering-exclusive-discount-on-virtual-receptionist-services/Firefox/index.html]
[www.patlive.com/index4f3e.html]
[www.patlive.com/wp-content/uploads/essential-addons-elementor/eael-125278.js]
[www.patlive.com/blog/patlive-approved-as-florida-bar-member-benefits-provider-offering-exclusive-discount-on-virtual-receptionist-services/link.href, location.html]
[www.patlive.com/blog/patlive-unveils-live-receptionist-portal-enhancing-answering-services-with-local-insights-and-seamless-brand-representation/Firefox/index.html]
[www.patlive.com/index4a94.html]
[www.patlive.com/wp-content/uploads/essential-addons-elementor/eael-123362.js]
[www.patlive.com/blog/patlive-unveils-live-receptionist-portal-enhancing-answering-services-with-local-insights-and-seamless-brand-representation/link.href, location.html]
[www.patlive.com/blog/press-release-vision-mission-guiding-principles/Firefox/index.html]
[www.patlive.com/wp-content/uploads/elementor/css/post-25477a983.css]
[www.patlive.com/indexbb4c.html]
[www.patlive.com/blog/author/emily-abellerapatlive-com/feed/index.html]
[www.patlive.com/blog/author/emily-abellerapatlive-com/page/2/index.html]
[www.patlive.com/blog/author/james-collierpatlive-com/i]
[www.patlive.com/blog/author/james-collierpatlive-com/page/2/index.html]
[www.patlive.com/wp-json/wp/v2/users/10.json]
[www.patlive.com/wp-content/uploads/2020/06/7-Things-Every-Virtual-Office-Needs-1024x576.jpg]
[www.patlive.com/wp-content/uploads/2024/08/How-Answering-Services-Work.webp]
[www.patlive.com/blog/myths-about-virtual-recepionists/index.html]
[www.patlive.com/blog/author/james-collierpatlive-com/Firefox/index.html]
[www.patlive.com/blog/how-answering-services-work/index.html]
[www.patlive.com/blog/author/james-collierpatlive-com/feed/index.html]
[www.patlive.com/blog/author/james-collierpatlive-com/link.href, location.origin]
[www.patlive.com/blog/author/james-collierpatlive-com/index.html]
[www.patlive.com/companyf8a7.html]
[www.patlive.com/indexf8a7.html]
[www.patlive.com/wp-content/uploads/essential-addons-elementor/eael-12c735.js]
[www.patlive.com/blog/press-release-vision-mission-guiding-principles/link.href, location.html]
[www.patlive.com/blog/2024-huge-convention-nashville/Firefox/index.html]
[www.patlive.com/indexea27.html]
[www.patlive.com/indexb905.html]
[www.patlive.com/virtual-receptionistsb905.html]
[www.patlive.com/services/phone-answering-serviceb905.html]
[www.patlive.com/start-free-trial/i]
[www.patlive.com/wp-json/oembed/1.0/embeda68e.json]
[www.patlive.com/wp-json/oembed/1.0/embedcaa9]
[www.patlive.com/start-free-trial/Firefox/index.html]
[www.patlive.com/wp-json/wp/v2/pages/32202.json]
[www.patlive.com/start-free-trial/link.href, location.origin]
[www.patlive.com/start-free-trial/indexb905.html]
[www.patlive.com/wp-content/uploads/essential-addons-elementor/eael-12af14.js]
[www.patlive.com/blog/2024-huge-convention-nashville/link.href, location.html]
[www.patlive.com/blog/patlive-adopts-32-hour-workweek/Firefox/index.html]
[www.patlive.com/index7433.html]
[www.patlive.com/blog/tag/85/i]
[www.patlive.com/wp-json/wp/v2/tags/55.json]
[www.patlive.com/blog/tag/85/feed/index.html]
[www.patlive.com/blog/tag/85/Firefox/index.html]
[www.patlive.com/blog/tag/85/link.href, location.origin]
[www.patlive.com/blog/tag/85/index.html]
[www.patlive.com/wp-content/uploads/essential-addons-elementor/eael-12ceba.js]
[www.patlive.com/blog/patlive-adopts-32-hour-workweek/link.href, location.html]
[www.patlive.com/blog/home-services-jobber-integration-and-summit/Firefox/index.html]
[www.patlive.com/index88fb.html]
[www.patlive.com/blog/jobber-integration-home-service-businesses/index.html]
[www.patlive.com/wp-json/oembed/1.0/embed1e33.json]
[www.patlive.com/wp-json/oembed/1.0/embed4862]
[www.patlive.com/wp-content/uploads/elementor/css/post-239151525.css]
[www.patlive.com/wp-content/uploads/essential-addons-elementor/eael-126122.css]
[www.patlive.com/wp-json/wp/v2/posts/23915.json]
[www.patlive.com/partners/jobber7249]
[www.patlive.com/blog/jobber-integration-home-service-businesses/link.href, location.origin]
[www.patlive.com/blog/jobber-integration-home-service-businesses/index4892.html]
[www.patlive.com/wp-content/uploads/essential-addons-elementor/eael-124668.js]
[www.patlive.com/blog/home-services-jobber-integration-and-summit/link.href, location.html]
[www.patlive.com/wp-content/plugins/header-footer-elementor/inc/widgets-css/frontendab7d.css]
[www.patlive.com/wp-includes/fonts/dashicons7d4b.ttf]
[www.patlive.com/wp-includes/css/dashicons.min40dd.css]
[www.patlive.com/wp-content/plugins/header-footer-elementor/assets/css/header-footer-elementorab7d.css]
[www.patlive.com/wp-content/plugins/search-filter-pro/assets/frontend/app40dd.css]
[www.patlive.com/wp-content/uploads/elementor/css/post-38558bbbe.css]
[www.patlive.com/wp-content/themes/hello-elementor/assets/css/themea7da.css]
[www.patlive.com/wp-content/uploads/essential-addons-elementor/eael-12160a.css]
[www.patlive.com/wp-content/themes/hello-elementor/assets/css/reseta7da.css]
[www.patlive.com/wp-content/themes/hello-elementor/assets/css/header-footera7da.css]
[www.patlive.com/wp-content/plugins/search-filter/includes/integrations/legacy/style5152.css]
[www.patlive.com/wp-content/plugins/elementor/assets/lib/eicons/css/elementor-icons.min705c.css]
[www.patlive.com/wp-content/plugins/elementor/assets/lib/font-awesome/css/brands52d5.css]
[www.patlive.com/wp-content/plugins/elementor/assets/lib/font-awesome/css/fontawesome52d5.css]
[www.patlive.com/wp-content/plugins/elementor/assets/lib/font-awesome/css/solid52d5.css]
[www.patlive.com/wp-content/uploads/2023/07/16485805-jackie-gonzalez-headshot-300x300-1.png]
[www.patlive.com/wp-json/oembed/1.0/embed6ad8-2.json]
[www.patlive.com/wp-json/oembed/1.0/embedb8d5]
[www.patlive.com/blog/patlive-appoints-jackie-gonzalez-as-its-first-female-ceo/Firefox/index.html]
[www.patlive.com/wp-json/wp/v2/posts/21033.json]
[www.patlive.com/wp-content/uploads/2023/07/PATLive-Logo-2.jpg]
[www.patlive.com/wp-content/uploads/2026/08/Jamie-Collier-Headshot-2026.png.webp]
[www.patlive.com/blog/patlive-appoints-jackie-gonzalez-as-its-first-female-ceo/link.href, location.origin]
[www.patlive.com/blog/patlive-appoints-jackie-gonzalez-as-its-first-female-ceo/index.html]
[www.patlive.com/wp-content/uploads/search-filter/style2fd4.css]
[www.patlive.com/wp-content/plugins/search-filter/assets/frontend/components/combobox40dd.css]
[www.patlive.com/why-patlive/press-news/2/link.href, location.html]
[www.patlive.com/wp-content/plugins/elementor/assets/lib/eicons/fonts/eiconsa9b1.svg]
[www.patlive.com/wp-content/plugins/elementor/assets/lib/font-awesome/webfonts/fa-brands-400.svg]
[www.patlive.com/wp-content/plugins/leadin/public/assets/style/fonts/hs-font.svg]
[www.patlive.com/wp-content/plugins/leadin/public/assets/images/external_link.svg]
[www.patlive.com/wp-content/plugins/leadin/public/assets/images/hubspot.svg]
[www.patlive.com/blog/improve-customer-service-skills/Firefox/index.html]
[www.patlive.com/index4804.html]
[www.patlive.com/blog/author/patlive/i]
[www.patlive.com/wp-json/wp/v2/users/8.json]
[www.patlive.com/wp-content/uploads/2024/09/types-of-business-communication-1-1024x683.jpg]
[www.patlive.com/blog/author/patlive/Firefox/index.html]
[www.patlive.com/wp-content/uploads/2024/09/Call-Handling-scaled-1-1024x576.jpg]
[www.patlive.com/blog/the-different-types-of-business-communication-and-their-benefits/index.html]
[www.patlive.com/blog/the-ultimate-guide-to-call-handling-for-small-businesses/index.html]
[www.patlive.com/blog/author/patlive/page/2/index.html]
[www.patlive.com/blog/author/patlive/feed/index.html]
[www.patlive.com/blog/author/patlive/link.href, location.origin]
[www.patlive.com/blog/author/patlive/index.html]
[www.patlive.com/wp-json/oembed/1.0/embed70d2.json]
[www.patlive.com/wp-json/oembed/1.0/embedb395]
[www.patlive.com/wp-json/wp/v2/posts/31180.json]
[www.patlive.com/wp-content/uploads/2019/11/5-Customer-Service-Skills-that-Drive-Every-Business.jpg]
[www.patlive.com/blog/5-customer-service-skills/Firefox/index.html]
[www.patlive.com/blog/34-customer-service-stats/index.html]
[www.patlive.com/blog/5-customer-service-skills/link.href, location.origin]
[www.patlive.com/blog/5-customer-service-skills/index.html]
[www.patlive.com/wp-content/uploads/2020/04/How-to-personalize-customer-service.jpg]
[www.patlive.com/wp-json/oembed/1.0/embeda03a.json]
[www.patlive.com/wp-json/oembed/1.0/embed75f4]
[www.patlive.com/blog/personalize-customer-service-small-business/Firefox/index.html]
[www.patlive.com/wp-json/wp/v2/posts/5650.json]
[www.patlive.com/blog/personalize-customer-service-small-business/link.href, location.origin]
[www.patlive.com/blog/personalize-customer-service-small-business/index.html]
[www.patlive.com/wp-content/uploads/2025/02/Putting-the-service-back-in-customer-service-how-an-answering-service-can-help-scaled-1.jpg]
[www.patlive.com/wp-json/oembed/1.0/embed45ce.json]
[www.patlive.com/wp-json/oembed/1.0/embed8e64]
[www.patlive.com/blog/putting-the-service-back-in-customer-service-how-an-answering-service-can-help/Firefox/index.html]
[www.patlive.com/wp-json/wp/v2/posts/26735.json]
[www.patlive.com/24-7-answering-service]
[www.patlive.com/wp-content/uploads/2016/06/customer-touchpoints-1024x427.png]
[www.patlive.com/blog/customer-touchpoints/index.html]
[www.patlive.com/blog/putting-the-service-back-in-customer-service-how-an-answering-service-can-help/link.href, location.origin]
[www.patlive.com/blog/putting-the-service-back-in-customer-service-how-an-answering-service-can-help/index.html]
[www.patlive.com/wp-json/oembed/1.0/embed51d0.json]
[www.patlive.com/wp-json/oembed/1.0/embede099]
[www.patlive.com/blog/unlock-hvac-business-potential-free-ebook/Firefox/index.html]
[www.patlive.com/wp-json/wp/v2/posts/26121.json]
[www.patlive.com/blog/unlock-hvac-business-potential-free-ebook/link.href, location.origin]
[www.patlive.com/blog/unlock-hvac-business-potential-free-ebook/index.html]
[www.patlive.com/blog/tag/nd/i]
[www.patlive.com/wp-content/uploads/2020/07/4-Unexpected-Benefits-of-an-Answering-Service-for-Contractors-1024x576.jpg]
[www.patlive.com/wp-json/wp/v2/tags/39.json]
[www.patlive.com/wp-content/uploads/2019/10/34-Customer-Service-Stats-and-Facts-You-Cant-Afford-to-Ignore-1024x576.jpg]
[www.patlive.com/wp-content/uploads/2017/10/Read-if-You-Dare-The-Most-Dreadful-Customer-Service-Stats-of-All-Time-1024x576.jpg]
[www.patlive.com/wp-content/uploads/2020/08/Copy-of-In-House-vs-VR-1024x576.jpg]
[www.patlive.com/blog/home-service-answering-service/index.html]
[www.patlive.com/wp-content/uploads/2020/07/PATLive-Fave-Podcast-IT-1024x576.jpg]
[www.patlive.com/wp-content/uploads/2020/07/Can-Your-Small-Business-Afford-A-Call-Answering-Service-1024x576.jpg]
[www.patlive.com/blog/tag/nd/Firefox/index.html]
[www.patlive.com/wp-content/uploads/2020/06/The-ROI-of-Great-Customer-Service-1-1024x576.jpg]
[www.patlive.com/blog/wrong-answering-service-law-firm/index.html]
[www.patlive.com/blog/tag/nd/feed/index.html]
[www.patlive.com/blog/in-house-vs-virtual-receptionists/index.html]
[www.patlive.com/blog/favorite-podcasts-impact-theory/index.html]
[www.patlive.com/blog/afford-call-answering-service/index.html]
[www.patlive.com/blog/roi-great-customer-service/index.html]
[www.patlive.com/blog/virtual-office-needs/index.html]
[www.patlive.com/blog/resources-real-estate-investor/index.html]
[www.patlive.com/blog/tag/nd/link.href, location.origin]
[www.patlive.com/blog/tag/nd/index.html]
[www.patlive.com/wp-content/uploads/essential-addons-elementor/eael-123ce3.js]
[www.patlive.com/blog/improve-customer-service-skills/link.href, location.html]
[www.patlive.com/blog/how-lawyers-take-summer-vacation/Firefox/index.html]
[www.patlive.com/index92dc.html]
[www.patlive.com/wp-content/uploads/2025/04/Law-Firm-Guide-to-Smarter-Admin-With-Outsourcing.png]
[www.patlive.com/blog/tag/nd/page/2/index.html]
[www.patlive.com/wp-json/oembed/1.0/embed01b9.json]
[www.patlive.com/wp-json/oembed/1.0/embedc1b7]
[www.patlive.com/blog/free-ebook-outsourcing-for-law-firms/Firefox/index.html]
[www.patlive.com/wp-json/wp/v2/posts/26947.json]
[www.patlive.com/blog/free-ebook-outsourcing-for-law-firms/link.href, location.origin]
[www.patlive.com/blog/free-ebook-outsourcing-for-law-firms/index.html]
[www.patlive.com/wp-content/uploads/essential-addons-elementor/eael-1283fd.js]
[www.patlive.com/blog/how-lawyers-take-summer-vacation/link.href, location.html]
[www.patlive.com/blog/glen-a-davidson-legacy-award-2025/Firefox/index.html]
[www.patlive.com/indexfb08.html]
[www.patlive.com/products/signature-service/i]
[www.patlive.com/wp-content/uploads/unlimited_elements/Website-Photo-Pool4.png]
[www.patlive.com/wp-json/oembed/1.0/embed54fe.json]
[www.patlive.com/wp-json/oembed/1.0/embedf88e]
[www.patlive.com/products/signature-service/Firefox/index.html]
[www.patlive.com/wp-json/wp/v2/pages/2984.json]
[www.patlive.com/wp-content/uploads/unlimited_elements/patlive-serives-long.png]
[www.patlive.com/wp-content/uploads/unlimited_elements/sign-service-full-bleed-scaled.jpg]
[www.patlive.com/wp-content/uploads/2026/07/Website-Photo-Pool5.png]
[www.patlive.com/wp-content/uploads/2026/07/sig-fit.png]
[www.patlive.com/wp-content/cache/min/1/wp-content/uploads/essential-addons-elementor/eael-298472b4.js]
[www.patlive.com/signature-service-consultation/index.html]
[www.patlive.com/products/signature-service/link.href, location.origin]
[www.patlive.com/wp-content/uploads/2026/06/patlive-white.png]
[www.patlive.com/products/signature-service/index.html]
[www.patlive.com/platform-features/patlive-flex.html]
[www.patlive.com/wp-json/oembed/1.0/embedd3e8.json]
[www.patlive.com/wp-json/oembed/1.0/embedd3b4]
[www.patlive.com/wp-content/uploads/elementor/css/post-25573cdda.css]
[www.patlive.com/blog/help-center/Firefox/index.html]
[www.patlive.com/wp-json/wp/v2/posts/25573.json]
[www.patlive.com/blog/help-center/link.href, location.origin]
[www.patlive.com/blog/help-center/index.html]
[www.patlive.com/wp-content/uploads/essential-addons-elementor/eael-129e24.js]
[www.patlive.com/blog/glen-a-davidson-legacy-award-2025/link.href, location.html]
[www.patlive.com/blog/prepping-for-fall-boost-home-service-lead-generation/Firefox/index.html]
[www.patlive.com/wp-content/uploads/elementor/css/post-285711c30.css]
[www.patlive.com/index647b.html]
[www.patlive.com/wp-content/uploads/essential-addons-elementor/eael-125e03.js]
[www.patlive.com/blog/prepping-for-fall-boost-home-service-lead-generation/link.href, location.html]
[www.patlive.com/blog/customer-service-basics-that-will-boost-your-plumbing-or-hvac-business/Firefox/index.html]
[www.patlive.com/indexdd9a.html]
[www.patlive.com/wp-content/uploads/2023/01/incredible-culture-that-callers-can-hear-995x1024.html]
[www.patlive.com/wp-content/uploads/2022/09/stop_worrying.html]
[www.patlive.com/wp-content/uploads/2023/03/Screenshot-2023-03-22-at-11.48.52-PM.html]
[www.patlive.com/wp-content/uploads/2022/07/PATLiveLogo_Light.html]
[www.patlive.com/blog/tag/industry/i]
[www.patlive.com/wp-json/wp/v2/tags/52.json]
[www.patlive.com/wp-content/uploads/2021/01/blog-article-4-Unexpected-Ways-a-Virtual-Receptionist-Helps-Your-Business-1024x576.jpg]
[www.patlive.com/blog/5-customer-service-tools-you-should-be-using/index.html]
[www.patlive.com/blog/4-ways-virtual-receptionist-helps-business/index.html]
[www.patlive.com/blog/tag/industry/feed/index.html]
[www.patlive.com/blog/tag/industry/Firefox/index.html]
[www.patlive.com/blog/tag/industry/link.href, location.origin]
[www.patlive.com/blog/tag/industry/index.html]
[www.patlive.com/wp-content/uploads/essential-addons-elementor/eael-126658.js]
[www.patlive.com/blog/customer-service-basics-that-will-boost-your-plumbing-or-hvac-business/link.href, location.html]
[www.patlive.com/blog/why-your-law-firm-needs-a-legal-answering-service/Firefox/index.html]
[www.patlive.com/indexe41b.html]
[www.patlive.com/start-free-trial/index.html]
[www.patlive.com/wp-content/uploads/essential-addons-elementor/eael-128e0a.js]
[www.patlive.com/blog/why-your-law-firm-needs-a-legal-answering-service/link.href, location.html]
[www.patlive.com/blog/customer-service-roi-in-real-numbers/Firefox/index.html]
[www.patlive.com/index1963.html]
[www.patlive.com/wp-content/uploads/2025/05/enhance-marketing-strategy-with-virtual-receptionist.png]
[www.patlive.com/wp-json/oembed/1.0/embedf5d3.json]
[www.patlive.com/wp-json/oembed/1.0/embed9f29]
[www.patlive.com/blog/enhance-marketing-strategy-with-virtual-receptionist/Firefox/index.html]
[www.patlive.com/wp-json/wp/v2/posts/27023.json]
[www.patlive.com/blog/enhance-marketing-strategy-with-virtual-receptionist/link.href, location.origin]
[www.patlive.com/blog/enhance-marketing-strategy-with-virtual-receptionist/index.html]
[www.patlive.com/wp-content/uploads/essential-addons-elementor/eael-12b660.js]
[www.patlive.com/blog/customer-service-roi-in-real-numbers/link.href, location.html]
[www.patlive.com/blog/audit-law-firm-client-communication-before-q4/Firefox/index.html]
[www.patlive.com/index96aa.html]
[www.patlive.com/resources/free-resource-customer-journey-mapping-ebook.html]
[www.patlive.com/wp-content/uploads/essential-addons-elementor/eael-12d67e.js]
[www.patlive.com/blog/audit-law-firm-client-communication-before-q4/link.href, location.html]
[www.patlive.com/blog/hvac-winter-marketing/Firefox/index.html]
[www.patlive.com/index1f09.html]
[www.patlive.com/resources/free-resource-ultimate-hvac-customer-service-playbook.html]
[www.patlive.com/how-it-works/call-and-web-chat-handling.html]
[www.patlive.com/platform-features/integrations.html]
[www.patlive.com/wp-json/oembed/1.0/embedccca.json]
[www.patlive.com/wp-json/oembed/1.0/embedadab]
[www.patlive.com/blog/turn-emergency-hvac-calls-into-repeat-customers/Firefox/index.html]
[www.patlive.com/wp-json/wp/v2/posts/27305.json]
[www.patlive.com/wp-content/uploads/2025/07/HVAC-technician-on-emergency-call.png]
[www.patlive.com/blog/turn-emergency-hvac-calls-into-repeat-customers/link.href, location.origin]
[www.patlive.com/blog/turn-emergency-hvac-calls-into-repeat-customers/index.html]
[www.patlive.com/wp-content/uploads/2025/04/Spring-HVAC-Promotions-to-Boost-Your-Business-Fast.png]
[www.patlive.com/wp-json/oembed/1.0/embeda5a5.json]
[www.patlive.com/wp-json/oembed/1.0/embed7845]
[www.patlive.com/blog/spring-hvac-promotions-to-boost-business-fast/Firefox/index.html]
[www.patlive.com/wp-json/wp/v2/posts/26923.json]
[www.patlive.com/solutions/emergency-dispatch]
[www.patlive.com/wp-content/uploads/2025/01/PATLive-Customer-Case-Study-Joe-Cools-HVAC.pdf]
[www.patlive.com/blog/spring-hvac-promotions-to-boost-business-fast/link.href, location.origin]
[www.patlive.com/blog/spring-hvac-promotions-to-boost-business-fast/index.html]
[www.patlive.com/wp-content/uploads/essential-addons-elementor/eael-127999.js]
[www.patlive.com/blog/hvac-winter-marketing/link.href, location.html]
[www.patlive.com/blog/fall-business-planning/Firefox/index.html]
[www.patlive.com/index5c15.html]
[www.patlive.com/wp-content/uploads/essential-addons-elementor/eael-129421.js]
[www.patlive.com/blog/fall-business-planning/link.href, location.html]
[www.patlive.com/blog/hidden-cost-of-vacation-for-law-firms/Firefox/index.html]
[www.patlive.com/index8bea.html]
[www.patlive.com/wp-content/uploads/essential-addons-elementor/eael-12f8e3.js]
[www.patlive.com/blog/hidden-cost-of-vacation-for-law-firms/link.href, location.html]
[www.patlive.com/wp-content/uploads/elementor/css/post-313945f1f.css]
[www.patlive.com/wp-content/uploads/essential-addons-elementor/eael-12dfff.css]
[www.patlive.com/wp-json/oembed/1.0/embedbd90.json]
[www.patlive.com/wp-json/oembed/1.0/embed01ea]
[www.patlive.com/blog/how-lawyers-improve-legal-client-communication-in-summer/Firefox/index.html]
[www.patlive.com/wp-json/wp/v2/posts/27308.json]
[www.patlive.com/wp-content/uploads/2025/01/PATLive-Customer-Case-Study-Sally-Morin-Law.pdf]
[www.patlive.com/category/legal-answering-service]
[www.patlive.com/blog/how-lawyers-improve-legal-client-communication-in-summer/link.href, location.origin]
[www.patlive.com/blog/how-lawyers-improve-legal-client-communication-in-summer/index.html]
[www.patlive.com/wp-json/oembed/1.0/embed98de.json]
[www.patlive.com/wp-json/oembed/1.0/embedb314]
[www.patlive.com/blog/spring-roofing-call-handling/Firefox/index.html]
[www.patlive.com/wp-json/wp/v2/posts/26876.json]
[www.patlive.com/wp-content/uploads/2025/04/Spring-roofing-call-handling.png]
[www.patlive.com/blog/spring-roofing-call-handling/link.href, location.origin]
[www.patlive.com/blog/spring-roofing-call-handling/index.html]
[www.patlive.com/wp-content/uploads/2025/04/Scale-Business-Conversation-Answering-Service.png]
[www.patlive.com/wp-json/oembed/1.0/embedce4e.json]
[www.patlive.com/wp-json/oembed/1.0/embedf933]
[www.patlive.com/blog/scale-business-stress-free-with-an-answering-service/Firefox/index.html]
[www.patlive.com/wp-json/wp/v2/posts/26868.json]
[www.patlive.com/blog/scale-business-stress-free-with-an-answering-service/link.href, location.origin]
[www.patlive.com/blog/scale-business-stress-free-with-an-answering-service/index.html]
[www.patlive.com/wp-content/uploads/2025/03/bankruptcy-law-firm-call-handling.png]
[www.patlive.com/wp-json/oembed/1.0/embed2a1d.json]
[www.patlive.com/wp-json/oembed/1.0/embedde61]
[www.patlive.com/blog/bankruptcy-law-firm-call-handling-how-to/Firefox/index.html]
[www.patlive.com/wp-json/wp/v2/posts/26858.json]
[www.patlive.com/industries/bankruptcy-law-firm]
[www.patlive.com/blog/bankruptcy-law-firm-call-handling-how-to/link.href, location.origin]
[www.patlive.com/blog/bankruptcy-law-firm-call-handling-how-to/index.html]
[www.patlive.com/blog/2/link.href, location.html]
[www.patlive.com/wp-content/uploads/2025/03/Blog-Banner-6.png]
[www.patlive.com/wp-json/oembed/1.0/embedcf8c.json]
[www.patlive.com/wp-json/oembed/1.0/embeda351]
[www.patlive.com/blog/spring-cleaning-business-prep-for-peak-season/Firefox/index.html]
[www.patlive.com/wp-json/wp/v2/posts/26854.json]
[www.patlive.com/blog/transform-home-services-business-phone-answering/index.html]
[www.patlive.com/blog/small-business-marketing-tips/index.html]
[www.patlive.com/blog/guide-starting-new-business/index.html]
[www.patlive.com/blog/spring-cleaning-business-prep-for-peak-season/link.href, location.origin]
[www.patlive.com/blog/spring-cleaning-business-prep-for-peak-season/index.html]
[www.patlive.com/blog/top-5-customer-service-skills/index.html]
[www.patlive.com/wp-json/oembed/1.0/embed2693.json]
[www.patlive.com/wp-json/oembed/1.0/embedc401]
[www.patlive.com/blog/power-of-customer-reviews/Firefox/index.html]
[www.patlive.com/wp-json/wp/v2/posts/26836.json]
[www.patlive.com/wp-content/uploads/2025/03/Blog-Banner-5.png]
[www.patlive.com/resources/download-free-resource-ultimate-hvac-customer-service-playbook761c]
[www.patlive.com/blog/power-of-customer-reviews/link.href, location.origin]
[www.patlive.com/blog/power-of-customer-reviews/index.html]
[www.patlive.com/wp-content/uploads/2025/03/Women-Entrepreneurs-using-virtual-receptionists.jpg]
[www.patlive.com/wp-json/oembed/1.0/embedffcd.json]
[www.patlive.com/wp-json/oembed/1.0/embed06ef]
[www.patlive.com/wp-content/cache/min/1/wp-includes/css/dist/block-library/style.min8a51.css]
[www.patlive.com/wp-content/cache/min/1/wp-content/plugins/elementor/assets/css/widget-heading.minf44c.css]
[www.patlive.com/blog/celebrating-women-entrepreneurs-the-trailblazers-of-small-business-success/Firefox/index.html]
[www.patlive.com/wp-content/cache/min/1/wp-content/plugins/elementor-pro/assets/css/widget-post-info.min379c.css]
[www.patlive.com/wp-content/cache/min/1/wp-content/plugins/elementor/assets/css/widget-image.mina1b9.css]
[www.patlive.com/wp-content/cache/min/1/wp-content/plugins/elementor-pro/assets/css/widget-table-of-contents.min61fc.css]
[www.patlive.com/wp-content/cache/min/1/wp-content/plugins/elementor-pro/assets/css/widget-share-buttons.min61fc.css]
[www.patlive.com/wp-content/cache/min/1/wp-content/plugins/elementor-pro/assets/css/widget-author-box.min61fc.css]
[www.patlive.com/wp-content/cache/min/1/wp-content/plugins/elementor-pro/assets/css/widget-loop-common.min61fc.css]
[www.patlive.com/wp-content/uploads/elementor/css/post-26826a52c.css]
[www.patlive.com/wp-content/cache/min/1/wp-content/plugins/essential-addons-for-elementor-lite/assets/front-end/css/view/general.minf44c.css]
[www.patlive.com/wp-content/cache/min/1/wp-content/plugins/elementor/assets/css/widget-social-icons.mina1b9.css]
[www.patlive.com/wp-content/cache/min/1/wp-content/plugins/elementor/assets/css/widget-icon-list.mina1b9.css]
[www.patlive.com/wp-content/cache/min/1/wp-content/plugins/elementor-pro/assets/css/widget-blockquote.mina1b9.css]
[www.patlive.com/wp-content/cache/min/1/wp-content/plugins/elementor-pro/assets/css/widget-mega-menu.mina1b9.css]
[www.patlive.com/wp-content/cache/min/1/wp-content/plugins/elementor-pro/assets/css/widget-nav-menu.min34d6.css]
[www.patlive.com/wp-json/wp/v2/posts/26826.json]
[www.patlive.com/wp-content/cache/min/1/wp-content/plugins/elementor-pro/assets/css/modules/sticky.min34d6.css]
[www.patlive.com/wp-content/cache/min/1/wp-content/plugins/elementor/assets/lib/animations/styles/fadeIn.mina1b9.css]
[www.patlive.com/wp-content/cache/min/1/wp-content/plugins/elementor-pro/assets/css/conditionals/popup.min34d6.css]
[www.patlive.com/blog/celebrating-women-entrepreneurs-the-trailblazers-of-small-business-success/link.href, location.origin]
[www.patlive.com/blog/celebrating-women-entrepreneurs-the-trailblazers-of-small-business-success/index.html]
[www.patlive.com/wp-content/uploads/2025/02/legal-blog-banner.png]
[www.patlive.com/wp-json/oembed/1.0/embed18ce.json]
[www.patlive.com/wp-json/oembed/1.0/embedad81]
[www.patlive.com/blog/best-legal-practice-areas-for-legal-answering-service/Firefox/index.html]
[www.patlive.com/wp-json/wp/v2/posts/26692.json]
[www.patlive.com/blog/best-legal-practice-areas-for-legal-answering-service/link.href, location.origin]
[www.patlive.com/blog/best-legal-practice-areas-for-legal-answering-service/index.html]
[www.patlive.com/wp-content/uploads/2025/02/What-Is-a-Legal-Answering-Service2_s.jpg]
[www.patlive.com/wp-json/oembed/1.0/embedcba1.json]
[www.patlive.com/wp-json/oembed/1.0/embedfcf0]
[www.patlive.com/blog/what-is-a-legal-answering-service/Firefox/index.html]
[www.patlive.com/wp-json/wp/v2/posts/26643.json]
[www.patlive.com/blog/what-is-a-legal-answering-service/link.href, location.origin]
[www.patlive.com/blog/what-is-a-legal-answering-service/index.html]
[www.patlive.com/wp-content/uploads/2025/02/pexels-jose-andres-pacheco-cortes-3641213-5463581-scaled-1.jpg]
[www.patlive.com/wp-json/oembed/1.0/embedb277.json]
[www.patlive.com/wp-json/oembed/1.0/embeda8df]
[www.patlive.com/wp-content/uploads/elementor/css/post-266400e19.css]
[www.patlive.com/blog/top-home-service-trends-2025-how-a-virtual-receptionist-helps-your-business/Firefox/index.html]
[www.patlive.com/wp-json/wp/v2/posts/26640.json]
[www.patlive.com/features/24-7-answering-services/index.html]
[www.patlive.com/blog/top-home-service-trends-2025-how-a-virtual-receptionist-helps-your-business/link.href, location.829.delayed]
[www.patlive.com/blog/top-home-service-trends-2025-how-a-virtual-receptionist-helps-your-business/index.html]
[www.patlive.com/blog/3/link.href, location.html]
[www.patlive.com/wp-content/uploads/2025/01/pexels-olly-3771049-scaled-1.jpg]
[www.patlive.com/wp-json/oembed/1.0/embed3f04.json]
[www.patlive.com/wp-json/oembed/1.0/embed6397]
[www.patlive.com/blog/how-do-answering-services-work-at-night/Firefox/index.html]
[www.patlive.com/wp-json/wp/v2/posts/26202.json]
[www.patlive.com/blog/how-do-answering-services-work-at-night/link.href, location.origin]
[www.patlive.com/blog/how-do-answering-services-work-at-night/index.html]
[www.patlive.com/wp-content/uploads/2024/12/Is-Phone-Etiquette-Important_-How-To-Improve-Yours-2_s.jpg]
[www.patlive.com/wp-json/oembed/1.0/embed975b.json]
[www.patlive.com/wp-json/oembed/1.0/embed8801]
[www.patlive.com/blog/law-firm-phone-etiquette/Firefox/index.html]
[www.patlive.com/wp-json/wp/v2/posts/26134.json]
[www.patlive.com/blog/law-firm-phone-etiquette/link.href, location.origin]
[www.patlive.com/blog/law-firm-phone-etiquette/index.html]
[www.patlive.com/wp-content/uploads/2024/12/How-Can-Attorneys-in-Florida-Handle-Calls-After-Hours_s.jpg]
[www.patlive.com/wp-json/oembed/1.0/embed8e08.json]
[www.patlive.com/wp-json/oembed/1.0/embed7114]
[www.patlive.com/blog/florida-law-firm-after-hours-calls/Firefox/index.html]
[www.patlive.com/wp-json/wp/v2/posts/26114.json]
[www.patlive.com/blog/florida-law-firm-after-hours-calls/link.href, location.origin]
[www.patlive.com/blog/florida-law-firm-after-hours-calls/index.html]
[www.patlive.com/wp-json/oembed/1.0/embedc3f2.json]
[www.patlive.com/wp-json/oembed/1.0/embed05a1]
[www.patlive.com/blog/lawyers-dont-miss-leads-while-youre-on-vacation/Firefox/index.html]
[www.patlive.com/wp-json/wp/v2/posts/26109.json]
[www.patlive.com/blog/lawyers-dont-miss-leads-while-youre-on-vacation/link.href, location.origin]
[www.patlive.com/blog/lawyers-dont-miss-leads-while-youre-on-vacation/index.html]
[www.patlive.com/wp-content/uploads/2024/11/Is-an-Answering-Service-a-Good-Fit-for-Your-Law-Firm-2_s.jpg]
[www.patlive.com/wp-json/oembed/1.0/embed6ab7.json]
[www.patlive.com/wp-json/oembed/1.0/embed7838]
[www.patlive.com/blog/is-an-answering-service-a-good-fit-for-your-law-firm/Firefox/index.html]
[www.patlive.com/wp-json/wp/v2/posts/26072.json]
[www.patlive.com/blog/is-an-answering-service-a-good-fit-for-your-law-firm/link.href, location.origin]
[www.patlive.com/blog/is-an-answering-service-a-good-fit-for-your-law-firm/index.html]
[www.patlive.com/wp-content/uploads/2024/10/Mastering-Call-Handling-Skills-scaled-1.jpg]
[www.patlive.com/wp-json/oembed/1.0/embeda35a.json]
[www.patlive.com/wp-json/oembed/1.0/embed2d06]
[www.patlive.com/blog/mastering-call-handling-skills/Firefox/index.html]
[www.patlive.com/wp-json/wp/v2/posts/25999.json]
[www.patlive.com/blog/mastering-call-handling-instructions/index.html]
[www.patlive.com/blog/increase-repeat-customer-base/index.html]
[www.patlive.com/blog/getting-personal-with-customers/index.html]
[www.patlive.com/blog/develop-perfect-call-script/index.html]
[www.patlive.com/blog/seamless-interactions-virtual-receptionists/index.html]
[www.patlive.com/blog/mastering-call-handling-skills/link.href, location.origin]
[www.patlive.com/blog/mastering-call-handling-skills/index.html]
[www.patlive.com/wp-json/oembed/1.0/embed0f89.json]
[www.patlive.com/wp-json/oembed/1.0/embed2d64]
[www.patlive.com/blog/call-types-navigating-the-right-choice-for-your-business/Firefox/index.html]
[www.patlive.com/wp-json/wp/v2/posts/25992.json]
[www.patlive.com/wp-content/uploads/2024/10/types-of-calls-scaled-1.jpg]
[www.patlive.com/services/phone-answering-service/event-registrations]
[www.patlive.com/wp-content/uploads/2024/10/image1-1.png]
[www.patlive.com/blog/call-types-navigating-the-right-choice-for-your-business/link.href, location.origin]
[www.patlive.com/blog/call-types-navigating-the-right-choice-for-your-business/index.html]
[www.patlive.com/blog/4/link.href, location.html]
[www.patlive.com/wp-json/oembed/1.0/embed1fc0.json]
[www.patlive.com/wp-json/oembed/1.0/embedf853]
[www.patlive.com/blog/inbound-call-handling/Firefox/index.html]
[www.patlive.com/wp-json/wp/v2/posts/25981.json]
[www.patlive.com/wp-content/uploads/2024/10/call-handling-scaled-1.jpg]
[www.patlive.com/wp-content/uploads/2024/10/image1.png]
[www.patlive.com/platform-features/voicemail-boxes]
[www.patlive.com/blog/inbound-call-handling/link.href, location.origin]
[www.patlive.com/blog/inbound-call-handling/index.html]
[www.patlive.com/wp-json/oembed/1.0/embed9713.json]
[www.patlive.com/wp-json/oembed/1.0/embed120c]
[www.patlive.com/blog/customer-service-week-2024/Firefox/index.html]
[www.patlive.com/wp-json/wp/v2/posts/25861.json]
[www.patlive.com/wp-content/uploads/2024/01/quote-thank-people-jfk.jpg]
[www.patlive.com/wp-content/uploads/2019/12/10-books-every-small-business-owner-should-read-1024x576.jpg]
[www.patlive.com/blog/33-quotes-gratitude/index.html]
[www.patlive.com/blog/customer-service-week-2024/link.href, location.origin]
[www.patlive.com/blog/customer-service-week-2024/index.html]
[www.patlive.com/blog/101-business-books/index.html]
[www.patlive.com/wp-json/oembed/1.0/embed8047.json]
[www.patlive.com/wp-json/oembed/1.0/embed5686]
[www.patlive.com/blog/automated-phone-system-vs-virtual-receptionists/Firefox/index.html]
[www.patlive.com/wp-json/wp/v2/posts/25923.json]
[www.patlive.com/wp-content/uploads/2024/09/automated-phone-system-scaled-1.jpg]
[www.patlive.com/blog/automated-phone-system-vs-virtual-receptionists/link.href, location.origin]
[www.patlive.com/blog/automated-phone-system-vs-virtual-receptionists/index.html]
[www.patlive.com/wp-json/oembed/1.0/embedb257.json]
[www.patlive.com/wp-json/oembed/1.0/embed51af]
[www.patlive.com/blog/best-communication-platforms-for-small-business-success/Firefox/index.html]
[www.patlive.com/wp-json/wp/v2/posts/25914.json]
[www.patlive.com/wp-content/uploads/2024/09/communication-platform-scaled-1.jpg]
[www.patlive.com/wp-content/uploads/2024/09/image3-2-1024x514.png]
[www.patlive.com/wp-content/uploads/2024/09/image4-2-1024x573.png]
[www.patlive.com/wp-content/uploads/2024/09/image2-2-1024x573.png]
[www.patlive.com/wp-content/uploads/2024/09/image1-2-1024x674.png]
[www.patlive.com/blog/best-communication-platforms-for-small-business-success/link.href, location.origin]
[www.patlive.com/blog/best-communication-platforms-for-small-business-success/index.html]
[www.patlive.com/wp-json/oembed/1.0/embed3f52.json]
[www.patlive.com/wp-json/oembed/1.0/embed22b8]
[www.patlive.com/blog/best-legal-intake-software-for-law-firms/Firefox/index.html]
[www.patlive.com/wp-json/wp/v2/posts/25903.json]
[www.patlive.com/wp-content/uploads/2024/09/legal-intake-software-scaled-1.jpg]
[www.patlive.com/wp-content/uploads/2024/09/image4-1-1024x451.png]
[www.patlive.com/wp-content/uploads/2024/09/image2-1-1024x521.png]
[www.patlive.com/wp-content/uploads/2024/09/image3-1-1024x512.png]
[www.patlive.com/wp-content/uploads/2024/09/image5-1-1024x545.png]
[www.patlive.com/wp-content/uploads/2024/09/image1-1-1024x577.png]
[www.patlive.com/blog/best-legal-intake-software-for-law-firms/link.href, location.origin]
[www.patlive.com/blog/best-legal-intake-software-for-law-firms/index.html]
[www.patlive.com/wp-content/uploads/2024/09/answering-service-cost-scaled-1.jpg]
[www.patlive.com/wp-json/oembed/1.0/embed312c.json]
[www.patlive.com/wp-json/oembed/1.0/embed57c4]
[www.patlive.com/wp-content/uploads/elementor/css/post-25874eabc.css]
[www.patlive.com/blog/how-much-does-an-answering-service-cost/Firefox/index.html]
[www.patlive.com/wp-json/wp/v2/posts/25874.json]
[www.patlive.com/blog/how-much-does-an-answering-service-cost/link.href, location.origin]
[www.patlive.com/blog/how-much-does-an-answering-service-cost/index.html]
[www.patlive.com/wp-content/uploads/2022/08/call-transfers-2.2.jpg]
[www.patlive.com/wp-json/oembed/1.0/embed98e9.json]
[www.patlive.com/wp-json/oembed/1.0/embed9382]
[www.patlive.com/blog/call-screening-and-transfers/Firefox/index.html]
[www.patlive.com/wp-json/wp/v2/posts/25833.json]
[www.patlive.com/blog/call-screening-and-transfers/link.href, location.origin]
[www.patlive.com/blog/call-screening-and-transfers/index.html]
[www.patlive.com/wp-json/oembed/1.0/embedacd6.json]
[www.patlive.com/wp-json/oembed/1.0/embedcf7f]
[www.patlive.com/blog/streamlining-your-sales-funnel/Firefox/index.html]
[www.patlive.com/wp-json/wp/v2/posts/25823.json]
[www.patlive.com/contact/request-a-call]
[www.patlive.com/blog/streamlining-your-sales-funnel/link.href, location.origin]
[www.patlive.com/blog/streamlining-your-sales-funnel/index.html]
[www.patlive.com/wp-json/oembed/1.0/embed6ff0.json]
[www.patlive.com/wp-json/oembed/1.0/embed6bb0]
[www.patlive.com/blog/appointment-scheduling-for-home-services/Firefox/index.html]
[www.patlive.com/wp-json/wp/v2/posts/25586.json]
[www.patlive.com/blog/3-ways-patlive-integrates-with-jobber/index.html]
[www.patlive.com/blog/appointment-scheduling-for-home-services/link.href, location.origin]
[www.patlive.com/blog/appointment-scheduling-for-home-services/index.html]
[www.patlive.com/blog/5/link.href, location.html]
[www.patlive.com/resources/guides-ebooks/regain-billable-hours/i.html]
[www.patlive.com/resources/guides-ebooks/regain-billable-hours/Firefox/index.html]
[www.patlive.com/index613b.html]
[www.patlive.com/wp-content/uploads/essential-addons-elementor/eael-12c807.js]
[www.patlive.com/resources/guides-ebooks/regain-billable-hours/link.href, location.html]
[www.patlive.com/resources/guides-ebooks/hvac-customer-service-playbook/i.html]
[www.patlive.com/resources/guides-ebooks/hvac-customer-service-playbook/Firefox/index.html]
[www.patlive.com/indexfa91.html]
[www.patlive.com/wp-content/uploads/essential-addons-elementor/eael-12007c.js]
[www.patlive.com/resources/guides-ebooks/hvac-customer-service-playbook/link.href, location.html]
[www.patlive.com/resources/guides-ebooks/increase-legal-leads-without-losing-quality/i.html]
[www.patlive.com/resources/guides-ebooks/increase-legal-leads-without-losing-quality/Firefox/index.html]
[www.patlive.com/index54bb.html]
[www.patlive.com/wp-content/uploads/essential-addons-elementor/eael-1260e6.js]
[www.patlive.com/resources/guides-ebooks/increase-legal-leads-without-losing-quality/link.href, location.html]
[www.patlive.com/resources/guides-ebooks/home-services-communication-toolkit/i.html]
[www.patlive.com/resources/guides-ebooks/home-services-communication-toolkit/Firefox/index.html]
[www.patlive.com/index0f1b.html]
[www.patlive.com/wp-content/uploads/essential-addons-elementor/eael-12f7ee.js]
[www.patlive.com/resources/guides-ebooks/home-services-communication-toolkit/link.href, location.html]
[www.patlive.com/wp-content/plugins/elementor/assets/lib/font-awesome/webfonts/fa-regular-400.svg]
[www.patlive.com/blog/a-guide-to-hiring-a-small-business-answering-service/Firefox/index.html]
[www.patlive.com/index991f.html]
[www.patlive.com/wp-content/uploads/essential-addons-elementor/eael-12e1b1.js]
[www.patlive.com/blog/a-guide-to-hiring-a-small-business-answering-service/link.href, location.html]
[www.patlive.com/blog/comparing-in-house-vs-virtual/Firefox/index.html]
[www.patlive.com/index24d1.html]
[www.patlive.com/services/phone-answering-service/sales-calls.html]
[www.patlive.com/wp-content/uploads/essential-addons-elementor/eael-124185.js]
[www.patlive.com/blog/comparing-in-house-vs-virtual/link.href, location.html]
[www.patlive.com/blog/value-of-human-support/Firefox/index.html]
[www.patlive.com/index4c2c.html]
[www.patlive.com/wp-content/uploads/essential-addons-elementor/eael-12dda2.js]
[www.patlive.com/blog/value-of-human-support/link.href, location.html]
[www.patlive.com/contact-us/outbound-signup/i.html]
[www.patlive.com/contact-us/outbound-signup/Firefox/index.html]
[www.patlive.com/indexd241.html]
[www.patlive.com/wp-content/uploads/essential-addons-elementor/eael-129691.js]
[www.patlive.com/contact-us/outbound-signup/link.href, location.html]
[www.patlive.com/wp-content/plugins/elementor-pro/assets/css/widget-off-canvas.min5fc8.css]
[www.patlive.com/wp-content/uploads/elementor/css/post-4093385f.css]
[www.patlive.com/wp-content/uploads/essential-addons-elementor/eael-12f700.css]
[www.patlive.com/wp-content/plugins/elementor-pro/assets/css/modules/motion-fx.min5fc8.css]
[www.patlive.com/solutions/bilingual-support-spanish/i.html]
[www.patlive.com/solutions/bilingual-support-spanish/Firefox/index.html]
[www.patlive.com/index44c1.html]
[www.patlive.com/wp-content/uploads/essential-addons-elementor/eael-12d077.js]
[www.patlive.com/solutions/bilingual-support-spanish/link.href, location.html]
[www.patlive.com/blog/common-faqs-about-legal-answering-services/Firefox/index.html]
[www.patlive.com/index236d.html]
[www.patlive.com/blog/author/kasia-nelson/i]
[www.patlive.com/wp-content/uploads/elementor/css/post-3975583b6.css]
[www.patlive.com/wp-json/wp/v2/users/11.json]
[www.patlive.com/blog/author/kasia-nelson/feed/index.html]
[www.patlive.com/blog/author/kasia-nelson/Firefox/index.html]
[www.patlive.com/blog/author/kasia-nelson/link.href, location.origin]
[www.patlive.com/blog/author/kasia-nelson/index.html]
[www.patlive.com/wp-content/uploads/essential-addons-elementor/eael-122a0e.js]
[www.patlive.com/blog/common-faqs-about-legal-answering-services/link.href, location.html]
[www.patlive.com/blog/the-cost-of-missed-calls/Firefox/index.html]
[www.patlive.com/wp-content/uploads/elementor/css/post-26991124d.css]
[www.patlive.com/index1913.html]
[www.patlive.com/wp-content/uploads/essential-addons-elementor/eael-12566b.js]
[www.patlive.com/blog/the-cost-of-missed-calls/link.href, location.html]
[www.patlive.com/blog/answering-service-for-nonprofits/Firefox/index.html]
[www.patlive.com/indexa7dd.html]
[www.patlive.com/wp-content/uploads/essential-addons-elementor/eael-123e74.js]
[www.patlive.com/blog/answering-service-for-nonprofits/link.href, location.html]
[www.patlive.com/blog/5-tools-real-estate-investors/Firefox/index.html]
[www.patlive.com/blog/5-tools-that-will-make-every-real-estate-investors-job-much-easier/index.html]
[www.patlive.com/indexbbf0.html]
[www.patlive.com/services/phone-answering-service/emergency-dispatch.html]
[www.patlive.com/wp-content/uploads/2023/08/webchat-icon.png]
[www.patlive.com/wp-json/oembed/1.0/embed3347.json]
[www.patlive.com/wp-json/oembed/1.0/embeda029]
[www.patlive.com/blog/web-chats-for-business/Firefox/index.html]
[www.patlive.com/wp-json/wp/v2/posts/22184.json]
[www.patlive.com/blog/web-chats-for-business/link.href, location.origin]
[www.patlive.com/blog/web-chats-for-business/index.html]
[www.patlive.com/wp-content/uploads/essential-addons-elementor/eael-12f311.js]
[www.patlive.com/blog/5-tools-real-estate-investors/link.href, location.html]
[www.patlive.com/blog/answering-service-real-estate-investors/Firefox/index.html]
[www.patlive.com/indexef17.html]
[www.patlive.com/wp-content/uploads/2020/06/5-Resources-that-will-make-every-real-estate-investors-job.jpg]
[www.patlive.com/wp-json/oembed/1.0/embed38c2.json]
[www.patlive.com/wp-json/oembed/1.0/embedf300]
[www.patlive.com/blog/how-to-snag-a-millennial-real-estate-client/Firefox/index.html]
[www.patlive.com/wp-json/wp/v2/posts/31221.json]
[www.patlive.com/blog/how-to-snag-a-millennial-real-estate-client/link.href, location.origin]
[www.patlive.com/blog/how-to-snag-a-millennial-real-estate-client/index.html]
[www.patlive.com/wp-content/uploads/2020/10/blog-article-6-Simple-Ways-to-Automate-Customer-Communication-1.jpg]
[www.patlive.com/wp-json/oembed/1.0/embed8e3c.json]
[www.patlive.com/wp-json/oembed/1.0/embeda335]
[www.patlive.com/blog/the-best-ways-for-real-estate-to-answer-phone-calls/Firefox/index.html]
[www.patlive.com/wp-json/wp/v2/posts/17446.json]
[www.patlive.com/wp-content/uploads/2021/06/blog-article-diamond-equity-real-estate-case-study-1024x576.jpg]
[www.patlive.com/blog/the-best-ways-for-real-estate-to-answer-phone-calls/link.href, location.origin]
[www.patlive.com/blog/the-best-ways-for-real-estate-to-answer-phone-calls/index.html]
[www.patlive.com/wp-content/uploads/essential-addons-elementor/eael-124236.js]
[www.patlive.com/blog/answering-service-real-estate-investors/link.href, location.html]
[www.patlive.com/blog/5-signs-you-need-24-7-virtual-receptionist-for-your-business/Firefox/index.html]
[www.patlive.com/indexd010.html]
[www.patlive.com/wp-content/uploads/essential-addons-elementor/eael-129ff4.js]
[www.patlive.com/blog/5-signs-you-need-24-7-virtual-receptionist-for-your-business/link.href, location.html]
[www.patlive.com/blog/hvac-business-tips/Firefox/index.html]
[www.patlive.com/index2a2a.html]
[www.patlive.com/resources/download-free-resource-ultimate-hvac-customer-service-playbook.html]
[www.patlive.com/reviews.html]
[www.patlive.com/wp-content/uploads/essential-addons-elementor/eael-1299fa.js]
[www.patlive.com/blog/hvac-business-tips/link.href, location.html]
[www.patlive.com/blog/answering-service-contractors/Firefox/index.html]
[www.patlive.com/indexac39.html]
[www.patlive.com/wp-content/uploads/essential-addons-elementor/eael-12dc82.js]
[www.patlive.com/blog/answering-service-contractors/link.href, location.html]
[www.patlive.com/custom-plan/i.html]
[www.patlive.com/custom-plan/Firefox/index.html]
[www.patlive.com/index4fb9.html]
[www.patlive.com/wp-content/uploads/essential-addons-elementor/eael-12755a.js]
[www.patlive.com/custom-plan/link.href, location.html]
[www.patlive.com/enterprise/inquire/i.html]
[www.patlive.com/enterprise/inquire/Firefox/index.html]
[www.patlive.com/indexb7a4.html]
[www.patlive.com/wp-content/uploads/essential-addons-elementor/eael-1251fd.js]
[www.patlive.com/enterprise/inquire/link.href, location.html]
[www.patlive.com/referral-signup/i.html]
[www.patlive.com/referral-signup/Firefox/index.html]
[www.patlive.com/index48dc.html]
[www.patlive.com/wp-content/uploads/essential-addons-elementor/eael-12ca50.js]
[www.patlive.com/referral-signup/link.href, location.html]
[www.patlive.com/why-partner/i.html]
[www.patlive.com/why-partner/Firefox/index.html]
[www.patlive.com/index2975.html]
[www.patlive.com/wp-content/uploads/essential-addons-elementor/eael-12eb55.js]
[www.patlive.com/why-partner/link.href, location.html]
[www.patlive.com/blog/author/emily-abellerapatlive-com/i.html]
[www.patlive.com/blog/author/emily-abellerapatlive-com/Firefox/index.html]
[www.patlive.com/blog/author/john-gonzalezpatlive-com/index.html]
[www.patlive.com/blog/author/emily-abellerapatlive-com/page/2/i]
[www.patlive.com/blog/author/emily-abellerapatlive-com/page/2/Firefox/index.html]
[www.patlive.com/blog/author/emily-abellerapatlive-com/page/2/link.href, location.origin]
[www.patlive.com/blog/author/emily-abellerapatlive-com/page/2/index.html]
[www.patlive.com/blog/author/emily-abellerapatlive-com/link.href, location.html]
[www.patlive.com/blog/author/james-collierpatlive-com/i.html]
[www.patlive.com/blog/author/james-collierpatlive-com/Firefox/index.html]
[www.patlive.com/blog/author/emily-abellerapatlive-com/page/3/index.html]
[www.patlive.com/blog/author/james-collierpatlive-com/page/2/i]
[www.patlive.com/wp-content/uploads/2023/01/investment-in-training-886x1024.jpg]
[www.patlive.com/wp-content/uploads/2018/06/What-are-Virtual-Receptionists-The-PATLive-Guide-1024x576.jpg]
[www.patlive.com/wp-content/uploads/2024/07/Remote-Virtual-Training-1024x563.png]
[www.patlive.com/wp-content/uploads/2023/12/integrations.jpg]
[www.patlive.com/wp-content/uploads/2024/04/PL-Blog-National-Small-Business-Week-042024-1024x536.png]
[www.patlive.com/blog/patlive-onboarding/index.html]
[www.patlive.com/blog/author/james-collierpatlive-com/page/2/Firefox/index.html]
[www.patlive.com/blog/revolutionizing-virtual-training/index.html]
[www.patlive.com/blog/author/james-collierpatlive-com/page/3/index.html]
[www.patlive.com/blog/author/james-collierpatlive-com/page/2/link.href, location.origin]
[www.patlive.com/blog/author/james-collierpatlive-com/page/2/index.html]
[www.patlive.com/blog/5-ways-to-celebrate-national-small-business-week/index.html]
[www.patlive.com/blog/patlive-mission-vision-guiding-principles/index.html]
[www.patlive.com/wp-content/uploads/2020/06/7-Things-Every-Virtual-Office-Needs.jpg]
[www.patlive.com/wp-json/oembed/1.0/embed4b8c.json]
[www.patlive.com/wp-json/oembed/1.0/embed8a55]
[www.patlive.com/blog/myths-about-virtual-recepionists/Firefox/index.html]
[www.patlive.com/wp-json/wp/v2/posts/25564.json]
[www.patlive.com/blog/myths-about-virtual-recepionists/link.href, location.origin]
[www.patlive.com/blog/myths-about-virtual-recepionists/index.html]
[www.patlive.com/wp-json/oembed/1.0/embedc848.json]
[www.patlive.com/wp-json/oembed/1.0/embedba1a]
[www.patlive.com/blog/how-answering-services-work/Firefox/index.html]
[www.patlive.com/wp-json/wp/v2/posts/25529.json]
[www.patlive.com/blog/how-answering-services-work/link.href, location.origin]
[www.patlive.com/blog/how-answering-services-work/index.html]
[www.patlive.com/wp-content/uploads/essential-addons-elementor/eael-121c29.js]
[www.patlive.com/blog/author/james-collierpatlive-com/link.href, location.html]
[www.patlive.com/start-free-trial/i.html]
[www.patlive.com/start-free-trial/Firefox/index.html]
[www.patlive.com/index7ca0.html]
[www.patlive.com/wp-content/uploads/essential-addons-elementor/eael-120bc6.js]
[www.patlive.com/start-free-trial/link.href, location.html]
[www.patlive.com/blog/tag/85/i.html]
[www.patlive.com/blog/tag/85/Firefox/index.html]
[www.patlive.com/blog/tag/85/link.href, location.html]
[www.patlive.com/blog/jobber-integration-home-service-businesses/index.html]
[www.patlive.com/wp-content/uploads/elementor/css/post-239151525.css]
[www.patlive.com/wp-content/uploads/essential-addons-elementor/eael-126122.css]
[www.patlive.com/index0a73.html]
[www.patlive.com/partners/jobber7249.html]
[www.patlive.com/wp-content/uploads/essential-addons-elementor/eael-126122.js]
[www.patlive.com/blog/jobber-integration-home-service-businesses/link.href, location.html]
[www.patlive.com/blog/patlive-appoints-jackie-gonzalez-as-its-first-female-ceo/Firefox/index.html]
[www.patlive.com/index7393.html]
[www.patlive.com/wp-content/uploads/essential-addons-elementor/eael-128b65.js]
[www.patlive.com/blog/patlive-appoints-jackie-gonzalez-as-its-first-female-ceo/link.href, location.html]
[www.patlive.com/blog/author/patlive/i.html]
[www.patlive.com/blog/author/patlive/Firefox/index.html]
[www.patlive.com/blog/jobber-integration-home-service-businesses/Firefox/index.html]
[www.patlive.com/blog/author/patlive/page/2/i.999.delayed]
[www.patlive.com/wp-content/uploads/2023/07/Agreement-Handshake.png]
[www.patlive.com/blog/customer-experience-fundamentals/index.html]
[www.patlive.com/wp-content/uploads/2023/03/Virtual-Receptionists.png]
[www.patlive.com/wp-content/uploads/2016/06/Chatbots.jpg]
[www.patlive.com/wp-content/uploads/2018/11/Live-Answer-Scripting-Develop-the-Perfect-Call-Script-1024x576.jpg]
[www.patlive.com/wp-content/uploads/2023/08/call-transfers.2-1024x719.jpg.webp]
[www.patlive.com/wp-content/uploads/2020/07/How-a-virtual-receptionist-can-help-remote-workers-stay-connected-1024x576.jpg]
[www.patlive.com/blog/author/patlive/page/2/Firefox/index.html]
[www.patlive.com/blog/author/patlive/page/3/index.html]
[www.patlive.com/blog/how-craft-call-flow/index.html]
[www.patlive.com/blog/5-tools-virtual-office-to-succeed/index.html]
[www.patlive.com/blog/author/patlive/page/2/link.href, location.origin]
[www.patlive.com/blog/author/patlive/page/2/index.html]
[www.patlive.com/blog/bots/index.html]
[www.patlive.com/blog/virtual-receptionist-achieve-more/index.html]
[www.patlive.com/wp-json/oembed/1.0/embedf5ef.json]
[www.patlive.com/wp-json/oembed/1.0/embedf921]
[www.patlive.com/blog/the-different-types-of-business-communication-and-their-benefits/Firefox/index.html]
[www.patlive.com/wp-json/wp/v2/posts/25593.json]
[www.patlive.com/wp-content/uploads/2024/09/types-of-business-communication-1.jpg]
[www.patlive.com/wp-content/uploads/2024/09/image5-1024x683.png]
[www.patlive.com/wp-content/uploads/2024/09/image4.png]
[www.patlive.com/wp-content/uploads/2024/09/image3.png]
[www.patlive.com/wp-content/uploads/2024/09/image2-1024x576.png]
[www.patlive.com/blog/the-different-types-of-business-communication-and-their-benefits/link.href, location.origin]
[www.patlive.com/blog/the-different-types-of-business-communication-and-their-benefits/index.html]
[www.patlive.com/wp-json/oembed/1.0/embed1aaa.json]
[www.patlive.com/wp-json/oembed/1.0/embed6aa4]
[www.patlive.com/blog/the-ultimate-guide-to-call-handling-for-small-businesses/Firefox/index.html]
[www.patlive.com/wp-json/wp/v2/posts/25589.json]
[www.patlive.com/wp-content/uploads/2024/09/Call-Handling-scaled-1.jpg]
[www.patlive.com/wp-content/uploads/2024/09/Call-center-Benchmarks-.png]
[www.patlive.com/blog/the-ultimate-guide-to-call-handling-for-small-businesses/link.href, location.origin]
[www.patlive.com/blog/the-ultimate-guide-to-call-handling-for-small-businesses/index.html]
[www.patlive.com/blog/author/patlive/link.href, location.html]
[www.patlive.com/blog/5-customer-service-skills/Firefox/index.html]
[www.patlive.com/index9c94.html]
[www.patlive.com/wp-json/oembed/1.0/embedc2b0.json]
[www.patlive.com/wp-json/oembed/1.0/embedc2b7]
[www.patlive.com/blog/34-customer-service-stats/Firefox/index.html]
[www.patlive.com/wp-json/wp/v2/posts/31238.json]
[www.patlive.com/wp-content/uploads/2019/10/34-Customer-Service-Stats-and-Facts-You-Cant-Afford-to-Ignore.jpg]
[www.patlive.com/blog/34-customer-service-stats/link.href, location.origin]
[www.patlive.com/blog/34-customer-service-stats/index.html]
[www.patlive.com/wp-content/uploads/essential-addons-elementor/eael-124688.js]
[www.patlive.com/blog/5-customer-service-skills/link.href, location.html]
[www.patlive.com/blog/personalize-customer-service-small-business/Firefox/index.html]
[www.patlive.com/index2310.html]
[www.patlive.com/blog/technology-changing-customer-service/index.html]
[www.patlive.com/blog/benefits-outsourcing-answering-service/index.html]
[www.patlive.com/wp-content/uploads/essential-addons-elementor/eael-12c1d7.js]
[www.patlive.com/blog/personalize-customer-service-small-business/link.href, location.html]
[www.patlive.com/blog/putting-the-service-back-in-customer-service-how-an-answering-service-can-help/Firefox/index.html]
[www.patlive.com/index5362.html]
[www.patlive.com/24-7-answering-service.html]
[www.patlive.com/blog/benefits-outsourcing-answering-services/index.html]
[www.patlive.com/wp-content/uploads/2016/06/customer-touchpoints.png]
[www.patlive.com/wp-json/oembed/1.0/embed66a0.json]
[www.patlive.com/wp-json/oembed/1.0/embed9006]
[www.patlive.com/wp-content/uploads/elementor/css/post-312404ad4.css]
[www.patlive.com/blog/customer-touchpoints/Firefox/index.html]
[www.patlive.com/wp-json/wp/v2/posts/31240.json]
[www.patlive.com/wp-content/uploads/2024/05/CX-Touchpoints-Before-Buying.jpg]
[www.patlive.com/wp-content/uploads/2024/05/CX-Touchpoints-During-Purchase.jpg]
[www.patlive.com/blog/customer-touchpoints/cx-touchpoints-before-buying/index.html]
[www.patlive.com/wp-content/uploads/2024/05/CX-Touchpoints-After-Buying.jpg]
[www.patlive.com/wp-content/uploads/2024/05/CX-Touchpoints.pdf]
[www.patlive.com/wp-includes/js/dist/script-modules/interactivity/index.min132d.js]
[www.patlive.com/blog/customer-touchpoints/link.href, location.origin]
[www.patlive.com/blog/customer-touchpoints/index.html]
[www.patlive.com/wp-content/uploads/essential-addons-elementor/eael-1289fd.js]
[www.patlive.com/blog/putting-the-service-back-in-customer-service-how-an-answering-service-can-help/link.href, location.html]
[www.patlive.com/blog/unlock-hvac-business-potential-free-ebook/Firefox/index.html]
[www.patlive.com/index15e4.html]
[www.patlive.com/wp-content/uploads/essential-addons-elementor/eael-12d285.js]
[www.patlive.com/blog/unlock-hvac-business-potential-free-ebook/link.href, location.html]
[www.patlive.com/blog/tag/nd/i.html]
[www.patlive.com/blog/tag/nd/Firefox/index.html]
[www.patlive.com/wp-json/oembed/1.0/embede934.json]
[www.patlive.com/wp-json/oembed/1.0/embed8106]
[www.patlive.com/wp-content/uploads/elementor/css/post-31242b5b0.css]
[www.patlive.com/blog/home-service-answering-service/Firefox/index.html]
[www.patlive.com/wp-json/wp/v2/posts/31242.json]
[www.patlive.com/blog/home-service-answering-service/link.href, location.origin]
[www.patlive.com/blog/home-service-answering-service/index.html]
[www.patlive.com/wp-content/uploads/2017/10/Read-if-You-Dare-The-Most-Dreadful-Customer-Service-Stats-of-All-Time.jpg]
[www.patlive.com/wp-json/oembed/1.0/embed20db.json]
[www.patlive.com/wp-json/oembed/1.0/embed1d6a]
[www.patlive.com/blog/wrong-answering-service-law-firm/Firefox/index.html]
[www.patlive.com/wp-json/wp/v2/posts/31200.json]
[www.patlive.com/blog/wrong-answering-service-law-firm/link.href, location.origin]
[www.patlive.com/blog/wrong-answering-service-law-firm/index.html]
[www.patlive.com/wp-json/oembed/1.0/embede314.json]
[www.patlive.com/wp-json/oembed/1.0/embed5983]
[www.patlive.com/blog/in-house-vs-virtual-receptionists/Firefox/index.html]
[www.patlive.com/wp-json/wp/v2/posts/7494.json]
[www.patlive.com/wp-content/uploads/2020/08/Copy-of-In-House-vs-VR.jpg]
[www.patlive.com/blog/in-house-vs-virtual-receptionists/link.href, location.origin]
[www.patlive.com/blog/in-house-vs-virtual-receptionists/index.html]
[www.patlive.com/wp-json/oembed/1.0/embed1825.json]
[www.patlive.com/wp-json/oembed/1.0/embed9b08]
[www.patlive.com/blog/favorite-podcasts-impact-theory/Firefox/index.html]
[www.patlive.com/wp-json/wp/v2/posts/6958.json]
[www.patlive.com/wp-content/uploads/2020/07/PATLive-Fave-Podcast-IT.jpg]
[www.patlive.com/wp-content/uploads/2022/09/impact-theory-belief-system.jpg]
[www.patlive.com/blog/favorite-podcasts-impact-theory/link.href, location.origin]
[www.patlive.com/blog/favorite-podcasts-impact-theory/index.html]
[www.patlive.com/wp-json/oembed/1.0/embed3360.json]
[www.patlive.com/wp-json/oembed/1.0/embed1339]
[www.patlive.com/blog/afford-call-answering-service/Firefox/index.html]
[www.patlive.com/wp-json/wp/v2/posts/6955.json]
[www.patlive.com/wp-content/uploads/2020/07/Can-Your-Small-Business-Afford-A-Call-Answering-Service.jpg]
[www.patlive.com/blog/afford-call-answering-service/link.href, location.origin]
[www.patlive.com/blog/afford-call-answering-service/index.html]
[www.patlive.com/wp-json/oembed/1.0/embed38e7.json]
[www.patlive.com/wp-json/oembed/1.0/embed01a3]
[www.patlive.com/blog/roi-great-customer-service/Firefox/index.html]
[www.patlive.com/wp-json/wp/v2/posts/6938.json]
[www.patlive.com/wp-content/uploads/2020/06/The-ROI-of-Great-Customer-Service-1.jpg]
[www.patlive.com/blog/roi-great-customer-service/link.href, location.origin]
[www.patlive.com/blog/roi-great-customer-service/index.html]
[www.patlive.com/wp-json/oembed/1.0/embed6e0b.json]
[www.patlive.com/wp-json/oembed/1.0/embed9e05]
[www.patlive.com/blog/virtual-office-needs/Firefox/index.html]
[www.patlive.com/wp-json/wp/v2/posts/6701.json]
[www.patlive.com/blog/virtual-office-needs/link.href, location.origin]
[www.patlive.com/blog/virtual-office-needs/index.html]
[www.patlive.com/wp-json/oembed/1.0/embed1fa5.json]
[www.patlive.com/wp-json/oembed/1.0/embed7a58]
[www.patlive.com/blog/resources-real-estate-investor/Firefox/index.html]
[www.patlive.com/wp-json/wp/v2/posts/6670.json]
[www.patlive.com/blog/resources-real-estate-investor/link.href, location.origin]
[www.patlive.com/blog/resources-real-estate-investor/index.html]
[www.patlive.com/blog/tag/nd/page/2/i]
[www.patlive.com/wp-content/uploads/2020/06/5-Seamless-Ways-to-Get-Your-Calls-to-a-Virtual-Receptionist-1024x576.jpg]
[www.patlive.com/wp-content/uploads/2020/06/11-Answering-Service-Posts-Every-Small-Business-Should-Read-1024x576.jpg]
[www.patlive.com/wp-content/uploads/2020/05/How-to-Improve-Customer-Service-Skills-1024x576.jpg]
[www.patlive.com/wp-content/uploads/2020/05/Our-Favorite-Podcasts-1024x576.jpg]
[www.patlive.com/wp-content/uploads/2020/04/How-to-personalize-customer-service-1024x576.jpg]
[www.patlive.com/wp-content/uploads/2020/04/9-Stress-Management-Tips-for-Business-Owners-Leaders-1024x576.jpg]
[www.patlive.com/wp-content/uploads/2020/03/The-Complete-Guide-to-Starting-a-New-Business-1024x576.jpg]
[www.patlive.com/blog/tag/nd/page/2/Firefox/index.html]
[www.patlive.com/blog/answering-service-posts-small-business/index.html]
[www.patlive.com/blog/calls-to-virtual-receptionist/index.html]
[www.patlive.com/wp-content/uploads/2020/03/Why-Word-of-Mouth-is-So-Effective-1024x576.jpg]
[www.patlive.com/wp-content/uploads/2020/03/7-surprising-ways-to-save-your-small-business-money-1024x576.jpg]
[www.patlive.com/wp-content/uploads/2020/02/How-to-Find-the-Right-legal-Answering-Service-1024x576.jpg]
[www.patlive.com/blog/favorite-business-podcasts-2/index.html]
[www.patlive.com/blog/stress-management-tips/index.html]
[www.patlive.com/blog/word-of-mouth/index.html]
[www.patlive.com/blog/save-small-business-money-2/index.html]
[www.patlive.com/blog/how-to-find-the-right-legal-answering-service/index.html]
[www.patlive.com/blog/tag/nd/page/2/link.href, location.origin]
[www.patlive.com/blog/tag/nd/page/2/index.html]
[www.patlive.com/wp-content/uploads/essential-addons-elementor/eael-126640.js]
[www.patlive.com/blog/tag/nd/link.href, location.html]
[www.patlive.com/blog/free-ebook-outsourcing-for-law-firms/Firefox/index.html]
[www.patlive.com/index05c0.html]
[www.patlive.com/wp-content/uploads/essential-addons-elementor/eael-12d59c.js]
[www.patlive.com/blog/free-ebook-outsourcing-for-law-firms/link.href, location.html]
[www.patlive.com/products/signature-service/i.html]
[www.patlive.com/products/signature-service/Firefox/index.html]
[www.patlive.com/index2cb4.html]
[www.patlive.com/blog/tag/nd/page/3/index.html]
[www.patlive.com/signature-service-consultation/i]
[www.patlive.com/wp-json/oembed/1.0/embed3c1e.json]
[www.patlive.com/wp-json/oembed/1.0/embed18d7]
[www.patlive.com/signature-service-consultation/Firefox/index.html]
[www.patlive.com/wp-json/wp/v2/pages/36203.json]
[www.patlive.com/signature-service-consultation/link.href, location.origin]
[www.patlive.com/signature-service-consultation/index.html]
[www.patlive.com/wp-content/uploads/essential-addons-elementor/eael-127dc9.js]
[www.patlive.com/products/signature-service/link.href, location.html]
[www.patlive.com/blog/help-center/Firefox/index.html]
[www.patlive.com/wp-content/uploads/elementor/css/post-25573cdda.css]
[www.patlive.com/indexb636.html]
[www.patlive.com/wp-content/uploads/essential-addons-elementor/eael-123d30.js]
[www.patlive.com/blog/help-center/link.href, location.html]
[www.patlive.com/blog/tag/industry/i.html]
[www.patlive.com/blog/tag/industry/Firefox/index.html]
[www.patlive.com/wp-json/oembed/1.0/embedf28d.json]
[www.patlive.com/wp-json/oembed/1.0/embeda965]
[www.patlive.com/blog/5-customer-service-tools-you-should-be-using/Firefox/index.html]
[www.patlive.com/wp-json/wp/v2/posts/31219.json]
[www.patlive.com/blog/5-customer-service-tools-you-should-be-using/link.href, location.origin]
[www.patlive.com/blog/5-customer-service-tools-you-should-be-using/index.html]
[www.patlive.com/wp-content/uploads/2021/01/blog-article-4-Unexpected-Ways-a-Virtual-Receptionist-Helps-Your-Business.jpg]
[www.patlive.com/wp-json/oembed/1.0/embeddf3d.json]
[www.patlive.com/wp-json/oembed/1.0/embedac68]
[www.patlive.com/blog/4-ways-virtual-receptionist-helps-business/Firefox/index.html]
[www.patlive.com/wp-json/wp/v2/posts/8145.json]
[www.patlive.com/blog/4-ways-virtual-receptionist-helps-business/link.href, location.origin]
[www.patlive.com/blog/4-ways-virtual-receptionist-helps-business/index.html]
[www.patlive.com/wp-content/uploads/essential-addons-elementor/eael-12f8ea.js]
[www.patlive.com/blog/tag/industry/link.href, location.html]
[www.patlive.com/blog/enhance-marketing-strategy-with-virtual-receptionist/Firefox/index.html]
[www.patlive.com/indexa49c.html]
[www.patlive.com/wp-content/uploads/essential-addons-elementor/eael-129a14.js]
[www.patlive.com/blog/enhance-marketing-strategy-with-virtual-receptionist/link.href, location.html]
[www.patlive.com/blog/turn-emergency-hvac-calls-into-repeat-customers/Firefox/index.html]
[www.patlive.com/index685d.html]
[www.patlive.com/wp-content/uploads/essential-addons-elementor/eael-123f69.js]
[www.patlive.com/blog/turn-emergency-hvac-calls-into-repeat-customers/link.href, location.html]
[www.patlive.com/blog/spring-hvac-promotions-to-boost-business-fast/Firefox/index.html]
[www.patlive.com/index2ef1.html]
[www.patlive.com/solutions/emergency-dispatch.html]
[www.patlive.com/wp-content/uploads/2025/01/PATLive-Customer-Case-Study-Joe-Cools-HVAC.html]
[www.patlive.com/blog/spring-hvac-promotions-to-boost-business-fast/link.href, location.html]
[www.patlive.com/blog/how-lawyers-improve-legal-client-communication-in-summer/Firefox/index.html]
[www.patlive.com/index7259.html]
[www.patlive.com/wp-content/uploads/2025/01/PATLive-Customer-Case-Study-Sally-Morin-Law.html]
[www.patlive.com/category/legal-answering-service.html]
[www.patlive.com/wp-content/uploads/essential-addons-elementor/eael-121eb6.js]
[www.patlive.com/blog/how-lawyers-improve-legal-client-communication-in-summer/link.href, location.html]
[www.patlive.com/blog/spring-roofing-call-handling/Firefox/index.html]
[www.patlive.com/indexef4c.html]
[www.patlive.com/wp-content/uploads/essential-addons-elementor/eael-12e031.js]
[www.patlive.com/blog/spring-roofing-call-handling/link.href, location.html]
[www.patlive.com/blog/scale-business-stress-free-with-an-answering-service/Firefox/index.html]
[www.patlive.com/indexca50.html]
[www.patlive.com/wp-content/uploads/essential-addons-elementor/eael-125672.js]
[www.patlive.com/blog/scale-business-stress-free-with-an-answering-service/link.href, location.html]
[www.patlive.com/blog/bankruptcy-law-firm-call-handling-how-to/Firefox/index.html]
[www.patlive.com/index77d2.html]
[www.patlive.com/industries/bankruptcy-law-firm.html]
[www.patlive.com/wp-content/uploads/essential-addons-elementor/eael-1257ac.js]
[www.patlive.com/blog/bankruptcy-law-firm-call-handling-how-to/link.href, location.html]
[www.patlive.com/blog/spring-cleaning-business-prep-for-peak-season/Firefox/index.html]
[www.patlive.com/index7dab.html]
[www.patlive.com/wp-json/oembed/1.0/embed91d9.json]
[www.patlive.com/wp-json/oembed/1.0/embed01b5]
[www.patlive.com/blog/transform-home-services-business-phone-answering/Firefox/index.html]
[www.patlive.com/wp-json/wp/v2/posts/25272.json]
[www.patlive.com/blog/transform-home-services-business-phone-answering/link.href, location.origin]
[www.patlive.com/blog/transform-home-services-business-phone-answering/index.html]
[www.patlive.com/wp-json/oembed/1.0/embed84e1.json]
[www.patlive.com/wp-json/oembed/1.0/embed67f2]
[www.patlive.com/blog/small-business-marketing-tips/Firefox/index.html]
[www.patlive.com/wp-json/wp/v2/posts/31190.json]
[www.patlive.com/wp-content/uploads/2021/01/blog-article-8-Marketing-Tips-to-Promote-Your-Small-Business-2.jpg]
[www.patlive.com/blog/great-customer-service-experience/index.html]
[www.patlive.com/wp-content/uploads/2020/01/26-Motivational-Quotes-To-Get-Your-Day-Started-1-1024x576.jpg]
[www.patlive.com/wp-content/uploads/2020/11/blog-article-Small-Business-Tips-How-to-Generate-Leads-1024x576.jpg]
[www.patlive.com/wp-content/uploads/2021/01/blog-article-5-Ways-to-Protect-Your-Business-From-Robocalls-1-1024x576.jpg]
[www.patlive.com/blog/protect-your-business-from-robocalls/index.html]
[www.patlive.com/blog/small-business-generate-leads/index.html]
[www.patlive.com/blog/small-business-marketing-tips/link.href, location.origin]
[www.patlive.com/blog/small-business-marketing-tips/index.html]
[www.patlive.com/blog/these-startups-have-way-better-benefits-than-you/index.html]
[www.patlive.com/wp-content/uploads/2020/03/The-Complete-Guide-to-Starting-a-New-Business.jpg]
[www.patlive.com/wp-json/oembed/1.0/embed9ae5.json]
[www.patlive.com/wp-json/oembed/1.0/embeda9f6]
[www.patlive.com/blog/guide-starting-new-business/Firefox/index.html]
[www.patlive.com/wp-json/wp/v2/posts/5631.json]
[www.patlive.com/blog/guide-starting-new-business/link.href, location.origin]
[www.patlive.com/blog/guide-starting-new-business/index.html]
[www.patlive.com/blog/customer-journey-mapping/index.html]
[www.patlive.com/wp-json/oembed/1.0/embed4173.json]
[www.patlive.com/wp-json/oembed/1.0/embed9089]
[www.patlive.com/blog/top-5-customer-service-skills/Firefox/index.html]
[www.patlive.com/wp-json/wp/v2/posts/8034.json]
[www.patlive.com/wp-content/uploads/2020/02/6-Simple-Ways-to-Create-A-Lifetime-Customer-Base.jpg]
[www.patlive.com/blog/top-5-customer-service-skills/link.href, location.origin]
[www.patlive.com/blog/top-5-customer-service-skills/index.html]
[www.patlive.com/wp-content/uploads/essential-addons-elementor/eael-123a0a.js]
[www.patlive.com/blog/spring-cleaning-business-prep-for-peak-season/link.href, location.html]
[www.patlive.com/blog/power-of-customer-reviews/Firefox/index.html]
[www.patlive.com/indexbbff.html]
[www.patlive.com/resources/download-free-resource-ultimate-hvac-customer-service-playbook761c.html]
[www.patlive.com/wp-content/uploads/essential-addons-elementor/eael-128882.js]
[www.patlive.com/blog/power-of-customer-reviews/link.href, location.html]
[www.patlive.com/blog/celebrating-women-entrepreneurs-the-trailblazers-of-small-business-success/Firefox/index.html]
[www.patlive.com/wp-content/cache/min/1/wp-includes/css/dist/block-library/style.min8a51.css]
[www.patlive.com/wp-content/cache/min/1/wp-content/plugins/elementor/assets/css/widget-heading.minf44c.css]
[www.patlive.com/wp-content/cache/min/1/wp-content/plugins/elementor-pro/assets/css/widget-post-info.min379c.css]
[www.patlive.com/wp-content/cache/min/1/wp-content/plugins/elementor/assets/css/widget-image.mina1b9.css]
[www.patlive.com/wp-content/cache/min/1/wp-content/plugins/elementor-pro/assets/css/widget-table-of-contents.min61fc.css]
[www.patlive.com/wp-content/cache/min/1/wp-content/plugins/elementor-pro/assets/css/widget-share-buttons.min61fc.css]
[www.patlive.com/wp-content/cache/min/1/wp-content/plugins/elementor-pro/assets/css/widget-author-box.min61fc.css]
[www.patlive.com/wp-content/cache/min/1/wp-content/plugins/elementor-pro/assets/css/widget-loop-common.min61fc.css]
[www.patlive.com/wp-content/uploads/elementor/css/post-26826a52c.css]
[www.patlive.com/wp-content/cache/min/1/wp-content/plugins/essential-addons-for-elementor-lite/assets/front-end/css/view/general.minf44c.css]
[www.patlive.com/wp-content/cache/min/1/wp-content/plugins/elementor/assets/css/widget-social-icons.mina1b9.css]
[www.patlive.com/wp-content/cache/min/1/wp-content/plugins/elementor/assets/css/widget-icon-list.mina1b9.css]
[www.patlive.com/wp-content/cache/min/1/wp-content/plugins/elementor-pro/assets/css/widget-blockquote.mina1b9.css]
[www.patlive.com/wp-content/cache/min/1/wp-content/plugins/elementor-pro/assets/css/widget-mega-menu.mina1b9.css]
[www.patlive.com/wp-content/cache/min/1/wp-content/plugins/elementor-pro/assets/css/widget-nav-menu.min34d6.css]
[www.patlive.com/index4313.html]
[www.patlive.com/wp-content/cache/min/1/wp-content/plugins/elementor-pro/assets/css/modules/sticky.min34d6.css]
[www.patlive.com/wp-content/cache/min/1/wp-content/plugins/elementor/assets/lib/animations/styles/fadeIn.mina1b9.css]
[www.patlive.com/wp-content/cache/min/1/wp-content/plugins/elementor-pro/assets/css/conditionals/popup.min34d6.css]
[www.patlive.com/wp-content/uploads/essential-addons-elementor/eael-125f35.js]
[www.patlive.com/blog/celebrating-women-entrepreneurs-the-trailblazers-of-small-business-success/link.href, location.html]
[www.patlive.com/blog/best-legal-practice-areas-for-legal-answering-service/Firefox/index.html]
[www.patlive.com/index7cff.html]
[www.patlive.com/wp-content/uploads/essential-addons-elementor/eael-12fe46.js]
[www.patlive.com/blog/best-legal-practice-areas-for-legal-answering-service/link.href, location.html]
[www.patlive.com/blog/what-is-a-legal-answering-service/Firefox/index.html]
[www.patlive.com/indexfbd2.html]
[www.patlive.com/wp-content/uploads/essential-addons-elementor/eael-1287c6.js]
[www.patlive.com/blog/what-is-a-legal-answering-service/link.href, location.html]
[www.patlive.com/blog/top-home-service-trends-2025-how-a-virtual-receptionist-helps-your-business/Firefox/index.html]
[www.patlive.com/wp-content/uploads/elementor/css/post-266400e19.css]
[www.patlive.com/index206b.html]
[www.patlive.com/features/24-7-answering-services/index.html]
[www.patlive.com/contact/index.html]
[www.patlive.com/wp-content/uploads/essential-addons-elementor/eael-126910.js]
[www.patlive.com/blog/top-home-service-trends-2025-how-a-virtual-receptionist-helps-your-business/link.href, location.html]
[www.patlive.com/blog/how-do-answering-services-work-at-night/Firefox/index.html]
[www.patlive.com/indexcc86.html]
[www.patlive.com/wp-content/uploads/essential-addons-elementor/eael-12617a.js]
[www.patlive.com/blog/how-do-answering-services-work-at-night/link.href, location.html]
[www.patlive.com/blog/law-firm-phone-etiquette/Firefox/index.html]
[www.patlive.com/index24a9.html]
[www.patlive.com/wp-content/uploads/essential-addons-elementor/eael-12c8d4.js]
[www.patlive.com/blog/law-firm-phone-etiquette/link.href, location.html]
[www.patlive.com/blog/florida-law-firm-after-hours-calls/Firefox/index.html]
[www.patlive.com/indexf51d.html]
[www.patlive.com/wp-content/uploads/essential-addons-elementor/eael-12114e.js]
[www.patlive.com/blog/florida-law-firm-after-hours-calls/link.href, location.html]
[www.patlive.com/blog/lawyers-dont-miss-leads-while-youre-on-vacation/Firefox/index.html]
[www.patlive.com/index59b7.html]
[www.patlive.com/wp-content/uploads/essential-addons-elementor/eael-125f58.js]
[www.patlive.com/blog/lawyers-dont-miss-leads-while-youre-on-vacation/link.href, location.html]
[www.patlive.com/blog/is-an-answering-service-a-good-fit-for-your-law-firm/Firefox/index.html]
[www.patlive.com/indexfb7b.html]
[www.patlive.com/wp-content/uploads/essential-addons-elementor/eael-1264c8.js]
[www.patlive.com/blog/is-an-answering-service-a-good-fit-for-your-law-firm/link.href, location.html]
[www.patlive.com/blog/mastering-call-handling-skills/Firefox/index.html]
[www.patlive.com/index776d.html]
[www.patlive.com/wp-content/uploads/2021/05/blog-article-call-handling-101.png]
[www.patlive.com/wp-json/oembed/1.0/embed3607.json]
[www.patlive.com/wp-json/oembed/1.0/embedc75c]
[www.patlive.com/wp-json/wp/v2/posts/23909.json]
[www.patlive.com/blog/mastering-call-handling-instructions/Firefox/index.html]
[www.patlive.com/blog/call-handling-101/index.html]
[www.patlive.com/blog/mastering-call-handling-instructions/link.href, location.origin]
[www.patlive.com/blog/mastering-call-handling-instructions/index.html]
[www.patlive.com/wp-json/oembed/1.0/embed3989.json]
[www.patlive.com/wp-json/oembed/1.0/embed12b4]
[www.patlive.com/blog/increase-repeat-customer-base/Firefox/index.html]
[www.patlive.com/wp-json/wp/v2/posts/31182.json]
[www.patlive.com/wp-content/uploads/2019/11/4-Proven-Ways-to-Increase-Your-Repeat-Customer-Base.jpg]
[www.patlive.com/wp-content/uploads/2019/11/image1.png]
[www.patlive.com/blog/increase-repeat-customer-base/link.href, location.origin]
[www.patlive.com/blog/increase-repeat-customer-base/index.html]
[www.patlive.com/wp-content/uploads/2021/01/blog-article-personalized-service.jpg]
[www.patlive.com/wp-json/oembed/1.0/embed0cdf.json]
[www.patlive.com/wp-json/oembed/1.0/embed3e4d]
[www.patlive.com/blog/getting-personal-with-customers/Firefox/index.html]
[www.patlive.com/wp-json/wp/v2/posts/31226.json]
[www.patlive.com/blog/getting-personal-with-customers/link.href, location.origin]
[www.patlive.com/blog/getting-personal-with-customers/index.html]
[www.patlive.com/wp-json/oembed/1.0/embedef62.json]
[www.patlive.com/wp-json/oembed/1.0/embedba02]
[www.patlive.com/blog/develop-perfect-call-script/Firefox/index.html]
[www.patlive.com/wp-json/wp/v2/posts/31173.json]
[www.patlive.com/wp-content/uploads/2018/11/image1.png]
[www.patlive.com/blog/develop-perfect-call-script/link.href, location.origin]
[www.patlive.com/blog/develop-perfect-call-script/index.html]
[www.patlive.com/wp-content/uploads/2018/06/What-are-Virtual-Receptionists-The-PATLive-Guide.jpg]
[www.patlive.com/wp-json/oembed/1.0/embed4db4.json]
[www.patlive.com/wp-json/oembed/1.0/embed1cb0]
[www.patlive.com/blog/seamless-interactions-virtual-receptionists/Firefox/index.html]
[www.patlive.com/wp-json/wp/v2/posts/25365.json]
[www.patlive.com/blog/seamless-interactions-virtual-receptionists/link.href, location.origin]
[www.patlive.com/blog/seamless-interactions-virtual-receptionists/index.html]
[www.patlive.com/wp-content/uploads/essential-addons-elementor/eael-120cc6.js]
[www.patlive.com/blog/mastering-call-handling-skills/link.href, location.html]
[www.patlive.com/blog/call-types-navigating-the-right-choice-for-your-business/Firefox/index.html]
[www.patlive.com/index42b8.html]
[www.patlive.com/services/phone-answering-service/event-registrations.html]
[www.patlive.com/wp-content/uploads/essential-addons-elementor/eael-12f423.js]
[www.patlive.com/blog/call-types-navigating-the-right-choice-for-your-business/link.href, location.html]
[www.patlive.com/blog/inbound-call-handling/Firefox/index.html]
[www.patlive.com/index0366.html]
[www.patlive.com/platform-features/voicemail-boxes.html]
[www.patlive.com/wp-content/uploads/essential-addons-elementor/eael-1203a2.js]
[www.patlive.com/blog/inbound-call-handling/link.href, location.html]
[www.patlive.com/blog/customer-service-week-2024/Firefox/index.html]
[www.patlive.com/index5db1.html]
[www.patlive.com/wp-content/uploads/2024/01/quote-gratitude-cicero-1024x576.jpg]
[www.patlive.com/wp-json/oembed/1.0/embeddf45.json]
[www.patlive.com/wp-json/oembed/1.0/embed94e5]
[www.patlive.com/blog/33-quotes-gratitude/Firefox/index.html]
[www.patlive.com/wp-json/wp/v2/posts/31241.json]
[www.patlive.com/wp-content/uploads/2024/01/quote-counting-blessings-willie-nelson.jpg]
[www.patlive.com/wp-content/uploads/2024/01/quote-feeling-gratitude-william-ward-1024x512.png]
[www.patlive.com/wp-content/uploads/2024/01/quote-roots-of-goodness-dalai-lama.png]
[www.patlive.com/wp-content/uploads/2024/01/quote-Oscar-Wilde-FEA.jpg]
[www.patlive.com/blog/33-quotes-gratitude/link.href, location.origin]
[www.patlive.com/blog/33-quotes-gratitude/index.html]
[www.patlive.com/wp-content/uploads/2019/12/10-books-every-small-business-owner-should-read.jpg]
[www.patlive.com/wp-json/oembed/1.0/embedfdac.json]
[www.patlive.com/wp-json/oembed/1.0/embed9a68]
[www.patlive.com/blog/101-business-books/Firefox/index.html]
[www.patlive.com/wp-json/wp/v2/posts/31234.json]
[www.patlive.com/blog/101-business-books/link.href, location.origin]
[www.patlive.com/blog/101-business-books/index.html]
[www.patlive.com/wp-content/uploads/essential-addons-elementor/eael-1254e0.js]
[www.patlive.com/blog/customer-service-week-2024/link.href, location.html]
[www.patlive.com/blog/automated-phone-system-vs-virtual-receptionists/Firefox/index.html]
[www.patlive.com/index1e3d.html]
[www.patlive.com/wp-content/uploads/essential-addons-elementor/eael-129e13.js]
[www.patlive.com/blog/automated-phone-system-vs-virtual-receptionists/link.href, location.html]
[www.patlive.com/blog/best-communication-platforms-for-small-business-success/Firefox/index.html]
[www.patlive.com/index6673.html]
[www.patlive.com/wp-content/uploads/essential-addons-elementor/eael-1270fb.js]
[www.patlive.com/blog/best-communication-platforms-for-small-business-success/link.href, location.html]
[www.patlive.com/blog/best-legal-intake-software-for-law-firms/Firefox/index.html]
[www.patlive.com/indexefc8.html]
[www.patlive.com/wp-content/uploads/essential-addons-elementor/eael-12e985.js]
[www.patlive.com/blog/best-legal-intake-software-for-law-firms/link.href, location.html]
[www.patlive.com/blog/how-much-does-an-answering-service-cost/Firefox/index.html]
[www.patlive.com/wp-content/uploads/elementor/css/post-25874eabc.css]
[www.patlive.com/index6869.html]
[www.patlive.com/wp-content/uploads/essential-addons-elementor/eael-128433.js]
[www.patlive.com/blog/how-much-does-an-answering-service-cost/link.href, location.html]
[www.patlive.com/blog/call-screening-and-transfers/Firefox/index.html]
[www.patlive.com/indexa012.html]
[www.patlive.com/wp-content/uploads/essential-addons-elementor/eael-12ebf0.js]
[www.patlive.com/blog/call-screening-and-transfers/link.href, location.html]
[www.patlive.com/blog/streamlining-your-sales-funnel/Firefox/index.html]
[www.patlive.com/indexf70a.html]
[www.patlive.com/contact/request-a-call.html]
[www.patlive.com/wp-content/uploads/essential-addons-elementor/eael-12f526.js]
[www.patlive.com/blog/streamlining-your-sales-funnel/link.href, location.html]
[www.patlive.com/blog/appointment-scheduling-for-home-services/Firefox/index.html]
[www.patlive.com/indexb99f.html]
[www.patlive.com/wp-json/oembed/1.0/embedcfe1.json]
[www.patlive.com/wp-json/oembed/1.0/embed0bdd]
[www.patlive.com/wp-content/uploads/elementor/css/post-25171ffd3.css]
[www.patlive.com/blog/3-ways-patlive-integrates-with-jobber/Firefox/index.html]
[www.patlive.com/wp-json/wp/v2/posts/25171.json]
[www.patlive.com/wp-content/uploads/2022/08/appointment-scheduling-icon-1-1.svg]
[www.patlive.com/wp-content/uploads/2023/08/appointment-scheduling1.5-1024x719.jpg.webp]
[www.patlive.com/partners/jobber]
[www.patlive.com/blog/3-ways-patlive-integrates-with-jobber/link.href, location.origin]
[www.patlive.com/blog/3-ways-patlive-integrates-with-jobber/index.html]
[www.patlive.com/wp-content/uploads/essential-addons-elementor/eael-12fbf6.js]
[www.patlive.com/blog/appointment-scheduling-for-home-services/link.href, location.html]
[www.patlive.com/blog/author/kasia-nelson/i.html]
[www.patlive.com/blog/author/kasia-nelson/Firefox/index.html]
[www.patlive.com/wp-content/uploads/elementor/css/post-3975583b6.css]
[www.patlive.com/blog/author/kasia-nelson/link.href, location.html]
[www.patlive.com/blog/web-chats-for-business/Firefox/index.html]
[www.patlive.com/index60f4.html]
[www.patlive.com/wp-content/uploads/essential-addons-elementor/eael-12ddcc.js]
[www.patlive.com/blog/web-chats-for-business/link.href, location.html]
[www.patlive.com/blog/how-to-snag-a-millennial-real-estate-client/Firefox/index.html]
[www.patlive.com/indexe843.html]
[www.patlive.com/wp-content/uploads/essential-addons-elementor/eael-1245ff.js]
[www.patlive.com/blog/how-to-snag-a-millennial-real-estate-client/link.href, location.html]
[www.patlive.com/blog/the-best-ways-for-real-estate-to-answer-phone-calls/Firefox/index.html]
[www.patlive.com/index8c1c.html]
[www.patlive.com/blog/author/john-gonzalezpatlive-com/i]
[www.patlive.com/wp-json/wp/v2/users/2.json]
[www.patlive.com/wp-content/uploads/2020/11/blog-article-6-Ways-to-Grow-Your-Small-Business-in-2021-1024x576.png]
[www.patlive.com/blog/the-best-ways-a-law-firm-can-answer-phone-calls/index.html]
[www.patlive.com/blog/author/john-gonzalezpatlive-com/feed/index.html]
[www.patlive.com/blog/author/john-gonzalezpatlive-com/Firefox/index.html]
[www.patlive.com/blog/author/john-gonzalezpatlive-com/link.href, location.origin]
[www.patlive.com/blog/author/john-gonzalezpatlive-com/index.html]
[www.patlive.com/wp-content/uploads/essential-addons-elementor/eael-12bb31.js]
[www.patlive.com/blog/the-best-ways-for-real-estate-to-answer-phone-calls/link.href, location.html]
[www.patlive.com/blog/author/emily-abellerapatlive-com/page/2/i.html]
[www.patlive.com/blog/author/emily-abellerapatlive-com/page/2/Firefox/index.html]
[www.patlive.com/blog/author/emily-abellerapatlive-com/page/3/i]
[www.patlive.com/blog/author/emily-abellerapatlive-com/page/3/Firefox/index.html]
[www.patlive.com/blog/author/emily-abellerapatlive-com/page/3/link.href, location.origin]
[www.patlive.com/blog/author/emily-abellerapatlive-com/page/3/index.html]
[www.patlive.com/blog/author/emily-abellerapatlive-com/page/2/link.href, location.html]
[www.patlive.com/blog/author/james-collierpatlive-com/page/2/i.html]
[www.patlive.com/blog/author/james-collierpatlive-com/page/2/Firefox/index.html]
[www.patlive.com/blog/author/james-collierpatlive-com/page/3/i]
[www.patlive.com/wp-content/uploads/2021/05/blog-article-call-handling-101-1024x576.png]
[www.patlive.com/wp-content/uploads/2022/08/apps_integrations-1024x719.png]
[www.patlive.com/wp-content/uploads/2020/12/blog-article-Seasonal-Call-Answering-Service-Boost-Your-Holiday-Business-1024x576.png]
[www.patlive.com/wp-content/uploads/2023/09/webchats_bg-1024x195.webp]
[www.patlive.com/wp-content/uploads/2018/08/Customer-Service-Advice-from-17-Small-Business-Consultants-1024x576.jpg]
[www.patlive.com/wp-content/uploads/2019/08/4-Technologies-that-arent-as-scary-as-they-sound-1024x576.jpg]
[www.patlive.com/blog/author/james-collierpatlive-com/page/3/Firefox/index.html]
[www.patlive.com/blog/help-web-chat-settings/index.html]
[www.patlive.com/blog/3-easy-ways-for-your-law-firm-to-connect-with-more-clients/index.html]
[www.patlive.com/blog/modern-answering-services-more-than-message-taking/index.html]
[www.patlive.com/blog/author/james-collierpatlive-com/page/4/index.html]
[www.patlive.com/blog/integrating-with-jotform-or-formstack/index.html]
[www.patlive.com/blog/author/james-collierpatlive-com/page/3/link.href, location.origin]
[www.patlive.com/blog/author/james-collierpatlive-com/page/3/index.html]
[www.patlive.com/wp-content/uploads/2023/01/investment-in-training.jpg]
[www.patlive.com/wp-json/oembed/1.0/embedc52e.json]
[www.patlive.com/blog/6-surprising-technologies-that-will-make-your-law-firm-elite/index.html]
[www.patlive.com/wp-json/oembed/1.0/embedda21]
[www.patlive.com/blog/patlive-onboarding/Firefox/index.html]
[www.patlive.com/wp-json/wp/v2/posts/25483.json]
[www.patlive.com/blog/patlive-onboarding/link.href, location.origin]
[www.patlive.com/blog/patlive-onboarding/index.html]
[www.patlive.com/wp-json/oembed/1.0/embedc17f.json]
[www.patlive.com/wp-json/oembed/1.0/embedea53]
[www.patlive.com/blog/patlive-mission-vision-guiding-principles/Firefox/index.html]
[www.patlive.com/wp-json/wp/v2/posts/25457.json]
[www.patlive.com/blog/patlive-mission-vision-guiding-principles/link.href, location.origin]
[www.patlive.com/blog/patlive-mission-vision-guiding-principles/index.html]
[www.patlive.com/wp-content/uploads/2024/07/Remote-Virtual-Training.png]
[www.patlive.com/wp-json/oembed/1.0/embedda7d.json]
[www.patlive.com/wp-json/oembed/1.0/embed12a2]
[www.patlive.com/wp-content/uploads/elementor/css/post-253080cf5.css]
[www.patlive.com/blog/revolutionizing-virtual-training/Firefox/index.html]
[www.patlive.com/wp-json/wp/v2/posts/25308.json]
[www.patlive.com/blog/revolutionizing-virtual-training/link.href, location.origin]
[www.patlive.com/blog/revolutionizing-virtual-training/index.html]
[www.patlive.com/wp-content/uploads/2024/04/PL-Blog-National-Small-Business-Week-042024.png]
[www.patlive.com/wp-json/oembed/1.0/embed46f7.json]
[www.patlive.com/wp-json/oembed/1.0/embed656b]
[www.patlive.com/wp-content/uploads/elementor/css/post-24808df81.css]
[www.patlive.com/blog/5-ways-to-celebrate-national-small-business-week/Firefox/index.html]
[www.patlive.com/wp-json/wp/v2/posts/24808.json]
[www.patlive.com/blog/5-ways-to-celebrate-national-small-business-week/link.href, location.origin]
[www.patlive.com/blog/5-ways-to-celebrate-national-small-business-week/index.html]
[www.patlive.com/wp-content/uploads/essential-addons-elementor/eael-127307.js]
[www.patlive.com/blog/author/james-collierpatlive-com/page/2/link.href, location.html]
[www.patlive.com/blog/myths-about-virtual-recepionists/Firefox/index.html]
[www.patlive.com/indexf8d6.html]
[www.patlive.com/wp-content/uploads/essential-addons-elementor/eael-12c16f.js]
[www.patlive.com/blog/myths-about-virtual-recepionists/link.href, location.html]
[www.patlive.com/blog/how-answering-services-work/Firefox/index.html]
[www.patlive.com/index1e57.html]
[www.patlive.com/wp-content/uploads/essential-addons-elementor/eael-129f74.js]
[www.patlive.com/blog/how-answering-services-work/link.href, location.html]
[www.patlive.com/blog/jobber-integration-home-service-businesses/Firefox/index.html]
[www.patlive.com/blog/author/patlive/page/2/i.html]
[www.patlive.com/blog/author/patlive/page/2/Firefox/index.html]
[www.patlive.com/blog/author/patlive/page/3/i]
[www.patlive.com/wp-content/uploads/2020/09/blog-article-Happy-Customers-1-1024x576.jpg]
[www.patlive.com/wp-content/uploads/2020/12/blog-article-remote-work-1024x576.png]
[www.patlive.com/wp-content/uploads/2019/11/7-Ways-to-Promote-Your-Business-This-Small-Business-Saturday-1024x576.jpg]
[www.patlive.com/wp-content/uploads/2019/06/How-to-Transforms-Negative-Online-Reviews-Into-Opportunities-1024x576.jpg]
[www.patlive.com/blog/more-customer-phone-calls/index.html]
[www.patlive.com/blog/author/patlive/page/3/Firefox/index.html]
[www.patlive.com/blog/staying-connected-and-productive-when-you-dont-have-an-office/index.html]
[www.patlive.com/blog/author/patlive/page/4/index.html]
[www.patlive.com/blog/power-customer-love-losing-a-customer/index.html]
[www.patlive.com/blog/ways-fund-new-business/index.html]
[www.patlive.com/blog/author/patlive/page/3/link.href, location.b57.delayed]
[www.patlive.com/blog/author/patlive/page/3/index.html]
[www.patlive.com/blog/online-business-customer-service/index.html]
[www.patlive.com/blog/startup-customer-service/index.html]
[www.patlive.com/wp-json/oembed/1.0/embed2a13.json]
[www.patlive.com/wp-json/oembed/1.0/embede743]
[www.patlive.com/wp-content/uploads/elementor/css/post-31232ae9c.css]
[www.patlive.com/blog/customer-experience-fundamentals/Firefox/index.html]
[www.patlive.com/wp-json/wp/v2/posts/31232.json]
[www.patlive.com/blog/customer-experience-fundamentals/link.href, location.origin]
[www.patlive.com/blog/customer-experience-fundamentals/index.html]
[www.patlive.com/wp-json/oembed/1.0/embed461d.json]
[www.patlive.com/wp-json/oembed/1.0/embedcea8]
[www.patlive.com/blog/virtual-receptionist-achieve-more/Firefox/index.html]
[www.patlive.com/wp-json/wp/v2/posts/31237.json]
[www.patlive.com/blog/sleep-for-entrepreneurs/index.html]
[www.patlive.com/blog/virtual-receptionist-achieve-more/link.href, location.origin]
[www.patlive.com/blog/virtual-receptionist-achieve-more/index.html]
[www.patlive.com/wp-json/oembed/1.0/embed913f.json]
[www.patlive.com/wp-json/oembed/1.0/embedd06b]
[www.patlive.com/blog/bots/Firefox/index.html]
[www.patlive.com/wp-json/wp/v2/posts/31230.json]
[www.patlive.com/blog/bots/link.href, location.origin]
[www.patlive.com/blog/bots/index.html]
[www.patlive.com/wp-json/oembed/1.0/embed2f4f.json]
[www.patlive.com/wp-json/oembed/1.0/embedf678]
[www.patlive.com/blog/how-craft-call-flow/Firefox/index.html]
[www.patlive.com/wp-json/wp/v2/posts/31235.json]
[www.patlive.com/wp-content/uploads/2024/03/PATLive-Infographic-Call-Flows-2024.png]
[www.patlive.com/blog/how-craft-call-flow/link.href, location.origin]
[www.patlive.com/blog/how-craft-call-flow/index.html]
[www.patlive.com/wp-content/uploads/2020/07/How-a-virtual-receptionist-can-help-remote-workers-stay-connected.jpg]
[www.patlive.com/wp-json/oembed/1.0/embed2172.json]
[www.patlive.com/wp-json/oembed/1.0/embed40d1]
[www.patlive.com/blog/5-tools-virtual-office-to-succeed/Firefox/index.html]
[www.patlive.com/wp-json/wp/v2/posts/31229.json]
[www.patlive.com/blog/5-tools-virtual-office-to-succeed/link.href, location.origin]
[www.patlive.com/blog/5-tools-virtual-office-to-succeed/index.html]
[www.patlive.com/blog/author/patlive/page/2/link.href, location.html]
[www.patlive.com/blog/the-different-types-of-business-communication-and-their-benefits/Firefox/index.html]
[www.patlive.com/index9a54.html]
[www.patlive.com/wp-content/uploads/essential-addons-elementor/eael-1245b6.js]
[www.patlive.com/blog/the-different-types-of-business-communication-and-their-benefits/link.href, location.html]
[www.patlive.com/blog/the-ultimate-guide-to-call-handling-for-small-businesses/Firefox/index.html]
[www.patlive.com/indexece2.html]
[www.patlive.com/wp-content/uploads/essential-addons-elementor/eael-1242ab.js]
[www.patlive.com/blog/the-ultimate-guide-to-call-handling-for-small-businesses/link.href, location.html]
[www.patlive.com/blog/34-customer-service-stats/Firefox/index.html]
[www.patlive.com/index4c0d.html]
[www.patlive.com/wp-content/uploads/essential-addons-elementor/eael-12045b.js]
[www.patlive.com/blog/34-customer-service-stats/link.href, location.html]
[www.patlive.com/wp-json/oembed/1.0/embed56f0.json]
[www.patlive.com/wp-json/oembed/1.0/embedb135]
[www.patlive.com/blog/benefits-outsourcing-answering-services/Firefox/index.html]
[www.patlive.com/wp-json/wp/v2/posts/5599.json]
[www.patlive.com/wp-content/uploads/2020/01/The-Benefits-of-Outsourcing-Calls-to-an-Answering-Service.jpg]
[www.patlive.com/blog/benefits-outsourcing-answering-services/link.href, location.origin]
[www.patlive.com/blog/benefits-outsourcing-answering-services/index.html]
[www.patlive.com/blog/customer-touchpoints/Firefox/index.html]
[www.patlive.com/wp-content/uploads/elementor/css/post-312404ad4.css]
[www.patlive.com/indexdec9.html]
[www.patlive.com/wp-content/uploads/2024/05/CX-Touchpoints-Before-Buying.html]
[www.patlive.com/blog/customer-touchpoints/cx-touchpoints-before-buying/index.html]
[www.patlive.com/wp-content/uploads/2024/05/CX-Touchpoints-During-Purchase.html]
[www.patlive.com/wp-content/uploads/2024/05/CX-Touchpoints-After-Buying.html]
[www.patlive.com/wp-content/uploads/2024/05/CX-Touchpoints.html]
[www.patlive.com/wp-content/uploads/essential-addons-elementor/eael-12e0c3.js]
[www.patlive.com/blog/customer-touchpoints/link.href, location.html]
[www.patlive.com/blog/home-service-answering-service/Firefox/index.html]
[www.patlive.com/wp-content/uploads/elementor/css/post-31242b5b0.css]
[www.patlive.com/index95b9.html]
[www.patlive.com/blog/home-service-answering-service/link.href, location.html]
[www.patlive.com/blog/wrong-answering-service-law-firm/Firefox/index.html]
[www.patlive.com/indexe415.html]
[www.patlive.com/wp-content/uploads/essential-addons-elementor/eael-123638.js]
[www.patlive.com/blog/wrong-answering-service-law-firm/link.href, location.html]
[www.patlive.com/blog/in-house-vs-virtual-receptionists/Firefox/index.html]
[www.patlive.com/index31f9.html]
[www.patlive.com/wp-content/uploads/essential-addons-elementor/eael-124f8f.js]
[www.patlive.com/blog/in-house-vs-virtual-receptionists/link.href, location.html]
[www.patlive.com/blog/favorite-podcasts-impact-theory/Firefox/index.html]
[www.patlive.com/indexd2c5.html]
[www.patlive.com/wp-content/uploads/essential-addons-elementor/eael-1209dc.js]
[www.patlive.com/blog/favorite-podcasts-impact-theory/link.href, location.html]
[www.patlive.com/blog/afford-call-answering-service/Firefox/index.html]
[www.patlive.com/index7e27.html]
[www.patlive.com/wp-content/uploads/essential-addons-elementor/eael-129895.js]
[www.patlive.com/blog/afford-call-answering-service/link.href, location.html]
[www.patlive.com/blog/roi-great-customer-service/Firefox/index.html]
[www.patlive.com/indexcb88.html]
[www.patlive.com/wp-content/uploads/essential-addons-elementor/eael-122c39.js]
[www.patlive.com/blog/roi-great-customer-service/link.href, location.html]
[www.patlive.com/blog/virtual-office-needs/Firefox/index.html]
[www.patlive.com/indexc0ec.html]
[www.patlive.com/wp-content/uploads/essential-addons-elementor/eael-12caea.js]
[www.patlive.com/blog/virtual-office-needs/link.href, location.html]
[www.patlive.com/blog/resources-real-estate-investor/Firefox/index.html]
[www.patlive.com/index5627.html]
[www.patlive.com/wp-content/uploads/essential-addons-elementor/eael-12d98a.js]
[www.patlive.com/blog/resources-real-estate-investor/link.href, location.html]
[www.patlive.com/blog/tag/nd/page/2/i.html]
[www.patlive.com/blog/tag/nd/page/2/Firefox/index.html]
[www.patlive.com/wp-json/oembed/1.0/embedbb81.json]
[www.patlive.com/wp-json/oembed/1.0/embede569]
[www.patlive.com/blog/calls-to-virtual-receptionist/Firefox/index.html]
[www.patlive.com/wp-json/wp/v2/posts/6288.json]
[www.patlive.com/blog/calls-to-virtual-receptionist/link.href, location.origin]
[www.patlive.com/blog/calls-to-virtual-receptionist/index.html]
[www.patlive.com/blog/call-forwarding-benefit-small-business/index.html]
[www.patlive.com/wp-json/oembed/1.0/embed154e.json]
[www.patlive.com/wp-json/oembed/1.0/embedd636]
[www.patlive.com/blog/answering-service-posts-small-business/Firefox/index.html]
[www.patlive.com/wp-json/wp/v2/posts/6285.json]
[www.patlive.com/wp-content/uploads/2020/06/11-Answering-Service-Posts-Every-Small-Business-Should-Read.jpg]
[www.patlive.com/blog/remote-receptionist-how-it-works/index.html]
[www.patlive.com/blog/companies-need-call-center/index.html]
[www.patlive.com/blog/answering-service-improve-business/index.html]
[www.patlive.com/blog/answering-service-posts-small-business/link.href, location.origin]
[www.patlive.com/blog/answering-phones-covid19/index.html]
[www.patlive.com/blog/find-right-answering-service/index.html]
[www.patlive.com/blog/answering-service-posts-small-business/index.html]
[www.patlive.com/blog/virtual-receptionist-grow-business/index.html]
[www.patlive.com/blog/4-ways-get-most-patlive/index.html]
[www.patlive.com/wp-json/oembed/1.0/embed8911.json]
[www.patlive.com/wp-json/oembed/1.0/embedd86e]
[www.patlive.com/blog/favorite-business-podcasts-2/Firefox/index.html]
[www.patlive.com/wp-json/wp/v2/posts/5653.json]
[www.patlive.com/wp-content/uploads/2020/05/Our-Favorite-Podcasts.jpg]
[www.patlive.com/blog/favorite-business-podcasts-2/link.href, location.origin]
[www.patlive.com/blog/favorite-business-podcasts-2/index.html]
[www.patlive.com/wp-json/oembed/1.0/embed4b66.json]
[www.patlive.com/wp-json/oembed/1.0/embed6b0c]
[www.patlive.com/blog/stress-management-tips/Firefox/index.html]
[www.patlive.com/wp-json/wp/v2/posts/5646.json]
[www.patlive.com/wp-content/uploads/2020/04/9-Stress-Management-Tips-for-Business-Owners-Leaders.jpg]
[www.patlive.com/blog/stress-management-tips/link.href, location.origin]
[www.patlive.com/blog/stress-management-tips/index.html]
[www.patlive.com/wp-json/oembed/1.0/embed4b6b.json]
[www.patlive.com/wp-json/oembed/1.0/embedfa53]
[www.patlive.com/blog/word-of-mouth/Firefox/index.html]
[www.patlive.com/wp-json/wp/v2/posts/5623.json]
[www.patlive.com/wp-content/uploads/2020/03/Why-Word-of-Mouth-is-So-Effective.jpg]
[www.patlive.com/blog/word-of-mouth/link.href, location.origin]
[www.patlive.com/blog/word-of-mouth/index.html]
[www.patlive.com/wp-content/uploads/2020/03/7-surprising-ways-to-save-your-small-business-money.jpg]
[www.patlive.com/wp-json/oembed/1.0/embedf03b.json]
[www.patlive.com/blog/save-small-business-money-2/Firefox/index.html]
[www.patlive.com/wp-json/oembed/1.0/embedebde]
[www.patlive.com/wp-json/wp/v2/posts/5620.json]
[www.patlive.com/blog/save-small-business-money-2/link.href, location.origin]
[www.patlive.com/blog/save-small-business-money-2/index.html]
[www.patlive.com/wp-json/oembed/1.0/embed7397.json]
[www.patlive.com/wp-json/oembed/1.0/embed300a]
[www.patlive.com/blog/how-to-find-the-right-legal-answering-service/Firefox/index.html]
[www.patlive.com/wp-json/wp/v2/posts/5617.json]
[www.patlive.com/wp-content/uploads/2020/02/How-to-Find-the-Right-legal-Answering-Service.jpg]
[www.patlive.com/blog/how-to-find-the-right-legal-answering-service/link.href, location.origin]
[www.patlive.com/blog/how-to-find-the-right-legal-answering-service/index.html]
[www.patlive.com/blog/tag/nd/page/3/i]
[www.patlive.com/wp-content/uploads/2020/02/6-Simple-Ways-to-Create-A-Lifetime-Customer-Base-1024x576.jpg]
[www.patlive.com/wp-content/uploads/2020/02/How-to-Transforms-Negative-Online-Reviews-Into-Opportunities-1024x576.jpg]
[www.patlive.com/wp-content/uploads/2020/02/6-Quick-Ways-to-Spark-Growth-in-Your-Small-Business-1024x576.jpg]
[www.patlive.com/wp-content/uploads/2020/01/The-Benefits-of-Outsourcing-Calls-to-an-Answering-Service-1024x576.jpg]
[www.patlive.com/wp-content/uploads/2020/01/Upset-Customer-Calls-How-to-Deal-1024x576.jpg]
[www.patlive.com/wp-content/uploads/2019/12/What-types-of-companies-need-a-call-center-1-1024x576.jpg]
[www.patlive.com/wp-content/uploads/2019/11/Copy-of-6-Ways-to-Grow-Your-Small-Business-in-2021-1024x576.png]
[www.patlive.com/blog/negative-online-reviews/index.html]
[www.patlive.com/blog/tag/nd/page/3/Firefox/index.html]
[www.patlive.com/blog/lifetime-customer-base/index.html]
[www.patlive.com/blog/26-motivational-quotes/index.html]
[www.patlive.com/blog/tag/nd/page/3/link.href, location.origin]
[www.patlive.com/blog/tag/nd/page/3/index.html]
[www.patlive.com/blog/6-ways-grow-small-business/index.html]
[www.patlive.com/blog/10-books-small-business/index.html]
[www.patlive.com/wp-content/uploads/essential-addons-elementor/eael-1255c6.js]
[www.patlive.com/blog/tag/nd/page/2/link.href, location.html]
[www.patlive.com/signature-service-consultation/i.html]
[www.patlive.com/signature-service-consultation/Firefox/index.html]
[www.patlive.com/index2448.html]
[www.patlive.com/wp-content/uploads/essential-addons-elementor/eael-129527.js]
[www.patlive.com/signature-service-consultation/link.href, location.html]
[www.patlive.com/blog/5-customer-service-tools-you-should-be-using/Firefox/index.html]
[www.patlive.com/index2219.html]
[www.patlive.com/blog/5-customer-service-tools-you-should-be-using/link.href, location.html]
[www.patlive.com/blog/4-ways-virtual-receptionist-helps-business/Firefox/index.html]
[www.patlive.com/indexb566.html]
[www.patlive.com/wp-content/uploads/essential-addons-elementor/eael-1298c6.js]
[www.patlive.com/blog/4-ways-virtual-receptionist-helps-business/link.href, location.html]
[www.patlive.com/blog/transform-home-services-business-phone-answering/Firefox/index.html]
[www.patlive.com/index711c.html]
[www.patlive.com/wp-content/uploads/essential-addons-elementor/eael-120248.js]
[www.patlive.com/blog/transform-home-services-business-phone-answering/link.href, location.html]
[www.patlive.com/blog/small-business-marketing-tips/Firefox/index.html]
[www.patlive.com/index6e26.html]
[www.patlive.com/blog/upset-customer-calls-how-to-deal/index.html]
[www.patlive.com/blog/tag/nd/page/4/index.html]
[www.patlive.com/blog/small-business-saturday/index.html]
[www.patlive.com/wp-json/oembed/1.0/embed66e8.json]
[www.patlive.com/wp-json/oembed/1.0/embed0394]
[www.patlive.com/blog/great-customer-service-experience/Firefox/index.html]
[www.patlive.com/wp-json/wp/v2/posts/7767.json]
[www.patlive.com/wp-content/uploads/2020/09/blog-article-Happy-Customers-1.jpg]
[www.patlive.com/blog/great-customer-experience-tips/index.html]
[www.patlive.com/blog/great-customer-service-experience/link.href, location.origin]
[www.patlive.com/blog/great-customer-service-experience/index.html]
[www.patlive.com/wp-content/uploads/2023/10/deloitte-top-reasons-employees-stay-1024x724.webp]
[www.patlive.com/wp-json/oembed/1.0/embed7551.json]
[www.patlive.com/wp-json/oembed/1.0/embed54be]
[www.patlive.com/blog/these-startups-have-way-better-benefits-than-you/Firefox/index.html]
[www.patlive.com/wp-json/wp/v2/posts/31228.json]
[www.patlive.com/wp-content/uploads/2020/01/26-Motivational-Quotes-To-Get-Your-Day-Started-1.jpg]
[www.patlive.com/wp-content/uploads/2021/01/blog-article-8-Marketing-Tips-to-Promote-Your-Small-Business-2-1024x576.jpg]
[www.patlive.com/blog/these-startups-have-way-better-benefits-than-you/link.href, location.origin]
[www.patlive.com/blog/these-startups-have-way-better-benefits-than-you/index.html]
[www.patlive.com/wp-json/oembed/1.0/embeddd0b.json]
[www.patlive.com/wp-json/oembed/1.0/embed9f96]
[www.patlive.com/blog/small-business-generate-leads/Firefox/index.html]
[www.patlive.com/wp-json/wp/v2/posts/8048.json]
[www.patlive.com/wp-content/uploads/2020/11/blog-article-Small-Business-Tips-How-to-Generate-Leads.jpg]
[www.patlive.com/blog/ways-personalized-service-customers/index.html]
[www.patlive.com/blog/small-business-generate-leads/link.href, location.origin]
[www.patlive.com/blog/small-business-generate-leads/index.html]
[www.patlive.com/wp-content/uploads/2021/01/blog-article-5-Ways-to-Protect-Your-Business-From-Robocalls-1.jpg]
[www.patlive.com/wp-json/oembed/1.0/embed276e.json]
[www.patlive.com/wp-json/oembed/1.0/embedae4d]
[www.patlive.com/blog/protect-your-business-from-robocalls/Firefox/index.html]
[www.patlive.com/wp-json/wp/v2/posts/31191.json]
[www.patlive.com/blog/protect-your-business-from-robocalls/link.href, location.origin]
[www.patlive.com/blog/protect-your-business-from-robocalls/index.html]
[www.patlive.com/wp-content/uploads/essential-addons-elementor/eael-1285de.js]
[www.patlive.com/blog/small-business-marketing-tips/link.href, location.html]
[www.patlive.com/blog/guide-starting-new-business/Firefox/index.html]
[www.patlive.com/indexcc6c.html]
[www.patlive.com/wp-content/uploads/2019/09/Customer-Journey-Mapping-What-It-Is-How-to-Get-Started.jpg]
[www.patlive.com/wp-json/oembed/1.0/embedfedd.json]
[www.patlive.com/wp-json/oembed/1.0/embed381a]
[www.patlive.com/blog/customer-journey-mapping/Firefox/index.html]
[www.patlive.com/wp-json/wp/v2/posts/8044.json]
[www.patlive.com/wp-content/uploads/2022/09/hotc_map-1024x537.jpg]
[www.patlive.com/wp-content/uploads/2019/09/dapper-customer-journey-map-1024x713.jpg]
[www.patlive.com/blog/customer-journey-mapping/link.href, location.origin]
[www.patlive.com/blog/customer-journey-mapping/index.html]
[www.patlive.com/wp-content/uploads/essential-addons-elementor/eael-128b84.js]
[www.patlive.com/blog/guide-starting-new-business/link.href, location.html]
[www.patlive.com/blog/top-5-customer-service-skills/Firefox/index.html]
[www.patlive.com/blog/the-top-5-customer-service-skills-every-employee-should-have/index.html]
[www.patlive.com/indexa2e6.html]
[www.patlive.com/wp-content/uploads/essential-addons-elementor/eael-12fed9.js]
[www.patlive.com/blog/top-5-customer-service-skills/link.href, location.html]
[www.patlive.com/blog/mastering-call-handling-instructions/Firefox/index.html]
[www.patlive.com/index5400.html]
[www.patlive.com/wp-json/oembed/1.0/embede329.json]
[www.patlive.com/wp-json/oembed/1.0/embedb4df]
[www.patlive.com/blog/call-handling-101/Firefox/index.html]
[www.patlive.com/wp-json/wp/v2/posts/15268.json]
[www.patlive.com/blog/call-handling-101/link.href, location.origin]
[www.patlive.com/blog/call-handling-101/index.html]
[www.patlive.com/wp-content/uploads/essential-addons-elementor/eael-12facb.js]
[www.patlive.com/blog/mastering-call-handling-instructions/link.href, location.html]
[www.patlive.com/blog/increase-repeat-customer-base/Firefox/index.html]
[www.patlive.com/index4033.html]
[www.patlive.com/wp-content/uploads/essential-addons-elementor/eael-121e2a.js]
[www.patlive.com/blog/increase-repeat-customer-base/link.href, location.html]
[www.patlive.com/blog/getting-personal-with-customers/Firefox/index.html]
[www.patlive.com/blog/beyond-incentives-3-ways-of-getting-personal-with-your-customers/index.html]
[www.patlive.com/index138d.html]
[www.patlive.com/wp-content/uploads/essential-addons-elementor/eael-126935.js]
[www.patlive.com/blog/getting-personal-with-customers/link.href, location.html]
[www.patlive.com/blog/develop-perfect-call-script/Firefox/index.html]
[www.patlive.com/index8d4a.html]
[www.patlive.com/wp-content/uploads/essential-addons-elementor/eael-1252e9.js]
[www.patlive.com/blog/develop-perfect-call-script/link.href, location.html]
[www.patlive.com/blog/seamless-interactions-virtual-receptionists/Firefox/index.html]
[www.patlive.com/indexbf8d.html]
[www.patlive.com/wp-content/uploads/essential-addons-elementor/eael-1208e5.js]
[www.patlive.com/blog/seamless-interactions-virtual-receptionists/link.href, location.html]
[www.patlive.com/blog/33-quotes-gratitude/Firefox/index.html]
[www.patlive.com/blog/37-quotes-gratitude/index.html]
[www.patlive.com/index8573.html]
[www.patlive.com/wp-content/uploads/essential-addons-elementor/eael-12dca1.js]
[www.patlive.com/blog/33-quotes-gratitude/link.href, location.html]
[www.patlive.com/blog/101-business-books/Firefox/index.html]
[www.patlive.com/index57be.html]
[www.patlive.com/wp-content/uploads/essential-addons-elementor/eael-123205.js]
[www.patlive.com/blog/101-business-books/link.href, location.html]
[www.patlive.com/blog/3-ways-patlive-integrates-with-jobber/Firefox/index.html]
[www.patlive.com/wp-content/uploads/elementor/css/post-25171ffd3.css]
[www.patlive.com/index9bac.html]
[www.patlive.com/wp-content/uploads/2022/08/appointment-scheduling-icon-1-1.html]
[www.patlive.com/partners/jobber.html]
[www.patlive.com/wp-content/uploads/essential-addons-elementor/eael-123163.js]
[www.patlive.com/blog/3-ways-patlive-integrates-with-jobber/link.href, location.html]
[www.patlive.com/blog/author/john-gonzalezpatlive-com/i.html]
[www.patlive.com/blog/author/john-gonzalezpatlive-com/Firefox/index.html]
[www.patlive.com/blog/the-best-ways-a-law-firm-can-answer-phone-calls/Firefox/index.html]
[www.patlive.com/wp-json/oembed/1.0/embede442.json]
[www.patlive.com/wp-json/oembed/1.0/embedd5eb]
[www.patlive.com/wp-json/wp/v2/posts/17428.json]
[www.patlive.com/wp-content/uploads/2020/11/blog-article-6-Ways-to-Grow-Your-Small-Business-in-2021.png]
[www.patlive.com/blog/the-best-ways-a-law-firm-can-answer-phone-calls/link.href, location.origin]
[www.patlive.com/blog/the-best-ways-a-law-firm-can-answer-phone-calls/index.html]
[www.patlive.com/blog/author/john-gonzalezpatlive-com/link.href, location.html]
[www.patlive.com/blog/author/emily-abellerapatlive-com/page/3/i.html]
[www.patlive.com/blog/author/emily-abellerapatlive-com/page/3/Firefox/index.html]
[www.patlive.com/blog/author/emily-abellerapatlive-com/page/3/link.href, location.html]
[www.patlive.com/blog/author/james-collierpatlive-com/page/3/i.html]
[www.patlive.com/blog/author/james-collierpatlive-com/page/3/Firefox/index.html]
[www.patlive.com/blog/author/james-collierpatlive-com/page/4/i]
[www.patlive.com/wp-content/uploads/2019/10/5-Simple-Ways-to-Make-Your-Customer-Service-Shine-Into-the-New-Year-1024x576.jpg]
[www.patlive.com/wp-content/uploads/2023/07/5-Surprising-Things-Legal-5-surprising-things-legal.1920-1080-1024x576.png]
[www.patlive.com/wp-content/uploads/2023/07/image-13.png]
[www.patlive.com/blog/customer-service-basics-to-boost-your-law-firm/index.html]
[www.patlive.com/blog/5-surprising-things-an-answering-service-can-do-for-your-law-practice/index.html]
[www.patlive.com/blog/author/james-collierpatlive-com/page/4/Firefox/index.html]
[www.patlive.com/blog/author/james-collierpatlive-com/page/4/link.href, location.origin]
[www.patlive.com/blog/author/james-collierpatlive-com/page/4/index.html]
[www.patlive.com/wp-content/uploads/2022/08/apps_integrations.png]
[www.patlive.com/blog/5-surprising-things-an-answering-service-can-do-for-your-business/index.html]
[www.patlive.com/wp-json/oembed/1.0/embed2b73.json]
[www.patlive.com/wp-json/oembed/1.0/embedb260]
[www.patlive.com/blog/integrating-with-jotform-or-formstack/Firefox/index.html]
[www.patlive.com/wp-json/wp/v2/posts/23882.json]
[www.patlive.com/blog/integrating-with-jotform-or-formstack/link.href, location.origin]
[www.patlive.com/blog/integrating-with-jotform-or-formstack/index.html]
[www.patlive.com/wp-json/oembed/1.0/embedf2e3.json]
[www.patlive.com/wp-json/oembed/1.0/embed40f4]
[www.patlive.com/blog/help-web-chat-settings/Firefox/index.html]
[www.patlive.com/wp-json/wp/v2/posts/21739.json]
[www.patlive.com/wp-content/uploads/2023/09/webchats_bg.webp]
[www.patlive.com/wp-content/uploads/2023/08/GoogleTags.png]
[www.patlive.com/wp-content/uploads/2023/08/GoogleTags2.png]
[www.patlive.com/wp-content/uploads/2023/08/GoogleTags3.png]
[www.patlive.com/wp-content/uploads/2023/08/HostGator1.png]
[www.patlive.com/wp-content/uploads/2023/08/HostGator2.png]
[www.patlive.com/wp-content/uploads/2023/08/HostGator3.png]
[www.patlive.com/wp-content/uploads/2023/08/HostGator4.png]
[www.patlive.com/wp-content/uploads/2023/08/HostGator5.png]
[www.patlive.com/wp-content/uploads/2023/08/SquareSpace-Web-Chats1.png]
[www.patlive.com/wp-content/uploads/2023/08/SquareSpace-Web-Chats-2.png]
[www.patlive.com/wp-content/uploads/2023/08/Wix-Web-Chats-1.png]
[www.patlive.com/wp-content/uploads/2023/08/Wix-Web-Chats-2.png]
[www.patlive.com/wp-content/uploads/2023/08/Wix-Web-Chats-3.png]
[www.patlive.com/wp-content/uploads/2023/09/WordPress-Install-Plugin-1024x488.webp]
[www.patlive.com/wp-content/uploads/2023/09/WordPress-Install-WPCode-1024x470.webp]
[www.patlive.com/wp-content/uploads/2023/08/WordPress-Web-Chats-1.png]
[www.patlive.com/wp-content/uploads/2022/07/LOGO_GPLUS-1.jpg]
[www.patlive.com/blog/help-web-chat-settings/link.href, location.origin]
[www.patlive.com/blog/help-web-chat-settings/index.html]
[www.patlive.com/wp-content/uploads/2023/07/3-Easy-Ways-To-Connect-With-More-Clients.png]
[www.patlive.com/wp-json/oembed/1.0/embedb53a.json]
[www.patlive.com/blog/3-easy-ways-for-your-law-firm-to-connect-with-more-clients/Firefox/index.html]
[www.patlive.com/wp-json/oembed/1.0/embedc0d3]
[www.patlive.com/wp-json/wp/v2/posts/21312.json]
[www.patlive.com/wp-content/uploads/2018/08/Customer-Service-Advice-from-17-Small-Business-Consultants.jpg]
[www.patlive.com/wp-content/uploads/2022/08/forward.png]
[www.patlive.com/wp-content/uploads/2023/07/image-3.png]
[www.patlive.com/wp-content/uploads/2023/07/1st-Way-Get-Noticed.png]
[www.patlive.com/wp-content/uploads/2023/07/Pay-Per-Click.png]
[www.patlive.com/wp-content/uploads/2023/07/76-percent.png]
[www.patlive.com/wp-content/uploads/2023/07/75-percent-1-300x300.png]
[www.patlive.com/wp-content/uploads/2023/07/SEO.png]
[www.patlive.com/wp-content/uploads/2023/07/2nd-Way-Get-The-Call.png]
[www.patlive.com/wp-content/uploads/2023/07/5-things-1024x463.png]
[www.patlive.com/wp-content/uploads/2023/07/57-percent-284x300.png]
[www.patlive.com/wp-content/uploads/2023/07/three-things-to-consider.png]
[www.patlive.com/wp-content/uploads/2022/08/phone-number2-1024x719.jpeg]
[www.patlive.com/wp-content/uploads/2023/07/3rd-Way-Get-The-Client.png]
[www.patlive.com/wp-content/uploads/2023/07/3-considerations-legal-answering-service.png]
[www.patlive.com/blog/3-easy-ways-for-your-law-firm-to-connect-with-more-clients/link.href, location.origin]
[www.patlive.com/blog/3-easy-ways-for-your-law-firm-to-connect-with-more-clients/index.html]
[www.patlive.com/wp-content/uploads/2023/07/Beyond-Message-Taking-Your-Business-Phone-Plus-The-Modern-Answering-Service-1024x768.png]
[www.patlive.com/wp-json/oembed/1.0/embed720f.json]
[www.patlive.com/wp-json/oembed/1.0/embed768c]
[www.patlive.com/blog/modern-answering-services-more-than-message-taking/Firefox/index.html]
[www.patlive.com/wp-json/wp/v2/posts/21344.json]
[www.patlive.com/wp-content/uploads/2023/07/Emergency-Response-Lightning.png]
[www.patlive.com/wp-content/uploads/2023/07/Emergency-Response-Feedback-1024x768.png]
[www.patlive.com/wp-content/uploads/2023/07/Beyond-Message-Taking-Order-Processing.png]
[www.patlive.com/wp-content/uploads/2023/07/Beyond-Message-Taking-45-Percent-1024x768.png]
[www.patlive.com/wp-content/uploads/2023/07/Beyond-Message-Taking-After-Hours.png]
[www.patlive.com/wp-content/uploads/2023/07/Beyond-Message-Taking-Lunch.png]
[www.patlive.com/wp-content/uploads/2023/07/Beyond-Message-Taking-Event-Registration.png]
[www.patlive.com/wp-content/uploads/2023/07/PATLive-Staff-1024x262.png]
[www.patlive.com/wp-content/uploads/2023/07/Try-Free-1024x711.png]
[www.patlive.com/blog/modern-answering-services-more-than-message-taking/link.href, location.origin]
[www.patlive.com/blog/modern-answering-services-more-than-message-taking/index.html]
[www.patlive.com/wp-content/uploads/2022/09/stopwatch.png]
[www.patlive.com/blog/6-surprising-technologies-that-will-make-your-law-firm-elite/Firefox/index.html]
[www.patlive.com/wp-json/oembed/1.0/embed6c0a.json]
[www.patlive.com/wp-json/oembed/1.0/embed58fc]
[www.patlive.com/wp-json/wp/v2/posts/21246.json]
[www.patlive.com/wp-content/uploads/2019/08/4-Technologies-that-arent-as-scary-as-they-sound.jpg]
[www.patlive.com/wp-content/uploads/2023/07/1-Virtual-Phones-1024x768.png]
[www.patlive.com/wp-content/uploads/2023/07/Tresta-Phone.png]
[www.patlive.com/wp-content/uploads/2023/07/74-percent.png]
[www.patlive.com/wp-content/uploads/2023/07/78-percent-pie.png]
[www.patlive.com/wp-content/uploads/2023/07/Tresta-desktop.png]
[www.patlive.com/wp-content/uploads/2023/07/2-Virtual-Receptionists-1024x768.png]
[www.patlive.com/wp-content/uploads/2023/07/People-block.png]
[www.patlive.com/wp-content/uploads/2022/09/247_answering.png]
[www.patlive.com/wp-content/uploads/2023/07/Agent-smiling.png]
[www.patlive.com/wp-content/uploads/2023/07/3-LiveSupport-1024x768.png]
[www.patlive.com/wp-content/uploads/2023/07/orange-computer-screen.png]
[www.patlive.com/wp-content/uploads/2023/07/4-PracticeManagement-1024x769.png]
[www.patlive.com/wp-content/uploads/2023/07/Templates-and-documents.png]
[www.patlive.com/wp-content/uploads/2023/07/Dollar-sign.png]
[www.patlive.com/wp-content/uploads/2023/07/5-ContentManagement-1024x768.png]
[www.patlive.com/wp-content/uploads/2023/07/6-team-collaboration-1024x768.png]
[www.patlive.com/wp-content/uploads/2023/07/phone-and-apps.png]
[www.patlive.com/wp-content/uploads/2023/07/Six-Technolgies-1024x462.png]
[www.patlive.com/wp-content/uploads/2023/07/Try-Free-Legal-Answering-Service-1024x768.png]
[www.patlive.com/blog/6-surprising-technologies-that-will-make-your-law-firm-elite/link.href, location.origin]
[www.patlive.com/blog/6-surprising-technologies-that-will-make-your-law-firm-elite/index.html]
[www.patlive.com/blog/author/james-collierpatlive-com/page/3/link.href, location.html]
[www.patlive.com/blog/patlive-onboarding/Firefox/index.html]
[www.patlive.com/index146c.html]
[www.patlive.com/blog/patlive-onboarding/link.href, location.html]
[www.patlive.com/blog/patlive-mission-vision-guiding-principles/Firefox/index.html]
[www.patlive.com/index8c7e.html]
[www.patlive.com/wp-content/uploads/essential-addons-elementor/eael-127280.js]
[www.patlive.com/blog/patlive-mission-vision-guiding-principles/link.href, location.html]
[www.patlive.com/blog/revolutionizing-virtual-training/Firefox/index.html]
[www.patlive.com/wp-content/uploads/elementor/css/post-253080cf5.css]
[www.patlive.com/index9d01.html]
[www.patlive.com/wp-content/uploads/essential-addons-elementor/eael-1220e5.js]
[www.patlive.com/blog/revolutionizing-virtual-training/link.href, location.html]
[www.patlive.com/blog/5-ways-to-celebrate-national-small-business-week/Firefox/index.html]
[www.patlive.com/wp-content/uploads/elementor/css/post-24808df81.css]
[www.patlive.com/indexa32f.html]
[www.patlive.com/wp-content/uploads/essential-addons-elementor/eael-12bc01.js]
[www.patlive.com/blog/5-ways-to-celebrate-national-small-business-week/link.href, location.html]
[www.patlive.com/blog/author/patlive/page/3/i.html]
[www.patlive.com/blog/author/patlive/page/3/Firefox/index.html]
[www.patlive.com/blog/author/patlive/page/4/i]
[www.patlive.com/wp-content/uploads/2016/01/TedTalks-1024x496.jpg]
[www.patlive.com/wp-content/uploads/2023/03/gavel-law-1010011-1024x563.jpg]
[www.patlive.com/wp-content/uploads/2020/12/blog-article-The-Future-of-Customer-Service-2048x1153-1-1024x577.png]
[www.patlive.com/wp-content/uploads/2019/05/3-Undeniable-Reasons-Your-Business-Needs-a-Live-Receptionist-Now-1024x576.jpg]
[www.patlive.com/wp-content/uploads/2023/12/social-1024x768.jpg]
[www.patlive.com/wp-content/uploads/2021/01/blog-article-personalized-service-1024x576.jpg]
[www.patlive.com/blog/author/patlive/page/4/Firefox/index.html]
[www.patlive.com/blog/customer-service-fundamentals-better-lawyer/index.html]
[www.patlive.com/blog/author/patlive/page/5/index.html]
[www.patlive.com/blog/customer-service-is-the-new-wave-of-marketing/index.html]
[www.patlive.com/blog/5-things-consider-outsourcing-labor/index.html]
[www.patlive.com/blog/author/patlive/page/4/link.href, location.origin]
[www.patlive.com/blog/5-ted-talks-that-will-make-you-a-better-communicator/index.html]
[www.patlive.com/blog/author/patlive/page/4/index.html]
[www.patlive.com/blog/complaints-social-media/index.html]
[www.patlive.com/blog/business-needs-live-receptionists/index.html]
[www.patlive.com/blog/reasons-need-live-receptionist/index.html]
[www.patlive.com/wp-json/oembed/1.0/embedb414.json]
[www.patlive.com/wp-json/oembed/1.0/embede1ba]
[www.patlive.com/blog/more-customer-phone-calls/Firefox/index.html]
[www.patlive.com/wp-json/wp/v2/posts/31233.json]
[www.patlive.com/blog/more-customer-phone-calls/link.href, location.origin]
[www.patlive.com/blog/more-customer-phone-calls/index.html]
[www.patlive.com/wp-json/oembed/1.0/embed32bb.json]
[www.patlive.com/wp-json/oembed/1.0/embed866d]
[www.patlive.com/blog/startup-customer-service/Firefox/index.html]
[www.patlive.com/wp-json/wp/v2/posts/31239.json]
[www.patlive.com/blog/startup-customer-service/link.href, location.origin]
[www.patlive.com/blog/startup-customer-service/index.html]
[www.patlive.com/wp-content/uploads/2020/12/blog-article-remote-work.png]
[www.patlive.com/wp-json/oembed/1.0/embedf3e9.json]
[www.patlive.com/wp-json/oembed/1.0/embed4350]
[www.patlive.com/wp-content/uploads/elementor/css/post-312275f9e.css]
[www.patlive.com/blog/staying-connected-and-productive-when-you-dont-have-an-office/Firefox/index.html]
[www.patlive.com/wp-json/wp/v2/posts/31227.json]
[www.patlive.com/blog/staying-connected-and-productive-when-you-dont-have-an-office/link.href, location.origin]
[www.patlive.com/blog/staying-connected-and-productive-when-you-dont-have-an-office/index.html]
[www.patlive.com/wp-json/oembed/1.0/embed0f74.json]
[www.patlive.com/wp-json/oembed/1.0/embedbf74]
[www.patlive.com/blog/power-customer-love-losing-a-customer/Firefox/index.html]
[www.patlive.com/wp-json/wp/v2/posts/1565.json]
[www.patlive.com/blog/power-customer-love-losing-a-customer/link.href, location.origin]
[www.patlive.com/blog/power-customer-love-losing-a-customer/index.html]
[www.patlive.com/wp-content/uploads/2019/11/7-Ways-to-Promote-Your-Business-This-Small-Business-Saturday.jpg]
[www.patlive.com/wp-json/oembed/1.0/embed293e.json]
[www.patlive.com/wp-json/oembed/1.0/embedf2d3]
[www.patlive.com/blog/ways-fund-new-business/Firefox/index.html]
[www.patlive.com/wp-json/wp/v2/posts/31231.json]
[www.patlive.com/blog/ways-fund-new-business/link.href, location.origin]
[www.patlive.com/blog/ways-fund-new-business/index.html]
[www.patlive.com/wp-json/oembed/1.0/embedbe9e.json]
[www.patlive.com/wp-json/oembed/1.0/embedd4be]
[www.patlive.com/blog/online-business-customer-service/Firefox/index.html]
[www.patlive.com/wp-json/wp/v2/posts/31210.json]
[www.patlive.com/wp-content/uploads/2019/06/How-to-Transforms-Negative-Online-Reviews-Into-Opportunities.jpg]
[www.patlive.com/blog/online-business-customer-service/link.href, location.origin]
[www.patlive.com/blog/online-business-customer-service/index.html]
[www.patlive.com/wp-content/uploads/essential-addons-elementor/eael-1214e6.js]
[www.patlive.com/blog/author/patlive/page/3/link.href, location.html]
[www.patlive.com/blog/customer-experience-fundamentals/Firefox/index.html]
[www.patlive.com/wp-content/uploads/elementor/css/post-31232ae9c.css]
[www.patlive.com/indexa13c.html]
[www.patlive.com/wp-content/uploads/essential-addons-elementor/eael-128226.js]
[www.patlive.com/blog/customer-experience-fundamentals/link.href, location.html]
[www.patlive.com/blog/virtual-receptionist-achieve-more/Firefox/index.html]
[www.patlive.com/indexcda5.html]
[www.patlive.com/wp-json/oembed/1.0/embed78de.json]
[www.patlive.com/wp-json/oembed/1.0/embed44f1]
[www.patlive.com/blog/sleep-for-entrepreneurs/Firefox/index.html]
[www.patlive.com/wp-json/wp/v2/posts/31161.json]
[www.patlive.com/wp-content/uploads/2020/02/6-Quick-Ways-to-Spark-Growth-in-Your-Small-Business.jpg]
[www.patlive.com/blog/sleep-for-entrepreneurs/link.href, location.origin]
[www.patlive.com/blog/sleep-for-entrepreneurs/index.html]
[www.patlive.com/wp-content/uploads/essential-addons-elementor/eael-12da57.js]
[www.patlive.com/blog/virtual-receptionist-achieve-more/link.href, location.html]
[www.patlive.com/blog/bots/Firefox/index.html]
[www.patlive.com/index94c3.html]
[www.patlive.com/wp-content/uploads/essential-addons-elementor/eael-12e045.js]
[www.patlive.com/blog/bots/link.href, location.html]
[www.patlive.com/blog/how-craft-call-flow/Firefox/index.html]
[www.patlive.com/blog/infographic-how-to-craft-the-ultimate-call-flow/index.html]
[www.patlive.com/index80f5.html]
[www.patlive.com/wp-content/uploads/2024/03/PATLive-Infographic-Call-Flows-2024.html]
[www.patlive.com/wp-content/uploads/essential-addons-elementor/eael-12b095.js]
[www.patlive.com/blog/how-craft-call-flow/link.href, location.html]
[www.patlive.com/blog/5-tools-virtual-office-to-succeed/Firefox/index.html]
[www.patlive.com/index3652.html]
[www.patlive.com/wp-content/uploads/essential-addons-elementor/eael-127810.js]
[www.patlive.com/blog/5-tools-virtual-office-to-succeed/link.href, location.html]
[www.patlive.com/blog/benefits-outsourcing-answering-services/Firefox/index.html]
[www.patlive.com/index64dd.html]
[www.patlive.com/wp-content/uploads/essential-addons-elementor/eael-122324.js]
[www.patlive.com/blog/benefits-outsourcing-answering-services/link.href, location.html]
[www.patlive.com/blog/calls-to-virtual-receptionist/Firefox/index.html]
[www.patlive.com/index2f08.html]
[www.patlive.com/wp-json/oembed/1.0/embed9291.json]
[www.patlive.com/wp-json/oembed/1.0/embed14d4]
[www.patlive.com/blog/call-forwarding-benefit-small-business/Firefox/index.html]
[www.patlive.com/wp-json/wp/v2/posts/8040.json]
[www.patlive.com/wp-content/uploads/2019/07/call-forwarding-blog-image.png]
[www.patlive.com/blog/call-forwarding-benefit-small-business/link.href, location.origin]
[www.patlive.com/blog/call-forwarding-benefit-small-business/index.html]
[www.patlive.com/blog/calls-to-virtual-receptionist/link.href, location.html]
[www.patlive.com/blog/answering-service-posts-small-business/Firefox/index.html]
[www.patlive.com/index76a7-2.html]
[www.patlive.com/wp-json/oembed/1.0/embeda89c.json]
[www.patlive.com/wp-json/oembed/1.0/embed3e91]
[www.patlive.com/blog/remote-receptionist-how-it-works/Firefox/index.html]
[www.patlive.com/wp-json/wp/v2/posts/5811.json]
[www.patlive.com/wp-content/uploads/2019/04/What-an-Answering-Service-Can-Do-For-My-Business.jpg]
[www.patlive.com/blog/remote-receptionist-how-it-works/link.href, location.origin]
[www.patlive.com/blog/remote-receptionist-how-it-works/index.html]
[www.patlive.com/blog/companies-need-call-center/Firefox/index.html]
[www.patlive.com/wp-json/oembed/1.0/embedba53.json]
[www.patlive.com/wp-json/oembed/1.0/embed5ab1]
[www.patlive.com/wp-json/wp/v2/posts/31186.json]
[www.patlive.com/wp-content/uploads/2019/12/What-types-of-companies-need-a-call-center-1.jpg]
[www.patlive.com/blog/companies-need-call-center/link.href, location.origin]
[www.patlive.com/blog/companies-need-call-center/index.html]
[www.patlive.com/blog/answering-phones-covid19/index.html]
[www.patlive.com/blog/save-small-business-money/index.html]
[www.patlive.com/blog/virtual-receptionist-grow-business/index.html]
[www.patlive.com/wp-json/oembed/1.0/embed8928.json]
[www.patlive.com/wp-json/oembed/1.0/embedb4d9]
[www.patlive.com/blog/answering-service-improve-business/Firefox/index.html]
[www.patlive.com/wp-json/wp/v2/posts/31185.json]
[www.patlive.com/wp-content/uploads/2019/11/Copy-of-6-Ways-to-Grow-Your-Small-Business-in-2021.png]
[www.patlive.com/blog/answering-service-improve-business/link.href, location.origin]
[www.patlive.com/blog/answering-service-improve-business/index.html]
[www.patlive.com/wp-json/oembed/1.0/embedf6d9.json]
[www.patlive.com/wp-json/oembed/1.0/embed3cbc]
[www.patlive.com/blog/4-ways-get-most-patlive/Firefox/index.html]
[www.patlive.com/wp-json/wp/v2/posts/31188.json]
[www.patlive.com/wp-content/uploads/2019/09/4-Ways-to-Get-the-Most-Out-of-PATLives-Answering-Services.jpg]
[www.patlive.com/blog/4-ways-get-most-patlive/link.href, location.origin]
[www.patlive.com/blog/4-ways-get-most-patlive/index.html]
[www.patlive.com/wp-json/oembed/1.0/embed22f5.json]
[www.patlive.com/wp-json/oembed/1.0/embedddc6]
[www.patlive.com/blog/find-right-answering-service/Firefox/index.html]
[www.patlive.com/wp-json/wp/v2/posts/31183.json]
[www.patlive.com/wp-content/uploads/2019/11/How-to-Find-the-Right-legal-Answering-Service-1.jpg]
[www.patlive.com/blog/find-right-answering-service/link.href, location.origin]
[www.patlive.com/blog/find-right-answering-service/index.html]
[www.patlive.com/wp-content/uploads/essential-addons-elementor/eael-125d4a.js]
[www.patlive.com/blog/answering-service-posts-small-business/link.href, location.html]
[www.patlive.com/blog/favorite-business-podcasts-2/Firefox/index.html]
[www.patlive.com/indexc35a.html]
[www.patlive.com/wp-content/uploads/essential-addons-elementor/eael-1280cf.js]
[www.patlive.com/blog/favorite-business-podcasts-2/link.href, location.html]
[www.patlive.com/blog/stress-management-tips/Firefox/index.html]
[www.patlive.com/indexd62e.html]
[www.patlive.com/wp-content/uploads/essential-addons-elementor/eael-12792c.js]
[www.patlive.com/blog/stress-management-tips/link.href, location.html]
[www.patlive.com/blog/word-of-mouth/Firefox/index.html]
[www.patlive.com/indexceaa.html]
[www.patlive.com/wp-content/uploads/essential-addons-elementor/eael-12b1be.js]
[www.patlive.com/blog/word-of-mouth/link.href, location.html]
[www.patlive.com/blog/save-small-business-money-2/Firefox/index.html]
[www.patlive.com/index1446.html]
[www.patlive.com/wp-content/uploads/essential-addons-elementor/eael-12aafa.js]
[www.patlive.com/blog/save-small-business-money-2/link.href, location.html]
[www.patlive.com/blog/how-to-find-the-right-legal-answering-service/Firefox/index.html]
[www.patlive.com/index4d96.html]
[www.patlive.com/wp-content/uploads/essential-addons-elementor/eael-128b58.js]
[www.patlive.com/blog/how-to-find-the-right-legal-answering-service/link.href, location.html]
[www.patlive.com/blog/tag/nd/page/3/i.html]
[www.patlive.com/blog/tag/nd/page/3/Firefox/index.html]
[www.patlive.com/wp-json/oembed/1.0/embed5420.json]
[www.patlive.com/wp-json/oembed/1.0/embed1281]
[www.patlive.com/blog/lifetime-customer-base/Firefox/index.html]
[www.patlive.com/wp-json/wp/v2/posts/5614.json]
[www.patlive.com/blog/lifetime-customer-base/link.href, location.origin]
[www.patlive.com/blog/lifetime-customer-base/index.html]
[www.patlive.com/wp-json/oembed/1.0/embed2c3f.json]
[www.patlive.com/wp-json/oembed/1.0/embedd251]
[www.patlive.com/blog/negative-online-reviews/Firefox/index.html]
[www.patlive.com/wp-json/wp/v2/posts/5610.json]
[www.patlive.com/wp-content/uploads/2020/02/How-to-Transforms-Negative-Online-Reviews-Into-Opportunities.jpg]
[www.patlive.com/blog/negative-online-reviews/link.href, location.origin]
[www.patlive.com/blog/negative-online-reviews/index.html]
[www.patlive.com/wp-json/oembed/1.0/embeda442.json]
[www.patlive.com/wp-json/oembed/1.0/embed8351]
[www.patlive.com/blog/6-ways-grow-small-business/Firefox/index.html]
[www.patlive.com/wp-json/wp/v2/posts/5606.json]
[learn.podium.com/rs/841-BRM-380/images/2017-SOOR-Infographic.jpg]
[www.patlive.com/blog/build-reviews-small-business/index.html]
[www.patlive.com/blog/6-ways-grow-small-business/link.href, location.origin]
[www.patlive.com/blog/6-ways-grow-small-business/index.html]
[www.patlive.com/blog/26-motivational-quotes/Firefox/index.html]
[www.patlive.com/wp-json/oembed/1.0/embed169b.json]
[www.patlive.com/wp-json/oembed/1.0/embede7e8]
[www.patlive.com/wp-json/wp/v2/posts/5602.json]
[www.patlive.com/blog/26-motivational-quotes/link.href, location.origin]
[www.patlive.com/blog/26-motivational-quotes/index.html]
[www.patlive.com/blog/upset-customer-calls-how-to-deal/Firefox/index.html]
[www.patlive.com/wp-json/oembed/1.0/embed5707.json]
[www.patlive.com/wp-json/oembed/1.0/embed8368]
[www.patlive.com/wp-json/wp/v2/posts/7609.json]
[www.patlive.com/wp-content/uploads/2020/01/Upset-Customer-Calls-How-to-Deal.jpg]
[www.patlive.com/blog/upset-customer-calls-how-to-deal/link.href, location.origin]
[www.patlive.com/blog/upset-customer-calls-how-to-deal/index.html]
[www.patlive.com/wp-json/oembed/1.0/embed2054.json]
[www.patlive.com/blog/10-books-small-business/Firefox/index.html]
[www.patlive.com/wp-json/oembed/1.0/embedc150]
[www.patlive.com/wp-json/wp/v2/posts/31189.json]
[www.patlive.com/blog/10-books-small-business/link.href, location.origin]
[www.patlive.com/blog/10-books-small-business/index.html]
[www.patlive.com/wp-json/oembed/1.0/embed2641.json]
[www.patlive.com/wp-json/oembed/1.0/embedf8ae]
[www.patlive.com/blog/small-business-saturday/Firefox/index.html]
[www.patlive.com/wp-json/wp/v2/posts/31184.json]
[www.patlive.com/blog/small-business-saturday/link.href, location.origin]
[www.patlive.com/blog/small-business-saturday/index.html]
[www.patlive.com/blog/tag/nd/page/4/i]
[www.patlive.com/wp-content/uploads/2019/11/How-to-Find-the-Right-legal-Answering-Service-1-1024x576.jpg]
[www.patlive.com/wp-content/uploads/2019/11/4-Proven-Ways-to-Increase-Your-Repeat-Customer-Base-1024x576.jpg]
[www.patlive.com/wp-content/uploads/2019/11/5-Customer-Service-Skills-that-Drive-Every-Business-1024x576.jpg]
[www.patlive.com/wp-content/uploads/2019/11/Call-Forwarding-–-How-Can-It-Benefit-My-Small-Business-1024x576.jpg]
[www.patlive.com/wp-content/uploads/2019/11/Why-eCommerce-Customer-Service-is-the-Difference-Your-Brand-Needs-1024x576.jpg]
[www.patlive.com/wp-content/uploads/2019/10/The-Role-of-the-Phone-in-the-Customer-Service-Lifecycle-1024x576.jpg]
[www.patlive.com/blog/answering-services-infographic/index.html]
[www.patlive.com/wp-content/uploads/2019/10/Virtual-Receptionists-What-They-Are-And-How-They-Help-Your-Business-Grow-1024x576.jpg]
[www.patlive.com/blog/ecommerce-customer-service/index.html]
[www.patlive.com/blog/tag/nd/page/4/Firefox/index.html]
[www.patlive.com/wp-content/uploads/2019/10/How-to-Drive-More-Calls-to-Your-Law-Firm-Using-Your-Website-1024x576.jpg]
[www.patlive.com/wp-content/uploads/2019/10/Copy-of-Customer-Service-Week-How-to-Celebrate-in-2019-1024x576.jpg]
[www.patlive.com/blog/role-of-the-phone/index.html]
[www.patlive.com/blog/virtual-receptionists/index.html]
[www.patlive.com/blog/drive-more-phone-calls-law-firm/index.html]
[www.patlive.com/blog/ways-customer-service-shine/index.html]
[www.patlive.com/blog/customer-service-week/index.html]
[www.patlive.com/blog/tag/nd/page/4/link.href, location.origin]
[www.patlive.com/blog/tag/nd/page/4/index.html]
[www.patlive.com/wp-content/uploads/essential-addons-elementor/eael-127dd8.js]
[www.patlive.com/blog/tag/nd/page/3/link.href, location.html]
[www.patlive.com/blog/great-customer-service-experience/Firefox/index.html]
[www.patlive.com/index9b31.html]
[www.patlive.com/blog/tag/nd/page/5/index.html]
[www.patlive.com/wp-json/oembed/1.0/embed8d86.json]
[www.patlive.com/wp-json/oembed/1.0/embede25a]
[www.patlive.com/blog/great-customer-experience-tips/Firefox/index.html]
[www.patlive.com/wp-json/wp/v2/posts/7524.json]
[www.patlive.com/wp-content/uploads/2020/08/blog-article-Customer-Experience-Best-Practices-Tips-from-the-Pros.jpg]
[www.patlive.com/blog/great-customer-experience-tips/link.href, location.origin]
[www.patlive.com/blog/great-customer-experience-tips/index.html]
[www.patlive.com/wp-content/uploads/essential-addons-elementor/eael-12e5a1.js]
[www.patlive.com/blog/great-customer-service-experience/link.href, location.html]
[www.patlive.com/blog/these-startups-have-way-better-benefits-than-you/Firefox/index.html]
[www.patlive.com/index815c.html]
[www.patlive.com/blog/these-startups-have-way-better-benefits-than-you/link.href, location.html]
[www.patlive.com/blog/small-business-generate-leads/Firefox/index.html]
[www.patlive.com/indexc951.html]
[www.patlive.com/wp-json/oembed/1.0/embedaa64.json]
[www.patlive.com/wp-json/oembed/1.0/embed2498]
[www.patlive.com/blog/ways-personalized-service-customers/Firefox/index.html]
[www.patlive.com/wp-json/wp/v2/posts/7979.json]
[www.patlive.com/blog/client-retention-best-practices/index.html]
[www.patlive.com/blog/ways-personalized-service-customers/link.href, location.origin]
[www.patlive.com/blog/ways-personalized-service-customers/index.html]
[www.patlive.com/wp-content/uploads/essential-addons-elementor/eael-122d43.js]
[www.patlive.com/blog/small-business-generate-leads/link.href, location.html]
[www.patlive.com/blog/protect-your-business-from-robocalls/Firefox/index.html]
[www.patlive.com/indexb7f5.html]
[www.patlive.com/wp-content/uploads/essential-addons-elementor/eael-126dc7.js]
[www.patlive.com/blog/protect-your-business-from-robocalls/link.href, location.html]
[www.patlive.com/blog/customer-journey-mapping/Firefox/index.html]
[www.patlive.com/index4085.html]
[www.patlive.com/wp-content/uploads/essential-addons-elementor/eael-125fad.js]
[www.patlive.com/blog/customer-journey-mapping/link.href, location.html]
[www.patlive.com/blog/call-handling-101/Firefox/index.html]
[www.patlive.com/indexf223.html]
[www.patlive.com/wp-content/uploads/essential-addons-elementor/eael-1294df.js]
[www.patlive.com/blog/call-handling-101/link.href, location.html]
[www.patlive.com/blog/the-best-ways-a-law-firm-can-answer-phone-calls/Firefox/index.html]
[www.patlive.com/index2c0f.html]
[www.patlive.com/wp-content/uploads/essential-addons-elementor/eael-120b8d.js]
[www.patlive.com/blog/the-best-ways-a-law-firm-can-answer-phone-calls/link.href, location.html]
[www.patlive.com/blog/author/james-collierpatlive-com/page/4/i.html]
[www.patlive.com/blog/author/james-collierpatlive-com/page/4/Firefox/index.html]
[www.patlive.com/wp-content/uploads/2019/10/5-Simple-Ways-to-Make-Your-Customer-Service-Shine-Into-the-New-Year.jpg]
[www.patlive.com/wp-json/oembed/1.0/embed4a60.json]
[www.patlive.com/wp-json/oembed/1.0/embed6efa]
[www.patlive.com/blog/customer-service-basics-to-boost-your-law-firm/Firefox/index.html]
[www.patlive.com/wp-json/wp/v2/posts/21220.json]
[www.patlive.com/wp-content/uploads/2023/07/Greater-Than-Graphic-1.png]
[www.patlive.com/wp-content/uploads/2022/09/who-will-be-answering-my-calls.jpeg]
[www.patlive.com/wp-content/uploads/2023/07/your-clients-want-more-1024x424.png]
[www.patlive.com/wp-content/uploads/2023/07/a-handshake-over-business.png]
[www.patlive.com/wp-content/uploads/2023/07/92-percent.png]
[www.patlive.com/wp-content/uploads/2023/07/72-percent.png]
[www.patlive.com/wp-content/uploads/2023/07/Less-Than-Graphic-1.png]
[www.patlive.com/wp-content/uploads/2020/11/blog-article-How-to-Build-Reviews-for-Your-Small-Business-1024x576.jpg]
[www.patlive.com/wp-content/uploads/2023/07/Man-using-phone-with-laptop.png]
[www.patlive.com/wp-content/uploads/2019/04/What-an-Answering-Service-Can-Do-For-My-Business-1024x576.jpg]
[www.patlive.com/wp-content/uploads/2023/07/85-percent.png]
[www.patlive.com/wp-content/uploads/2023/07/78-percent.png]
[www.patlive.com/blog/customer-service-basics-to-boost-your-law-firm/link.href, location.origin]
[www.patlive.com/blog/customer-service-basics-to-boost-your-law-firm/index.html]
[www.patlive.com/wp-content/uploads/2023/07/5-Surprising-Things-Legal-5-surprising-things-legal.original.pdf-1024x576.png]
[www.patlive.com/wp-json/oembed/1.0/embed11df.json]
[www.patlive.com/wp-json/oembed/1.0/embed340e]
[www.patlive.com/blog/5-surprising-things-an-answering-service-can-do-for-your-law-practice/Firefox/index.html]
[www.patlive.com/wp-json/wp/v2/posts/21155.json]
[www.patlive.com/wp-content/uploads/2023/07/5-Surprising-Things-Legal-5-surprising-things-legal.1920-1080.png]
[www.patlive.com/wp-content/uploads/2023/07/Man-using-phone.png]
[www.patlive.com/wp-content/uploads/2023/07/72-of-people-contact-potential-attorneys-by-phone.png]
[www.patlive.com/wp-content/uploads/2023/07/Virtual-Receptionist.png]
[www.patlive.com/wp-content/uploads/2023/07/male-virtual-receptionist.png]
[www.patlive.com/wp-content/uploads/2023/07/Call-Screening-and-Transfers-1-1024x507.png]
[www.patlive.com/wp-content/uploads/2023/07/Female-Virtual-Receptionist.png]
[www.patlive.com/wp-content/uploads/2023/07/Whos-covering-your-phones-1-1024x576.png]
[www.patlive.com/blog/5-surprising-things-an-answering-service-can-do-for-your-law-practice/link.href, location.origin]
[www.patlive.com/blog/5-surprising-things-an-answering-service-can-do-for-your-law-practice/index.html]
[www.patlive.com/wp-json/oembed/1.0/embed1866.json]
[www.patlive.com/wp-json/oembed/1.0/embed92a1]
[www.patlive.com/blog/5-surprising-things-an-answering-service-can-do-for-your-business/Firefox/index.html]
[www.patlive.com/wp-json/wp/v2/posts/21029.json]
[www.patlive.com/wp-content/uploads/2023/07/image-1024x748.png]
[www.patlive.com/wp-content/uploads/2023/07/image-1.png]
[www.patlive.com/wp-content/uploads/2023/07/image-2-1024x770.png]
[www.patlive.com/wp-content/uploads/2023/07/image-4-1024x770.png]
[www.patlive.com/wp-content/uploads/2023/07/image-5-1024x757.png]
[www.patlive.com/wp-content/uploads/2023/07/image-6.png]
[www.patlive.com/wp-content/uploads/2023/07/image-8.png]
[www.patlive.com/wp-content/uploads/2023/07/pen-and-paper.png]
[www.patlive.com/wp-content/uploads/2023/07/image-12.png]
[www.patlive.com/wp-content/uploads/2023/07/Employees.png]
[www.patlive.com/wp-content/uploads/2023/07/image-14.png]
[www.patlive.com/blog/5-surprising-things-an-answering-service-can-do-for-your-business/link.href, location.origin]
[www.patlive.com/blog/5-surprising-things-an-answering-service-can-do-for-your-business/index.html]
[www.patlive.com/wp-content/uploads/essential-addons-elementor/eael-12e858.js]
[www.patlive.com/blog/author/james-collierpatlive-com/page/4/link.href, location.html]
[www.patlive.com/blog/integrating-with-jotform-or-formstack/Firefox/index.html]
[www.patlive.com/index6097.html]
[www.patlive.com/wp-content/uploads/essential-addons-elementor/eael-1268d6.js]
[www.patlive.com/blog/integrating-with-jotform-or-formstack/link.href, location.html]
[www.patlive.com/blog/help-web-chat-settings/Firefox/index.html]
[www.patlive.com/indexef01.html]
[www.patlive.com/wp-content/uploads/2023/09/WordPress-Install-Plugin-1024x488.html]
[www.patlive.com/wp-content/uploads/2022/07/LOGO_GPLUS-1.html]
[www.patlive.com/wp-content/uploads/essential-addons-elementor/eael-12c9a7.js]
[www.patlive.com/blog/help-web-chat-settings/link.href, location.html]
[www.patlive.com/blog/3-easy-ways-for-your-law-firm-to-connect-with-more-clients/Firefox/index.html]
[www.patlive.com/index64b5.html]
[www.patlive.com/wp-content/uploads/2022/08/forward.html]
[www.patlive.com/wp-content/uploads/2022/08/phone-number2-1024x719.html]
[www.patlive.com/wp-content/uploads/essential-addons-elementor/eael-12d97a.js]
[www.patlive.com/blog/3-easy-ways-for-your-law-firm-to-connect-with-more-clients/link.href, location.html]
[www.patlive.com/blog/modern-answering-services-more-than-message-taking/Firefox/index.html]
[www.patlive.com/index87fe.html]
[www.patlive.com/wp-content/uploads/essential-addons-elementor/eael-128c8c.js]
[www.patlive.com/blog/modern-answering-services-more-than-message-taking/link.href, location.html]
[www.patlive.com/blog/6-surprising-technologies-that-will-make-your-law-firm-elite/Firefox/index.html]
[www.patlive.com/wp-content/uploads/2022/09/stopwatch.html]
[www.patlive.com/index6dbe.html]
[www.patlive.com/wp-content/uploads/2022/09/247_answering.html]
[www.patlive.com/wp-content/uploads/essential-addons-elementor/eael-1259d7.js]
[www.patlive.com/blog/6-surprising-technologies-that-will-make-your-law-firm-elite/link.href, location.html]
[www.patlive.com/blog/author/patlive/page/4/i.html]
[www.patlive.com/blog/author/patlive/page/4/Firefox/index.html]
[www.patlive.com/blog/author/patlive/page/5/i]
[www.patlive.com/wp-content/uploads/2015/07/Social-Media-Icons.png]
[www.patlive.com/wp-content/uploads/2020/04/Why-Communication-is-Key-During-a-Pandemic-1024x576.jpg]
[www.patlive.com/wp-content/uploads/2015/07/eye-roll.jpg]
[www.patlive.com/wp-content/uploads/2021/04/blog-article-illustration_rough-01-1024x576.png]
[www.patlive.com/wp-content/uploads/2017/04/Answering-Service-Tips-How-To-Keep-Your-Cool-During-Stressful-Calls-1024x576.jpg]
[www.patlive.com/blog/3-ways-indispensable-to-customers/index.html]
[www.patlive.com/wp-content/uploads/2020/01/9-Small-Business-Owners-Who-Inspired-Us-In-2019-1-1024x576.jpg]
[www.patlive.com/blog/author/patlive/page/5/Firefox/index.html]
[www.patlive.com/blog/multi-channel-social-customer-service/index.html]
[www.patlive.com/blog/business-communication-facts/index.html]
[www.patlive.com/blog/author/patlive/page/6/index.html]
[www.patlive.com/blog/customer-service-myth-debunked/index.html]
[www.patlive.com/blog/holiday-survival-guide-customers-jolly/index.html]
[www.patlive.com/blog/customer-support-vs-customer-service/index.html]
[www.patlive.com/blog/author/patlive/page/5/link.href, location.origin]
[www.patlive.com/blog/author/patlive/page/5/index.html]
[www.patlive.com/blog/customer-service-mistakes/index.html]
[www.patlive.com/blog/let-it-go-the-amazing-power-of-taking-blame/index.html]
[www.patlive.com/blog/net-promoter-score-and-your-business/index.html]
[www.patlive.com/blog/customer-friendly-business-service-insights/index.html]
[www.patlive.com/wp-content/uploads/2016/01/TedTalks.jpg]
[www.patlive.com/wp-json/oembed/1.0/embed3a3f.json]
[www.patlive.com/wp-json/oembed/1.0/embedcbb3]
[www.patlive.com/blog/5-ted-talks-that-will-make-you-a-better-communicator/Firefox/index.html]
[www.patlive.com/wp-json/wp/v2/posts/31212.json]
[www.patlive.com/blog/5-ted-talks-that-will-make-you-a-better-communicator/link.href, location.origin]
[www.patlive.com/blog/5-ted-talks-that-will-make-you-a-better-communicator/index.html]
[www.patlive.com/wp-content/uploads/2023/03/gavel-law-1010011.jpg]
[www.patlive.com/wp-json/oembed/1.0/embed419c.json]
[www.patlive.com/wp-json/oembed/1.0/embed5537]
[www.patlive.com/blog/customer-service-fundamentals-better-lawyer/Firefox/index.html]
[www.patlive.com/wp-json/wp/v2/posts/31222.json]
[www.patlive.com/blog/customer-service-fundamentals-better-lawyer/link.href, location.origin]
[www.patlive.com/blog/customer-service-fundamentals-better-lawyer/index.html]
[www.patlive.com/wp-json/oembed/1.0/embed7bd5.json]
[www.patlive.com/wp-json/oembed/1.0/embed388e]
[www.patlive.com/blog/business-needs-live-receptionists/Firefox/index.html]
[www.patlive.com/wp-json/wp/v2/posts/31220.json]
[www.patlive.com/blog/business-needs-live-receptionists/link.href, location.origin]
[www.patlive.com/blog/business-needs-live-receptionists/index.html]
[www.patlive.com/wp-content/uploads/2020/12/blog-article-The-Future-of-Customer-Service-2048x1153-1.png]
[www.patlive.com/blog/why-our-agents-love-their-jobs/index.html]
[www.patlive.com/wp-json/oembed/1.0/embeddaf2.json]
[www.patlive.com/wp-json/oembed/1.0/embedfed8]
[www.patlive.com/blog/customer-service-is-the-new-wave-of-marketing/Firefox/index.html]
[www.patlive.com/wp-json/wp/v2/posts/3889.json]
[www.patlive.com/blog/customer-service-is-the-new-wave-of-marketing/link.href, location.origin]
[www.patlive.com/blog/customer-service-is-the-new-wave-of-marketing/index.html]
[www.patlive.com/wp-json/oembed/1.0/embed468e.json]
[www.patlive.com/wp-json/oembed/1.0/embed9d46]
[www.patlive.com/blog/5-things-consider-outsourcing-labor/Firefox/index.html]
[www.patlive.com/wp-json/wp/v2/posts/31214.json]
[www.patlive.com/blog/5-things-consider-outsourcing-labor/link.href, location.origin]
[www.patlive.com/blog/5-things-consider-outsourcing-labor/index.html]
[www.patlive.com/wp-content/uploads/2019/05/3-Undeniable-Reasons-Your-Business-Needs-a-Live-Receptionist-Now.jpg]
[www.patlive.com/wp-json/oembed/1.0/embed0f7c.json]
[www.patlive.com/wp-json/oembed/1.0/embedff10]
[www.patlive.com/blog/reasons-need-live-receptionist/Firefox/index.html]
[www.patlive.com/wp-json/wp/v2/posts/31213.json]
[www.patlive.com/blog/reasons-need-live-receptionist/link.href, location.origin]
[www.patlive.com/blog/reasons-need-live-receptionist/index.html]
[www.patlive.com/wp-content/uploads/2023/12/social.jpg]
[www.patlive.com/wp-json/oembed/1.0/embedf914.json]
[www.patlive.com/wp-json/oembed/1.0/embede4e7]
[www.patlive.com/blog/complaints-social-media/Firefox/index.html]
[www.patlive.com/wp-json/wp/v2/posts/31217.json]
[www.patlive.com/blog/complaints-social-media/link.href, location.origin]
[www.patlive.com/blog/complaints-social-media/index.html]
[www.patlive.com/wp-content/uploads/essential-addons-elementor/eael-12845d.js]
[www.patlive.com/blog/author/patlive/page/4/link.href, location.html]
[www.patlive.com/blog/more-customer-phone-calls/Firefox/index.html]
[www.patlive.com/blog/more-customer-calls/index.html]
[www.patlive.com/index8032.html]
[www.patlive.com/wp-content/uploads/essential-addons-elementor/eael-12a0f6.js]
[www.patlive.com/blog/more-customer-phone-calls/link.href, location.html]
[www.patlive.com/blog/startup-customer-service/Firefox/index.html]
[www.patlive.com/blog/why-your-startup-should-have-dedicated-customer-service-reps/index.html]
[www.patlive.com/index032f.html]
[www.patlive.com/wp-content/uploads/essential-addons-elementor/eael-1293d9.js]
[www.patlive.com/blog/startup-customer-service/link.href, location.html]
[www.patlive.com/blog/staying-connected-and-productive-when-you-dont-have-an-office/Firefox/index.html]
[www.patlive.com/wp-content/uploads/elementor/css/post-312275f9e.css]
[www.patlive.com/index079a.html]
[www.patlive.com/wp-content/uploads/essential-addons-elementor/eael-12ac05.js]
[www.patlive.com/blog/staying-connected-and-productive-when-you-dont-have-an-office/link.href, location.html]
[www.patlive.com/blog/power-customer-love-losing-a-customer/Firefox/index.html]
[www.patlive.com/blog/never-underestimate-the-power-of-customer-love/index.html]
[www.patlive.com/indexcf6d.html]
[www.patlive.com/wp-content/uploads/essential-addons-elementor/eael-1275fe.js]
[www.patlive.com/blog/power-customer-love-losing-a-customer/link.href, location.html]
[www.patlive.com/blog/ways-fund-new-business/Firefox/index.html]
[www.patlive.com/blog/didnt-win-the-powerball-jackpot-here-are-5-cool-ways-to-fund-your-new-business/index.html]
[www.patlive.com/indexefe2.html]
[www.patlive.com/wp-content/uploads/essential-addons-elementor/eael-12f0c2.js]
[www.patlive.com/blog/ways-fund-new-business/link.href, location.html]
[www.patlive.com/blog/online-business-customer-service/Firefox/index.html]
[www.patlive.com/blog/online-business-providing-customer-service-that-brings-happy-tears/index.html]
[www.patlive.com/index981c.html]
[www.patlive.com/wp-content/uploads/essential-addons-elementor/eael-12d11e.js]
[www.patlive.com/blog/online-business-customer-service/link.href, location.html]
[www.patlive.com/blog/sleep-for-entrepreneurs/Firefox/index.html]
[www.patlive.com/indexcbaa.html]
[www.patlive.com/wp-content/uploads/essential-addons-elementor/eael-127a62.js]
[www.patlive.com/blog/sleep-for-entrepreneurs/link.href, location.html]
[www.patlive.com/blog/call-forwarding-benefit-small-business/Firefox/index.html]
[www.patlive.com/index48f3.html]
[www.patlive.com/wp-content/uploads/essential-addons-elementor/eael-12fe18.js]
[www.patlive.com/blog/call-forwarding-benefit-small-business/link.href, location.html]
[www.patlive.com/blog/remote-receptionist-how-it-works/Firefox/index.html]
[www.patlive.com/index4674.html]
[www.patlive.com/wp-content/uploads/essential-addons-elementor/eael-12e19e.js]
[www.patlive.com/blog/remote-receptionist-how-it-works/link.href, location.html]
[www.patlive.com/blog/companies-need-call-center/Firefox/index.html]
[www.patlive.com/index3e43.html]
[www.patlive.com/wp-content/uploads/essential-addons-elementor/eael-12fd94.js]
[www.patlive.com/blog/companies-need-call-center/link.href, location.html]
[www.patlive.com/blog/answering-service-improve-business/Firefox/index.html]
[www.patlive.com/index6605.html]
[www.patlive.com/answering-service/index.html]
[www.patlive.com/wp-content/uploads/essential-addons-elementor/eael-122262.js]
[www.patlive.com/blog/answering-service-improve-business/link.href, location.html]
[www.patlive.com/blog/4-ways-get-most-patlive/Firefox/index.html]
[www.patlive.com/index3d3b.html]
[www.patlive.com/wp-content/uploads/essential-addons-elementor/eael-127487.js]
[www.patlive.com/blog/4-ways-get-most-patlive/link.href, location.html]
[www.patlive.com/blog/find-right-answering-service/Firefox/index.html]
[www.patlive.com/index5c62.html]
[www.patlive.com/answering-service/appointment-scheduling/index.html]
[www.patlive.com/answering-service/lead-collection/index.html]
[www.patlive.com/wp-content/uploads/essential-addons-elementor/eael-127f83.js]
[www.patlive.com/blog/find-right-answering-service/link.href, location.html]
[www.patlive.com/blog/lifetime-customer-base/Firefox/index.html]
[www.patlive.com/index74cf.html]
[www.patlive.com/blog/lifetime-customer-base/link.href, location.html]
[www.patlive.com/blog/negative-online-reviews/Firefox/index.html]
[www.patlive.com/indexf710.html]
[www.patlive.com/wp-content/uploads/essential-addons-elementor/eael-12b814.js]
[www.patlive.com/blog/negative-online-reviews/link.href, location.html]
[www.patlive.com/blog/6-ways-grow-small-business/Firefox/index.html]
[www.patlive.com/index08a6.html]
[www.patlive.com/wp-json/oembed/1.0/embed7043.json]
[www.patlive.com/wp-json/oembed/1.0/embed0f23]
[www.patlive.com/blog/build-reviews-small-business/Firefox/index.html]
[www.patlive.com/wp-json/wp/v2/posts/8014.json]
[www.patlive.com/wp-content/uploads/2020/11/blog-article-How-to-Build-Reviews-for-Your-Small-Business.jpg]
[www.patlive.com/blog/build-reviews-small-business/link.href, location.origin]
[www.patlive.com/blog/build-reviews-small-business/index.html]
[www.patlive.com/wp-content/uploads/essential-addons-elementor/eael-12a005.js]
[www.patlive.com/blog/6-ways-grow-small-business/link.href, location.html]
[www.patlive.com/blog/26-motivational-quotes/Firefox/index.html]
[www.patlive.com/index0425.html]
[www.patlive.com/wp-content/uploads/essential-addons-elementor/eael-12d53f.js]
[www.patlive.com/blog/26-motivational-quotes/link.href, location.html]
[www.patlive.com/blog/upset-customer-calls-how-to-deal/Firefox/index.html]
[www.patlive.com/indexfd29.html]
[www.patlive.com/wp-content/uploads/essential-addons-elementor/eael-12d065.js]
[www.patlive.com/blog/upset-customer-calls-how-to-deal/link.href, location.html]
[www.patlive.com/blog/10-books-small-business/Firefox/index.html]
[www.patlive.com/indexac93.html]
[www.patlive.com/wp-content/uploads/essential-addons-elementor/eael-122e22.js]
[www.patlive.com/blog/10-books-small-business/link.href, location.html]
[www.patlive.com/blog/small-business-saturday/Firefox/index.html]
[www.patlive.com/indexefc0.html]
[www.patlive.com/wp-content/uploads/essential-addons-elementor/eael-121425.js]
[www.patlive.com/blog/small-business-saturday/link.href, location.html]
[www.patlive.com/blog/tag/nd/page/4/i.html]
[www.patlive.com/blog/tag/nd/page/4/Firefox/index.html]
[www.patlive.com/wp-content/uploads/2022/09/PatLive_Infographic_V7-791x1024.jpg]
[www.patlive.com/blog/answering-services-infographic/Firefox/index.html]
[www.patlive.com/wp-json/oembed/1.0/embedd805.json]
[www.patlive.com/wp-json/oembed/1.0/embed9204]
[www.patlive.com/wp-json/wp/v2/posts/31181.json]
[www.patlive.com/wp-content/uploads/2019/11/Call-Forwarding-–-How-Can-It-Benefit-My-Small-Business.jpg]
[www.patlive.com/blog/answering-services-infographic/link.href, location.origin]
[www.patlive.com/blog/answering-services-infographic/index.html]
[www.patlive.com/wp-content/uploads/2019/11/Why-eCommerce-Customer-Service-is-the-Difference-Your-Brand-Needs.jpg]
[www.patlive.com/wp-json/oembed/1.0/embedbf29.json]
[www.patlive.com/wp-json/oembed/1.0/embed2e35]
[www.patlive.com/blog/ecommerce-customer-service/Firefox/index.html]
[www.patlive.com/wp-json/wp/v2/posts/31179.json]
[www.patlive.com/blog/ecommerce-customer-service/link.href, location.origin]
[www.patlive.com/blog/ecommerce-customer-service/index.html]
[www.patlive.com/wp-json/oembed/1.0/embed70f8.json]
[www.patlive.com/wp-json/oembed/1.0/embed47c4]
[www.patlive.com/blog/role-of-the-phone/Firefox/index.html]
[www.patlive.com/wp-json/wp/v2/posts/31178.json]
[www.patlive.com/wp-content/uploads/2019/10/The-Role-of-the-Phone-in-the-Customer-Service-Lifecycle.jpg]
[www.patlive.com/blog/role-of-the-phone/link.href, location.origin]
[www.patlive.com/blog/role-of-the-phone/index.html]
[www.patlive.com/wp-json/oembed/1.0/embed4abb.json]
[www.patlive.com/wp-json/oembed/1.0/embed0f61]
[www.patlive.com/blog/virtual-receptionists/Firefox/index.html]
[www.patlive.com/wp-json/wp/v2/posts/8047.json]
[www.patlive.com/wp-content/uploads/2019/10/Virtual-Receptionists-What-They-Are-And-How-They-Help-Your-Business-Grow.jpg]
[www.patlive.com/blog/virtual-receptionists/link.href, location.origin]
[www.patlive.com/blog/virtual-receptionists/index.html]
[www.patlive.com/wp-json/oembed/1.0/embed7005.json]
[www.patlive.com/wp-json/oembed/1.0/embed47c9]
[www.patlive.com/blog/drive-more-phone-calls-law-firm/Firefox/index.html]
[www.patlive.com/wp-json/wp/v2/posts/31177.json]
[www.patlive.com/wp-content/uploads/2019/10/How-to-Drive-More-Calls-to-Your-Law-Firm-Using-Your-Website.jpg]
[www.patlive.com/wp-content/uploads/2022/09/5things.jpg]
[www.patlive.com/wp-content/uploads/2022/09/whichdevice.jpg]
[www.patlive.com/blog/drive-more-phone-calls-law-firm/link.href, location.origin]
[www.patlive.com/blog/drive-more-phone-calls-law-firm/index.html]
[www.patlive.com/wp-json/oembed/1.0/embed9cc7.json]
[www.patlive.com/wp-json/oembed/1.0/embeda52f]
[www.patlive.com/blog/ways-customer-service-shine/Firefox/index.html]
[www.patlive.com/wp-json/wp/v2/posts/8046.json]
[www.patlive.com/blog/ways-customer-service-shine/link.href, location.origin]
[www.patlive.com/blog/ways-customer-service-shine/index.html]
[www.patlive.com/wp-content/uploads/2019/10/Copy-of-Customer-Service-Week-How-to-Celebrate-in-2019.jpg]
[www.patlive.com/wp-json/oembed/1.0/embed3d02.json]
[www.patlive.com/wp-json/oembed/1.0/embedecb7]
[www.patlive.com/blog/customer-service-week/Firefox/index.html]
[www.patlive.com/wp-json/wp/v2/posts/8045.json]
[www.patlive.com/blog/customer-service-week/link.href, location.origin]
[www.patlive.com/blog/customer-service-week/index.html]
[www.patlive.com/blog/tag/nd/page/5/i]
[www.patlive.com/wp-content/uploads/2019/09/Business-Podcasts-Every-Entrepreneur-Should-Listen-To-1024x576.jpg]
[www.patlive.com/wp-content/uploads/2019/09/4-Ways-to-Get-the-Most-Out-of-PATLives-Answering-Services-1024x576.jpg]
[www.patlive.com/wp-content/uploads/2019/09/Customer-Journey-Mapping-What-It-Is-How-to-Get-Started-1024x576.jpg]
[www.patlive.com/blog/value-human-customer-support/index.html]
[www.patlive.com/blog/business-podcasts-entrepreneur/index.html]
[www.patlive.com/wp-content/uploads/2019/08/The-True-Value-of-Providing-Human-Customer-Support-1024x576.jpg]
[www.patlive.com/wp-content/uploads/2019/08/How-to-Keep-Your-Small-Business-PCI-Compliant-in-2019-1024x576.jpg]
[www.patlive.com/blog/tag/nd/page/5/Firefox/index.html]
[www.patlive.com/blog/4-small-business-technology/index.html]
[www.patlive.com/wp-content/uploads/2019/07/Is-a-Legal-Answering-Service-Right-for-My-Practice-1024x576.jpg]
[www.patlive.com/wp-content/uploads/2019/07/7-Customer-Service-Trends-Driving-Success-in-2019-1024x576.jpg]
[www.patlive.com/blog/legal-answering-service/index.html]
[www.patlive.com/blog/small-business-pci-compliant/index.html]
[www.patlive.com/blog/tag/nd/page/5/link.href, location.origin]
[www.patlive.com/blog/tag/nd/page/5/index.html]
[www.patlive.com/blog/tag/nd/page/4/link.href, location.html]
[www.patlive.com/blog/great-customer-experience-tips/Firefox/index.html]
[www.patlive.com/index5b7e.html]
[www.patlive.com/wp-content/uploads/essential-addons-elementor/eael-12c5f3.js]
[www.patlive.com/blog/great-customer-experience-tips/link.href, location.html]
[www.patlive.com/blog/ways-personalized-service-customers/Firefox/index.html]
[www.patlive.com/indexc791.html]
[www.patlive.com/blog/tag/nd/page/6/index.html]
[www.patlive.com/blog/customer-service-trends-2019/index.html]
[www.patlive.com/blog/7-tips-customer-service/index.html]
[www.patlive.com/wp-json/oembed/1.0/embedd620.json]
[www.patlive.com/wp-json/oembed/1.0/embedbf57]
[www.patlive.com/blog/client-retention-best-practices/Firefox/index.html]
[www.patlive.com/wp-json/wp/v2/posts/7497.json]
[www.patlive.com/wp-content/uploads/2020/08/blog-article-client-retention-blog.jpg]
[www.patlive.com/blog/client-retention-best-practices/link.href, location.origin]
[www.patlive.com/blog/client-retention-best-practices/index.html]
[www.patlive.com/wp-content/uploads/essential-addons-elementor/eael-12ec30.js]
[www.patlive.com/blog/ways-personalized-service-customers/link.href, location.html]
[www.patlive.com/blog/customer-service-basics-to-boost-your-law-firm/Firefox/index.html]
[www.patlive.com/index1514.html]
[www.patlive.com/wp-content/uploads/2022/09/who-will-be-answering-my-calls.html]
[www.patlive.com/blog/customer-service-basics-to-boost-your-law-firm/link.href, location.html]
[www.patlive.com/blog/5-surprising-things-an-answering-service-can-do-for-your-law-practice/Firefox/index.html]
[www.patlive.com/index1ff8.html]
[www.patlive.com/wp-content/uploads/essential-addons-elementor/eael-12fa3b.js]
[www.patlive.com/blog/5-surprising-things-an-answering-service-can-do-for-your-law-practice/link.href, location.html]
[www.patlive.com/blog/5-surprising-things-an-answering-service-can-do-for-your-business/Firefox/index.html]
[www.patlive.com/index99fa.html]
[www.patlive.com/wp-content/uploads/essential-addons-elementor/eael-1253d7.js]
[www.patlive.com/blog/5-surprising-things-an-answering-service-can-do-for-your-business/link.href, location.html]
[www.patlive.com/blog/author/patlive/page/5/i.html]
[www.patlive.com/blog/author/patlive/page/5/Firefox/index.html]
[www.patlive.com/blog/author/patlive/page/6/i]
[www.patlive.com/wp-content/uploads/2015/10/night-of-the-living-dead-1024x576.jpg]
[www.patlive.com/wp-content/uploads/2015/10/spooky-pumpkins-1024x576.jpg]
[www.patlive.com/wp-content/uploads/2019/05/How-to-Make-a-Great-Company-Phone-Greeting-1024x576.jpg]
[www.patlive.com/blog/customer-service-night-living-dead/index.html]
[www.patlive.com/wp-content/uploads/2023/10/leadership.jpg]
[www.patlive.com/wp-content/uploads/2020/11/blog-article-7-Easy-Ways-to-Stand-Out-From-the-Competition-2-1024x576.png]
[www.patlive.com/wp-content/uploads/2022/08/bilingual2-1024x719.jpg]
[www.patlive.com/blog/author/patlive/page/6/Firefox/index.html]
[www.patlive.com/wp-content/uploads/2022/10/trusted-partner-1024x719.jpg]
[www.patlive.com/blog/author/patlive/page/7/index.html]
[www.patlive.com/blog/soul-songs-improve-customer-service/index.html]
[www.patlive.com/blog/inspiring-leaders-making-a-difference/index.html]
[www.patlive.com/blog/no-nonsense-ways-to-get-qualified-leads/index.html]
[www.patlive.com/blog/customer-retention-freebies/index.html]
[www.patlive.com/blog/bilingual-virtual-receptionist-business/index.html]
[www.patlive.com/blog/author/patlive/page/6/link.href, location.origin]
[www.patlive.com/blog/author/patlive/page/6/index.html]
[www.patlive.com/blog/customer-journey-mapping-parenting/index.html]
[www.patlive.com/blog/spooky-bad-customer-service-stats/index.html]
[www.patlive.com/wp-json/oembed/1.0/embed819f.json]
[www.patlive.com/wp-json/oembed/1.0/embedf0db]
[www.patlive.com/blog/3-ways-indispensable-to-customers/Firefox/index.html]
[www.patlive.com/wp-json/wp/v2/posts/31216.json]
[www.patlive.com/blog/3-ways-indispensable-to-customers/link.href, location.origin]
[www.patlive.com/blog/3-ways-indispensable-to-customers/index.html]
[www.patlive.com/wp-json/oembed/1.0/embede120.json]
[www.patlive.com/wp-json/oembed/1.0/embeda55b]
[www.patlive.com/blog/multi-channel-social-customer-service/Firefox/index.html]
[www.patlive.com/wp-json/wp/v2/posts/31225.json]
[www.patlive.com/blog/multi-channel-social-customer-service/link.href, location.origin]
[www.patlive.com/blog/multi-channel-social-customer-service/index.html]
[www.patlive.com/wp-content/uploads/2020/04/Why-Communication-is-Key-During-a-Pandemic.jpg]
[www.patlive.com/wp-json/oembed/1.0/embed02b7.json]
[www.patlive.com/wp-json/oembed/1.0/embedec83]
[www.patlive.com/blog/business-communication-facts/Firefox/index.html]
[www.patlive.com/wp-json/wp/v2/posts/31209.json]
[www.patlive.com/blog/business-communication-facts/link.href, location.origin]
[www.patlive.com/blog/business-communication-facts/index.html]
[www.patlive.com/wp-json/oembed/1.0/embedcf6c.json]
[www.patlive.com/wp-json/oembed/1.0/embeddfec]
[www.patlive.com/blog/customer-service-myth-debunked/Firefox/index.html]
[www.patlive.com/wp-json/wp/v2/posts/621.json]
[www.patlive.com/blog/customer-service-myth-debunked/link.href, location.origin]
[www.patlive.com/blog/customer-service-myth-debunked/index.html]
[www.patlive.com/wp-json/oembed/1.0/embed8550.json]
[www.patlive.com/wp-json/oembed/1.0/embed2b88]
[www.patlive.com/blog/holiday-survival-guide-customers-jolly/Firefox/index.html]
[www.patlive.com/wp-json/wp/v2/posts/31223.json]
[www.patlive.com/blog/holiday-survival-guide-customers-jolly/link.href, location.origin]
[www.patlive.com/blog/holiday-survival-guide-customers-jolly/index.html]
[www.patlive.com/wp-json/oembed/1.0/embedb0e8.json]
[www.patlive.com/wp-json/oembed/1.0/embed65a1]
[www.patlive.com/blog/customer-support-vs-customer-service/Firefox/index.html]
[www.patlive.com/wp-json/wp/v2/posts/31218.json]
[www.patlive.com/blog/customer-support-vs-customer-service/link.href, location.origin]
[www.patlive.com/blog/customer-support-vs-customer-service/index.html]
[www.patlive.com/blog/customer-service-mistakes/Firefox/index.html]
[www.patlive.com/wp-content/uploads/2023/09/money-1024x681.jpeg]
[www.patlive.com/wp-json/oembed/1.0/embed296d.json]
[www.patlive.com/wp-json/oembed/1.0/embed5a4b]
[www.patlive.com/wp-json/wp/v2/posts/31215.json]
[www.patlive.com/wp-content/uploads/2017/04/Answering-Service-Tips-How-To-Keep-Your-Cool-During-Stressful-Calls.jpg]
[www.patlive.com/wp-content/uploads/2023/09/impatient-calller.jpg]
[www.patlive.com/blog/customer-service-mistakes/link.href, location.origin]
[www.patlive.com/blog/customer-service-mistakes/index.html]
[www.patlive.com/wp-json/oembed/1.0/embed6f07.json]
[www.patlive.com/wp-json/oembed/1.0/embed6901]
[www.patlive.com/blog/let-it-go-the-amazing-power-of-taking-blame/Firefox/index.html]
[www.patlive.com/wp-json/wp/v2/posts/31224.json]
[www.patlive.com/wp-content/uploads/2020/01/9-Small-Business-Owners-Who-Inspired-Us-In-2019-1.jpg]
[www.patlive.com/blog/let-it-go-the-amazing-power-of-taking-blame/link.href, location.origin]
[www.patlive.com/blog/let-it-go-the-amazing-power-of-taking-blame/index.html]
[www.patlive.com/wp-json/oembed/1.0/embedb900.json]
[www.patlive.com/wp-json/oembed/1.0/embedf170]
[www.patlive.com/blog/customer-friendly-business-service-insights/Firefox/index.html]
[www.patlive.com/wp-json/wp/v2/posts/31208.json]
[www.patlive.com/blog/customer-friendly-business-service-insights/link.href, location.origin]
[www.patlive.com/blog/customer-friendly-business-service-insights/index.html]
[www.patlive.com/wp-json/oembed/1.0/embed0f52.json]
[www.patlive.com/wp-json/oembed/1.0/embed487d]
[www.patlive.com/blog/net-promoter-score-and-your-business/Firefox/index.html]
[www.patlive.com/wp-json/wp/v2/posts/31194.json]
[www.patlive.com/blog/net-promoter-score-and-your-business/link.href, location.origin]
[www.patlive.com/blog/net-promoter-score-and-your-business/index.html]
[www.patlive.com/wp-content/uploads/essential-addons-elementor/eael-1236b6.js]
[www.patlive.com/blog/author/patlive/page/5/link.href, location.html]
[www.patlive.com/blog/5-ted-talks-that-will-make-you-a-better-communicator/Firefox/index.html]
[www.patlive.com/indexa0eb.html]
[www.patlive.com/blog/5-ted-talks-that-will-make-you-a-better-communicator/link.href, location.html]
[www.patlive.com/blog/customer-service-fundamentals-better-lawyer/Firefox/index.html]
[www.patlive.com/blog/customer-service-fundamentals-to-make-you-a-better-lawyer/index.html]
[www.patlive.com/index46b7.html]
[www.patlive.com/wp-content/uploads/essential-addons-elementor/eael-12b46f.js]
[www.patlive.com/blog/customer-service-fundamentals-better-lawyer/link.href, location.html]
[www.patlive.com/blog/business-needs-live-receptionists/Firefox/index.html]
[www.patlive.com/blog/heres-why-your-business-needs-a-live-receptionist/index.html]
[www.patlive.com/index947a.html]
[www.patlive.com/wp-content/uploads/2022/10/trusted-partner.jpg]
[www.patlive.com/wp-json/oembed/1.0/embed85d0.json]
[www.patlive.com/wp-json/oembed/1.0/embed6c5f]
[www.patlive.com/blog/why-our-agents-love-their-jobs/Firefox/index.html]
[www.patlive.com/wp-json/wp/v2/posts/31205.json]
[www.patlive.com/blog/why-our-agents-love-their-jobs/link.href, location.origin]
[www.patlive.com/blog/why-our-agents-love-their-jobs/index.html]
[www.patlive.com/wp-content/uploads/essential-addons-elementor/eael-12b112.js]
[www.patlive.com/blog/business-needs-live-receptionists/link.href, location.html]
[www.patlive.com/blog/customer-service-is-the-new-wave-of-marketing/Firefox/index.html]
[www.patlive.com/index41aa.html]
[www.patlive.com/wp-content/uploads/essential-addons-elementor/eael-125dda.js]
[www.patlive.com/blog/customer-service-is-the-new-wave-of-marketing/link.href, location.html]
[www.patlive.com/blog/5-things-consider-outsourcing-labor/Firefox/index.html]
[www.patlive.com/blog/5-things-you-must-consider-when-outsourcing-labor/index.html]
[www.patlive.com/index5e4d.html]
[www.patlive.com/wp-content/uploads/essential-addons-elementor/eael-120ff3.js]
[www.patlive.com/blog/5-things-consider-outsourcing-labor/link.href, location.html]
[www.patlive.com/blog/reasons-need-live-receptionist/Firefox/index.html]
[www.patlive.com/blog/3-undeniable-reasons-need-live-receptionist/index.html]
[www.patlive.com/index9ced.html]
[www.patlive.com/wp-content/uploads/essential-addons-elementor/eael-124aec.js]
[www.patlive.com/blog/reasons-need-live-receptionist/link.href, location.html]
[www.patlive.com/blog/complaints-social-media/Firefox/index.html]
[www.patlive.com/blog/mean-tweets-tips-for-managing-customer-complaints-on-social-media/index.html]
[www.patlive.com/index1b5c.html]
[www.patlive.com/wp-content/uploads/essential-addons-elementor/eael-1269b8.js]
[www.patlive.com/blog/complaints-social-media/link.href, location.html]
[www.patlive.com/blog/build-reviews-small-business/Firefox/index.html]
[www.patlive.com/index21c6.html]
[www.patlive.com/wp-content/uploads/essential-addons-elementor/eael-1237bb.js]
[www.patlive.com/blog/build-reviews-small-business/link.href, location.html]
[www.patlive.com/blog/answering-services-infographic/Firefox/index.html]
[www.patlive.com/wp-content/uploads/2022/09/PatLive_Infographic_V7-791x1024.html]
[www.patlive.com/index020d.html]
[www.patlive.com/wp-content/uploads/essential-addons-elementor/eael-126da0.js]
[www.patlive.com/blog/answering-services-infographic/link.href, location.html]
[www.patlive.com/blog/ecommerce-customer-service/Firefox/index.html]
[www.patlive.com/indexbea0.html]
[www.patlive.com/wp-content/uploads/essential-addons-elementor/eael-129f4b.js]
[www.patlive.com/blog/ecommerce-customer-service/link.href, location.html]
[www.patlive.com/blog/role-of-the-phone/Firefox/index.html]
[www.patlive.com/indexbd52.html]
[www.patlive.com/wp-content/uploads/essential-addons-elementor/eael-120dee.js]
[www.patlive.com/blog/role-of-the-phone/link.href, location.html]
[www.patlive.com/blog/virtual-receptionists/Firefox/index.html]
[www.patlive.com/indexbee8.html]
[www.patlive.com/wp-content/uploads/essential-addons-elementor/eael-1250e2.js]
[www.patlive.com/blog/virtual-receptionists/link.href, location.html]
[www.patlive.com/blog/drive-more-phone-calls-law-firm/Firefox/index.html]
[www.patlive.com/indexb212.html]
[www.patlive.com/wp-content/uploads/essential-addons-elementor/eael-12d1db.js]
[www.patlive.com/blog/drive-more-phone-calls-law-firm/link.href, location.html]
[www.patlive.com/blog/ways-customer-service-shine/Firefox/index.html]
[www.patlive.com/index834c.html]
[www.patlive.com/wp-content/uploads/essential-addons-elementor/eael-12dbf7.js]
[www.patlive.com/blog/ways-customer-service-shine/link.href, location.html]
[www.patlive.com/blog/customer-service-week/Firefox/index.html]
[www.patlive.com/indexd0fe.html]
[www.patlive.com/wp-content/uploads/essential-addons-elementor/eael-12f68d.js]
[www.patlive.com/blog/customer-service-week/link.href, location.html]
[www.patlive.com/blog/tag/nd/page/5/i.html]
[www.patlive.com/blog/tag/nd/page/5/Firefox/index.html]
[www.patlive.com/wp-json/oembed/1.0/embed1c62.json]
[www.patlive.com/wp-json/oembed/1.0/embedf4d3]
[www.patlive.com/blog/business-podcasts-entrepreneur/Firefox/index.html]
[www.patlive.com/wp-json/wp/v2/posts/1176.json]
[www.patlive.com/wp-content/uploads/2019/09/Business-Podcasts-Every-Entrepreneur-Should-Listen-To.jpg]
[www.patlive.com/blog/business-podcasts-entrepreneur/link.href, location.origin]
[www.patlive.com/blog/business-podcasts-entrepreneur/index.html]
[www.patlive.com/wp-json/oembed/1.0/embed9faf.json]
[www.patlive.com/wp-json/oembed/1.0/embed3782]
[www.patlive.com/blog/value-human-customer-support/Firefox/index.html]
[www.patlive.com/wp-json/wp/v2/posts/8043.json]
[www.patlive.com/wp-content/uploads/2019/08/The-True-Value-of-Providing-Human-Customer-Support.jpg]
[www.patlive.com/blog/value-human-customer-support/link.href, location.origin]
[www.patlive.com/blog/value-human-customer-support/index.html]
[www.patlive.com/wp-json/oembed/1.0/embed14c7.json]
[www.patlive.com/wp-json/oembed/1.0/embed1a49]
[www.patlive.com/blog/small-business-pci-compliant/Firefox/index.html]
[www.patlive.com/wp-json/wp/v2/posts/31187.json]
[www.patlive.com/wp-content/uploads/2019/08/How-to-Keep-Your-Small-Business-PCI-Compliant-in-2019.jpg]
[www.patlive.com/blog/small-business-pci-compliant/link.href, location.origin]
[www.patlive.com/blog/small-business-pci-compliant/index.html]
[www.patlive.com/wp-json/oembed/1.0/embedcdc3.json]
[www.patlive.com/wp-json/oembed/1.0/embedbd37]
[www.patlive.com/blog/4-small-business-technology/Firefox/index.html]
[www.patlive.com/wp-json/wp/v2/posts/8042.json]
[www.patlive.com/blog/4-small-business-technology/link.href, location.origin]
[www.patlive.com/blog/4-small-business-technology/index.html]
[www.patlive.com/wp-json/oembed/1.0/embed25b5.json]
[www.patlive.com/wp-json/oembed/1.0/embedc8b9]
[www.patlive.com/blog/legal-answering-service/Firefox/index.html]
[www.patlive.com/wp-json/wp/v2/posts/8041.json]
[www.patlive.com/wp-content/uploads/2019/07/Is-a-Legal-Answering-Service-Right-for-My-Practice.jpg]
[www.patlive.com/blog/legal-answering-service/link.href, location.origin]
[www.patlive.com/blog/legal-answering-service/index.html]
[www.patlive.com/wp-json/oembed/1.0/embedcd6c.json]
[www.patlive.com/wp-json/oembed/1.0/embedcebf]
[www.patlive.com/blog/customer-service-trends-2019/Firefox/index.html]
[www.patlive.com/wp-json/wp/v2/posts/31176.json]
[www.patlive.com/wp-content/uploads/2019/07/7-Customer-Service-Trends-Driving-Success-in-2019.jpg]
[www.patlive.com/blog/customer-service-trends-2019/link.href, location.origin]
[www.patlive.com/blog/customer-service-trends-2019/index.html]
[www.patlive.com/wp-json/oembed/1.0/embed423c.json]
[www.patlive.com/wp-json/oembed/1.0/embeda9d0]
[www.patlive.com/blog/7-tips-customer-service/Firefox/index.html]
[www.patlive.com/wp-json/wp/v2/posts/8039.json]
[www.patlive.com/blog/7-tips-customer-service/link.href, location.origin]
[www.patlive.com/blog/7-tips-customer-service/index.html]
[www.patlive.com/blog/tag/nd/page/6/i]
[www.patlive.com/wp-content/uploads/2019/06/clutch-1024x576.jpg]
[www.patlive.com/wp-content/uploads/2019/06/Why-Phone-Calls-are-Essential-to-Customer-Service-1024x576.jpg]
[www.patlive.com/wp-content/uploads/2019/05/7-Ways-An-Answering-Service-Puts-Money-Back-Into-Your-Pocket-1024x576.jpg]
[www.patlive.com/wp-content/uploads/2018/07/Even-More-Customer-Service-Advice-from-Small-Business-Consultants-1024x576.jpg]
[www.patlive.com/blog/phone-calls-essential-customer-service/index.html]
[www.patlive.com/blog/top-answering-service-clutch/index.html]
[www.patlive.com/blog/tag/nd/page/6/Firefox/index.html]
[www.patlive.com/blog/7-ways-answering-service-money-pocket/index.html]
[www.patlive.com/blog/answering-service-business/index.html]
[www.patlive.com/blog/more-customer-service-advice/index.html]
[www.patlive.com/blog/tag/nd/page/6/link.href, location.origin]
[www.patlive.com/blog/tag/nd/page/7/index.html]
[www.patlive.com/blog/tag/nd/page/6/index.html]
[www.patlive.com/wp-content/uploads/essential-addons-elementor/eael-129fee.js]
[www.patlive.com/blog/tag/nd/page/5/link.href, location.html]
[www.patlive.com/blog/client-retention-best-practices/Firefox/index.html]
[www.patlive.com/index9dca.html]
[www.patlive.com/wp-content/uploads/essential-addons-elementor/eael-124b0c.js]
[www.patlive.com/blog/client-retention-best-practices/link.href, location.html]
[www.patlive.com/blog/author/patlive/page/6/i.html]
[www.patlive.com/blog/author/patlive/page/6/Firefox/index.html]
[www.patlive.com/blog/3-reasons-business-receptionist/index.html]
[www.patlive.com/blog/how-to-make-a-great-company-phone-greeting/index.html]
[www.patlive.com/blog/customer-service-advice/index.html]
[www.patlive.com/blog/author/patlive/page/7/i]
[www.patlive.com/wp-content/uploads/2015/10/work-party-1024x576.webp]
[www.patlive.com/wp-content/uploads/2019/11/Millennials.jpg]
[www.patlive.com/wp-content/uploads/2019/10/virtual-phone-systems.png]
[www.patlive.com/wp-content/uploads/2021/09/blog-article-4-huge-benefits-after-hours-answering-service-1024x576.jpg]
[www.patlive.com/blog/are-you-customer-centric-5-key-questions/index.html]
[www.patlive.com/blog/the-science-of-happy-customers/index.html]
[www.patlive.com/blog/author/patlive/page/7/Firefox/index.html]
[www.patlive.com/blog/celebrate-customer-service-week/index.html]
[www.patlive.com/blog/virtual-receptionist-service-grows-business/index.html]
[www.patlive.com/blog/author/patlive/page/8/index.html]
[www.patlive.com/blog/millennials-are-changing-the-workplace/index.html]
[www.patlive.com/blog/technology-trends-2023/index.html]
[www.patlive.com/blog/author/patlive/page/7/link.href, location.origin]
[www.patlive.com/blog/author/patlive/page/7/index.html]
[www.patlive.com/blog/4-benefits-after-hours-answering-service/index.html]
[www.patlive.com/wp-content/uploads/2015/10/night-of-the-living-dead.jpg]
[www.patlive.com/wp-json/oembed/1.0/embed58b4.json]
[www.patlive.com/wp-json/oembed/1.0/embed8d4d]
[www.patlive.com/blog/customer-service-night-living-dead/Firefox/index.html]
[www.patlive.com/wp-json/wp/v2/posts/31196.json]
[www.patlive.com/blog/customer-service-night-living-dead/link.href, location.origin]
[www.patlive.com/blog/customer-service-night-living-dead/index.html]
[www.patlive.com/wp-content/uploads/2015/10/spooky-pumpkins.jpg]
[www.patlive.com/wp-json/oembed/1.0/embed778f.json]
[www.patlive.com/wp-json/oembed/1.0/embedce3c]
[www.patlive.com/blog/spooky-bad-customer-service-stats/Firefox/index.html]
[www.patlive.com/wp-json/wp/v2/posts/31197.json]
[www.patlive.com/blog/spooky-bad-customer-service-stats/link.href, location.origin]
[www.patlive.com/blog/spooky-bad-customer-service-stats/index.html]
[www.patlive.com/wp-json/oembed/1.0/embed7a99.json]
[www.patlive.com/wp-json/oembed/1.0/embedba4c]
[www.patlive.com/blog/customer-journey-mapping-parenting/Firefox/index.html]
[www.patlive.com/wp-json/wp/v2/posts/31199.json]
[www.patlive.com/blog/customer-journey-mapping-parenting/link.href, location.origin]
[www.patlive.com/blog/customer-journey-mapping-parenting/index.html]
[www.patlive.com/wp-json/oembed/1.0/embeddce6.json]
[www.patlive.com/wp-json/oembed/1.0/embed542a]
[www.patlive.com/blog/soul-songs-improve-customer-service/Firefox/index.html]
[www.patlive.com/wp-json/wp/v2/posts/31192.json]
[www.patlive.com/wp-content/uploads/2019/05/How-to-Make-a-Great-Company-Phone-Greeting.jpg]
[www.patlive.com/blog/soul-songs-improve-customer-service/link.href, location.origin]
[www.patlive.com/blog/soul-songs-improve-customer-service/index.html]
[www.patlive.com/wp-content/uploads/2023/09/Bill-and-Melinda-Gates-Foundation.png]
[www.patlive.com/wp-json/oembed/1.0/embedff5f.json]
[www.patlive.com/wp-json/oembed/1.0/embedcd5a-2]
[www.patlive.com/blog/inspiring-leaders-making-a-difference/Firefox/index.html]
[www.patlive.com/wp-json/wp/v2/posts/31201.json]
[www.patlive.com/wp-content/uploads/2023/09/Tiny-Docs.svg]
[www.patlive.com/wp-content/uploads/2023/09/Patagonia-logo-1024x200.png]
[www.patlive.com/wp-content/uploads/2019/10/Salesforce-logo-1024x576.webp]
[www.patlive.com/wp-content/uploads/2023/09/Kind-Snacks-Logo.png]
[www.patlive.com/wp-content/uploads/2023/09/Darn_Good_Yarn_Logo-2022.png]
[www.patlive.com/wp-content/uploads/2023/09/This-Saves-Lives-logo.png]
[www.patlive.com/wp-content/uploads/2023/09/Mailchimp-logo-1024x576.png]
[www.patlive.com/wp-content/uploads/2023/09/trader-joes-logo.webp]
[www.patlive.com/wp-content/uploads/2023/09/toms-shoes-logo-vector-2022.png]
[www.patlive.com/blog/inspiring-leaders-making-a-difference/link.href, location.origin]
[www.patlive.com/blog/inspiring-leaders-making-a-difference/index.html]
[www.patlive.com/wp-json/oembed/1.0/embedb02c.json]
[www.patlive.com/wp-json/oembed/1.0/embed0435]
[www.patlive.com/blog/no-nonsense-ways-to-get-qualified-leads/Firefox/index.html]
[www.patlive.com/wp-json/wp/v2/posts/31206.json]
[www.patlive.com/wp-content/uploads/2020/11/blog-article-7-Easy-Ways-to-Stand-Out-From-the-Competition-2.png]
[www.patlive.com/wp-content/uploads/2023/09/publix-cake-decorator.jpg]
[www.patlive.com/blog/no-nonsense-ways-to-get-qualified-leads/link.href, location.origin]
[www.patlive.com/blog/no-nonsense-ways-to-get-qualified-leads/index.html]
[www.patlive.com/wp-json/oembed/1.0/embed4b76.json]
[www.patlive.com/wp-json/oembed/1.0/embed1375]
[www.patlive.com/blog/customer-retention-freebies/Firefox/index.html]
[www.patlive.com/wp-json/wp/v2/posts/31195.json]
[www.patlive.com/blog/customer-retention-freebies/link.href, location.origin]
[www.patlive.com/blog/customer-retention-freebies/index.html]
[www.patlive.com/wp-content/uploads/2022/08/bilingual2.jpg]
[www.patlive.com/wp-json/oembed/1.0/embed40f8.json]
[www.patlive.com/wp-json/oembed/1.0/embedf2a4]
[www.patlive.com/blog/bilingual-virtual-receptionist-business/Firefox/index.html]
[www.patlive.com/wp-json/wp/v2/posts/7050.json]
[www.patlive.com/blog/bilingual-virtual-receptionist-business/link.href, location.origin]
[www.patlive.com/blog/bilingual-virtual-receptionist-business/index.html]
[www.patlive.com/wp-content/uploads/essential-addons-elementor/eael-125701.js]
[www.patlive.com/blog/author/patlive/page/6/link.href, location.html]
[www.patlive.com/blog/3-ways-indispensable-to-customers/Firefox/index.html]
[www.patlive.com/blog/3-easy-ways-to-be-indispensable-to-your-customers/index.html]
[www.patlive.com/index0117.html]
[www.patlive.com/blog/customer-centric-culture]
[www.patlive.com/blog/5-steps-to-building-a-customer-centric-culture/index.html]
[www.patlive.com/blog/3-ways-indispensable-to-customers/link.href, location.html]
[www.patlive.com/blog/multi-channel-social-customer-service/Firefox/index.html]
[www.patlive.com/blog/going-multi-channel-with-social-customer-service/index.html]
[www.patlive.com/indexb2be.html]
[www.patlive.com/wp-content/uploads/essential-addons-elementor/eael-122b78.js]
[www.patlive.com/blog/multi-channel-social-customer-service/link.href, location.html]
[www.patlive.com/blog/business-communication-facts/Firefox/index.html]
[www.patlive.com/index28d9.html]
[www.patlive.com/wp-content/uploads/essential-addons-elementor/eael-122e13.js]
[www.patlive.com/blog/business-communication-facts/link.href, location.html]
[www.patlive.com/blog/customer-service-myth-debunked/Firefox/index.html]
[www.patlive.com/blog/5-eye-roll-worthy-customer-service-myths-debunked/index.html]
[www.patlive.com/indexb022.html]
[www.patlive.com/wp-content/uploads/essential-addons-elementor/eael-12c46e.js]
[www.patlive.com/blog/customer-service-myth-debunked/link.href, location.html]
[www.patlive.com/blog/holiday-survival-guide-customers-jolly/Firefox/index.html]
[www.patlive.com/blog/holiday-survival-guide-10-ways-to-make-your-customers-holly-jolly/index.html]
[www.patlive.com/indexa4e9.html]
[www.patlive.com/wp-content/uploads/essential-addons-elementor/eael-129a0b.js]
[www.patlive.com/blog/holiday-survival-guide-customers-jolly/link.href, location.html]
[www.patlive.com/blog/customer-support-vs-customer-service/Firefox/index.html]
[www.patlive.com/blog/the-nitty-gritty-customer-support-vs-customer-service/index.html]
[www.patlive.com/index4925.html]
[www.patlive.com/blog/above-and-beyond-great-customer-service-a-profile-of-zappos/index.html]
[www.patlive.com/wp-content/uploads/essential-addons-elementor/eael-12bcee.js]
[www.patlive.com/blog/customer-support-vs-customer-service/link.href, location.html]
[www.patlive.com/blog/customer-service-mistakes/Firefox/index.html]
[www.patlive.com/wp-content/uploads/2023/09/money-1024x681.html]
[www.patlive.com/blog/customer-service-mistakes-we-learned-the-hard-way/index.html]
[www.patlive.com/index37cf.html]
[www.patlive.com/wp-content/uploads/essential-addons-elementor/eael-12da1e.js]
[www.patlive.com/blog/customer-service-mistakes/link.href, location.html]
[www.patlive.com/blog/let-it-go-the-amazing-power-of-taking-blame/Firefox/index.html]
[www.patlive.com/index8112.html]
[www.patlive.com/wp-content/uploads/essential-addons-elementor/eael-1210c4.js]
[www.patlive.com/blog/let-it-go-the-amazing-power-of-taking-blame/link.href, location.html]
[www.patlive.com/blog/customer-friendly-business-service-insights/Firefox/index.html]
[www.patlive.com/blog/customer-service-insights-10-things-that-will-get-you-called-easy/index.html]
[www.patlive.com/indexc64d.html]
[www.patlive.com/wp-content/uploads/essential-addons-elementor/eael-12dbb3.js]
[www.patlive.com/blog/customer-friendly-business-service-insights/link.href, location.html]
[www.patlive.com/blog/net-promoter-score-and-your-business/Firefox/index.html]
[www.patlive.com/indexa049.html]
[www.patlive.com/wp-content/uploads/essential-addons-elementor/eael-12ab7b.js]
[www.patlive.com/blog/net-promoter-score-and-your-business/link.href, location.html]
[www.patlive.com/blog/why-our-agents-love-their-jobs/Firefox/index.html]
[www.patlive.com/blog/why-our-customer-service-agents-love-their-jobs-and-how-yours-can-too/index.html]
[www.patlive.com/index256f.html]
[www.patlive.com/wp-content/uploads/essential-addons-elementor/eael-125957.js]
[www.patlive.com/blog/why-our-agents-love-their-jobs/link.href, location.html]
[www.patlive.com/blog/business-podcasts-entrepreneur/Firefox/index.html]
[www.patlive.com/index3195.html]
[www.patlive.com/blog/business-podcasts-entrepreneur/link.href, location.html]
[www.patlive.com/blog/value-human-customer-support/Firefox/index.html]
[www.patlive.com/index9a8c.html]
[www.patlive.com/wp-content/uploads/essential-addons-elementor/eael-126c52.js]
[www.patlive.com/blog/value-human-customer-support/link.href, location.html]
[www.patlive.com/blog/small-business-pci-compliant/Firefox/index.html]
[www.patlive.com/index00fc.html]
[www.patlive.com/wp-content/uploads/essential-addons-elementor/eael-125538.js]
[www.patlive.com/blog/small-business-pci-compliant/link.href, location.html]
[www.patlive.com/blog/4-small-business-technology/Firefox/index.html]
[www.patlive.com/indexf742.html]
[www.patlive.com/wp-content/uploads/essential-addons-elementor/eael-124961.js]
[www.patlive.com/blog/4-small-business-technology/link.href, location.html]
[www.patlive.com/blog/legal-answering-service/Firefox/index.html]
[www.patlive.com/index212a.html]
[www.patlive.com/wp-content/uploads/essential-addons-elementor/eael-1212cb.js]
[www.patlive.com/blog/legal-answering-service/link.href, location.html]
[www.patlive.com/blog/customer-service-trends-2019/Firefox/index.html]
[www.patlive.com/indexccb7.html]
[www.patlive.com/wp-content/uploads/essential-addons-elementor/eael-1232ed.js]
[www.patlive.com/blog/customer-service-trends-2019/link.href, location.html]
[www.patlive.com/blog/7-tips-customer-service/Firefox/index.html]
[www.patlive.com/index8c03.html]
[www.patlive.com/wp-content/uploads/essential-addons-elementor/eael-123639.js]
[www.patlive.com/blog/7-tips-customer-service/link.href, location.html]
[www.patlive.com/blog/tag/nd/page/6/i.html]
[www.patlive.com/blog/tag/nd/page/6/Firefox/index.html]
[www.patlive.com/blog/great-customer-service-zappos/index.html]
[www.patlive.com/wp-json/oembed/1.0/embed31a3.json]
[www.patlive.com/wp-json/oembed/1.0/embedfbf0]
[www.patlive.com/blog/top-answering-service-clutch/Firefox/index.html]
[www.patlive.com/wp-json/wp/v2/posts/31166.json]
[www.patlive.com/wp-content/uploads/2019/06/clutch.jpg]
[www.patlive.com/blog/top-answering-service-clutch/link.href, location.origin]
[www.patlive.com/blog/top-answering-service-clutch/index.html]
[www.patlive.com/wp-json/oembed/1.0/embed8445.json]
[www.patlive.com/wp-json/oembed/1.0/embed2745]
[www.patlive.com/blog/phone-calls-essential-customer-service/Firefox/index.html]
[www.patlive.com/wp-json/wp/v2/posts/8038.json]
[www.patlive.com/wp-content/uploads/2019/06/Why-Phone-Calls-are-Essential-to-Customer-Service.jpg]
[www.patlive.com/blog/phone-calls-essential-customer-service/link.href, location.origin]
[www.patlive.com/blog/phone-calls-essential-customer-service/index.html]
[www.patlive.com/wp-json/oembed/1.0/embed4889.json]
[www.patlive.com/wp-json/oembed/1.0/embed9773]
[www.patlive.com/blog/3-reasons-business-receptionist/Firefox/index.html]
[www.patlive.com/wp-json/wp/v2/posts/31175.json]
[www.patlive.com/blog/3-reasons-business-receptionist/link.href, location.origin]
[www.patlive.com/blog/3-reasons-business-receptionist/index.html]
[www.patlive.com/blog/how-to-make-a-great-company-phone-greeting/Firefox/index.html]
[www.patlive.com/wp-json/oembed/1.0/embed472f.json]
[www.patlive.com/wp-json/oembed/1.0/embed1a44]
[www.patlive.com/wp-content/uploads/elementor/css/post-311748d60.css]
[www.patlive.com/wp-json/wp/v2/posts/31174.json]
[www.patlive.com/blog/how-to-make-a-great-company-phone-greeting/link.href, location.origin]
[www.patlive.com/blog/how-to-make-a-great-company-phone-greeting/index.html]
[www.patlive.com/blog/tag/answering-service/index.html]
[www.patlive.com/wp-json/oembed/1.0/embed5333.json]
[www.patlive.com/wp-json/oembed/1.0/embed9dd5]
[www.patlive.com/blog/7-ways-answering-service-money-pocket/Firefox/index.html]
[www.patlive.com/wp-json/wp/v2/posts/8037.json]
[www.patlive.com/wp-content/uploads/2019/05/7-Ways-An-Answering-Service-Puts-Money-Back-Into-Your-Pocket.jpg]
[www.patlive.com/blog/7-ways-answering-service-money-pocket/link.href, location.origin]
[www.patlive.com/blog/7-ways-answering-service-money-pocket/index.html]
[www.patlive.com/wp-json/oembed/1.0/embedbe9b.json]
[www.patlive.com/wp-json/oembed/1.0/embed9490]
[www.patlive.com/blog/answering-service-business/Firefox/index.html]
[www.patlive.com/wp-json/wp/v2/posts/8036.json]
[www.patlive.com/blog/answering-service-business/link.href, location.origin]
[www.patlive.com/blog/answering-service-business/index.html]
[www.patlive.com/wp-json/oembed/1.0/embed6e15.json]
[www.patlive.com/wp-json/oembed/1.0/embed18fb]
[www.patlive.com/blog/more-customer-service-advice/Firefox/index.html]
[www.patlive.com/wp-json/wp/v2/posts/31172.json]
[www.patlive.com/blog/more-customer-service-advice/link.href, location.origin]
[www.patlive.com/blog/more-customer-service-advice/index.html]
[www.patlive.com/wp-content/uploads/2018/07/Even-More-Customer-Service-Advice-from-Small-Business-Consultants.jpg]
[www.patlive.com/wp-json/oembed/1.0/embed2f25.json]
[www.patlive.com/wp-json/oembed/1.0/embed807d]
[www.patlive.com/blog/customer-service-advice/Firefox/index.html]
[www.patlive.com/wp-json/wp/v2/posts/31171.json]
[www.patlive.com/blog/customer-service-advice/link.href, location.origin]
[www.patlive.com/blog/customer-service-advice/index.html]
[www.patlive.com/blog/tag/nd/page/7/i]
[www.patlive.com/wp-content/uploads/2017/10/5-Lessons-I-Learned-While-Following-Shep-Hyken-on-Twitter-1024x576.jpg]
[www.patlive.com/wp-content/uploads/2017/09/Customer-Communication-3-More-Ways-to-Keep-Cool-During-Stressful-Calls-1024x576.jpg]
[www.patlive.com/wp-content/uploads/2017/07/6-Brilliant-Quotes-to-Inspire-Awesome-Communication-with-Your-Customers-1024x576.jpg]
[www.patlive.com/wp-content/uploads/2017/06/4-Crazy-Simple-Ways-to-Communicate-Better-With-Your-Customers-1024x576.jpg]
[www.patlive.com/blog/5-lessons-shep-hyken-twitter/index.html]
[www.patlive.com/blog/what-are-virtual-receptionists/index.html]
[www.patlive.com/blog/dreadful-customer-service-stats/index.html]
[www.patlive.com/blog/tag/nd/page/7/Firefox/index.html]
[www.patlive.com/blog/customer-communication-stressful-calls-2/index.html]
[www.patlive.com/blog/quotes-customer-communication/index.html]
[www.patlive.com/blog/tag/nd/page/7/link.href, location.origin]
[www.patlive.com/blog/customer-service-plumber/index.html]
[www.patlive.com/blog/tag/nd/page/7/index.html]
[www.patlive.com/blog/4-ways-customer-communication/index.html]
[www.patlive.com/blog/answering-service-tips-stressful-calls/index.html]
[www.patlive.com/blog/answering-phone-harm-business/index.html]
[www.patlive.com/wp-content/uploads/essential-addons-elementor/eael-1263f9.js]
[www.patlive.com/blog/tag/nd/page/6/link.href, location.html]
[www.patlive.com/blog/author/patlive/page/7/i.html]
[www.patlive.com/blog/author/patlive/page/7/Firefox/index.html]
[www.patlive.com/blog/after-hours-answering-service/index.html]
[www.patlive.com/blog/tag/nd/page/8/index.html]
[www.patlive.com/blog/author/patlive/page/8/i]
[www.patlive.com/wp-content/uploads/2021/05/blog-article-how-to-choose-the-right-vr-service_how-to-choose-the-right-vr-service-1024x576.png]
[www.patlive.com/blog/author/patlive/page/9/index.html]
[www.patlive.com/wp-content/uploads/2021/04/blog-article-lawyer-case-study-1024x576.jpg]
[www.patlive.com/blog/how-to-choose-virtual-receptionist/index.html]
[www.patlive.com/wp-content/uploads/2021/03/blog-article-7-Ways-to-Leverage-PATLives-New-Apps-for-Your-Business-1024x576.jpg]
[www.patlive.com/wp-content/uploads/2021/03/blog-article-web-and-mobile-app_xl-1-1024x576.png]
[www.patlive.com/wp-content/uploads/2021/02/blog-article-5-Creative-Ways-to-Show-Your-Customers-You-Care-1-1024x576.jpg]
[www.patlive.com/blog/author/patlive/page/8/Firefox/index.html]
[www.patlive.com/blog/case-study-legal-answering-service/index.html]
[www.patlive.com/blog/leverage-web-mobile-app-business/index.html]
[www.patlive.com/blog/new-web-and-mobile-apps/index.html]
[www.patlive.com/blog/show-your-customers-you-care/index.html]
[www.patlive.com/blog/author/patlive/page/8/link.href, location.origin]
[www.patlive.com/blog/author/patlive/page/8/index.html]
[www.patlive.com/wp-json/oembed/1.0/embed261e.json]
[www.patlive.com/wp-json/oembed/1.0/embede710]
[www.patlive.com/blog/are-you-customer-centric-5-key-questions/Firefox/index.html]
[www.patlive.com/wp-json/wp/v2/posts/31193.json]
[www.patlive.com/blog/are-you-customer-centric-5-key-questions/link.href, location.origin]
[www.patlive.com/blog/are-you-customer-centric-5-key-questions/index.html]
[www.patlive.com/wp-json/oembed/1.0/embede586.json]
[www.patlive.com/wp-json/oembed/1.0/embed6096]
[www.patlive.com/blog/the-science-of-happy-customers/Firefox/index.html]
[www.patlive.com/wp-json/wp/v2/posts/31203.json]
[www.patlive.com/wp-content/uploads/2023/09/maslow-hierachy-of-needs.webp]
[www.patlive.com/blog/the-science-of-happy-customers/link.href, location.origin]
[www.patlive.com/blog/the-science-of-happy-customers/index.html]
[www.patlive.com/wp-content/uploads/2015/10/work-party.webp]
[www.patlive.com/wp-json/oembed/1.0/embed7668.json]
[www.patlive.com/blog/celebrate-customer-service-week/Firefox/index.html]
[www.patlive.com/wp-json/oembed/1.0/embed31f4]
[www.patlive.com/wp-json/wp/v2/posts/31207.json]
[www.patlive.com/blog/celebrate-customer-service-week/link.href, location.origin]
[www.patlive.com/blog/celebrate-customer-service-week/index.html]
[www.patlive.com/wp-json/oembed/1.0/embed57f4.json]
[www.patlive.com/wp-json/oembed/1.0/embedea93]
[www.patlive.com/blog/virtual-receptionist-service-grows-business/Firefox/index.html]
[www.patlive.com/wp-json/wp/v2/posts/31204.json]
[www.patlive.com/wp-content/uploads/2023/09/SeventyEightPercent.png]
[www.patlive.com/blog/virtual-receptionist-service-grows-business/link.href, location.origin]
[www.patlive.com/blog/virtual-receptionist-service-grows-business/index.html]
[www.patlive.com/wp-json/oembed/1.0/embedc25a.json]
[www.patlive.com/wp-json/oembed/1.0/embed4143]
[www.patlive.com/blog/millennials-are-changing-the-workplace/Firefox/index.html]
[www.patlive.com/wp-json/wp/v2/posts/31202.json]
[www.patlive.com/blog/millennials-are-changing-the-workplace/link.href, location.origin]
[www.patlive.com/blog/millennials-are-changing-the-workplace/index.html]
[www.patlive.com/wp-json/oembed/1.0/embed78cc.json]
[www.patlive.com/wp-json/oembed/1.0/embede165]
[www.patlive.com/blog/technology-trends-2023/Firefox/index.html]
[www.patlive.com/wp-json/wp/v2/posts/31198.json]
[www.patlive.com/wp-content/uploads/2023/09/technology-trends-internet-of-things-1024x683.jpg]
[www.patlive.com/wp-content/uploads/2023/09/technology-trends-ai.jpg]
[www.patlive.com/blog/technology-trends-2023/link.href, location.origin]
[www.patlive.com/blog/technology-trends-2023/index.html]
[www.patlive.com/wp-json/oembed/1.0/embed1a75.json]
[www.patlive.com/wp-json/oembed/1.0/embed1e98]
[www.patlive.com/blog/4-benefits-after-hours-answering-service/Firefox/index.html]
[www.patlive.com/wp-json/wp/v2/posts/15327.json]
[www.patlive.com/wp-content/uploads/2021/09/blog-article-4-huge-benefits-after-hours-answering-service.jpg]
[www.patlive.com/blog/4-benefits-after-hours-answering-service/link.href, location.origin]
[www.patlive.com/blog/4-benefits-after-hours-answering-service/index.html]
[www.patlive.com/wp-content/uploads/essential-addons-elementor/eael-12ce2d.js]
[www.patlive.com/blog/author/patlive/page/7/link.href, location.html]
[www.patlive.com/blog/customer-service-night-living-dead/Firefox/index.html]
[www.patlive.com/blog/is-your-customer-service-like-night-of-the-living-dead/index.html]
[www.patlive.com/index79f0.html]
[www.patlive.com/blog/customer-service-night-living-dead/link.href, location.html]
[www.patlive.com/blog/spooky-bad-customer-service-stats/Firefox/index.html]
[www.patlive.com/blog/15-spooky-bad-customer-service-stats-to-make-your-knees-quake/index.html]
[www.patlive.com/index59c1.html]
[www.patlive.com/wp-content/uploads/essential-addons-elementor/eael-12fdd3.js]
[www.patlive.com/blog/spooky-bad-customer-service-stats/link.href, location.html]
[www.patlive.com/blog/customer-journey-mapping-parenting/Firefox/index.html]
[www.patlive.com/indexc58c.html]
[www.patlive.com/wp-content/uploads/essential-addons-elementor/eael-12f534.js]
[www.patlive.com/blog/customer-journey-mapping-parenting/link.href, location.html]
[www.patlive.com/blog/soul-songs-improve-customer-service/Firefox/index.html]
[www.patlive.com/blog/3-soul-songs-that-will-improve-your-customer-service/index.html]
[www.patlive.com/index2435.html]
[www.patlive.com/wp-content/uploads/essential-addons-elementor/eael-12895b.js]
[www.patlive.com/blog/soul-songs-improve-customer-service/link.href, location.html]
[www.patlive.com/blog/inspiring-leaders-making-a-difference/Firefox/index.html]
[www.patlive.com/index2e5e.html]
[www.patlive.com/wp-content/uploads/2023/09/Tiny-Docs.svg]
[www.patlive.com/wp-content/uploads/2019/10/Salesforce-logo-1024x576.html]
[www.patlive.com/wp-content/uploads/essential-addons-elementor/eael-1299fb.js]
[www.patlive.com/blog/inspiring-leaders-making-a-difference/link.href, location.html]
[www.patlive.com/blog/no-nonsense-ways-to-get-qualified-leads/Firefox/index.html]
[www.patlive.com/index7990.html]
[www.patlive.com/wp-content/uploads/essential-addons-elementor/eael-12b639.js]
[www.patlive.com/blog/no-nonsense-ways-to-get-qualified-leads/link.href, location.html]
[www.patlive.com/blog/customer-retention-freebies/Firefox/index.html]
[www.patlive.com/blog/customer-retention-are-candy-freebies-a-good-idea-for-your-business/index.html]
[www.patlive.com/indexdb29.html]
[www.patlive.com/wp-content/uploads/essential-addons-elementor/eael-1253fd.js]
[www.patlive.com/blog/customer-retention-freebies/link.href, location.html]
[www.patlive.com/blog/bilingual-virtual-receptionist-business/Firefox/index.html]
[www.patlive.com/index028f.html]
[www.patlive.com/wp-content/uploads/essential-addons-elementor/eael-12d76b.js]
[www.patlive.com/blog/bilingual-virtual-receptionist-business/link.href, location.html]
[www.patlive.com/blog/customer-centric-culture.html]
[www.patlive.com/wp-json/oembed/1.0/embed53e8.json]
[www.patlive.com/wp-json/oembed/1.0/embed06e4]
[www.patlive.com/blog/great-customer-service-zappos/Firefox/index.html]
[www.patlive.com/wp-json/wp/v2/posts/31155.json]
[www.patlive.com/blog/great-customer-service-zappos/link.href, location.origin]
[www.patlive.com/blog/great-customer-service-zappos/index.html]
[www.patlive.com/blog/top-answering-service-clutch/Firefox/index.html]
[www.patlive.com/index7e55.html]
[www.patlive.com/blog/top-answering-service-clutch/link.href, location.html]
[www.patlive.com/blog/phone-calls-essential-customer-service/Firefox/index.html]
[www.patlive.com/index9a5e.html]
[www.patlive.com/wp-content/uploads/essential-addons-elementor/eael-122a8b.js]
[www.patlive.com/blog/phone-calls-essential-customer-service/link.href, location.html]
[www.patlive.com/blog/3-reasons-business-receptionist/Firefox/index.html]
[www.patlive.com/indexee5e.html]
[www.patlive.com/wp-content/uploads/essential-addons-elementor/eael-12efcf.js]
[www.patlive.com/blog/3-reasons-business-receptionist/link.href, location.html]
[www.patlive.com/blog/how-to-make-a-great-company-phone-greeting/Firefox/index.html]
[www.patlive.com/wp-content/uploads/elementor/css/post-311748d60.css]
[www.patlive.com/index2cea.html]
[www.patlive.com/blog/tag/answering-service/i]
[www.patlive.com/wp-json/wp/v2/tags/49.json]
[www.patlive.com/blog/tag/answering-service/feed/index.html]
[www.patlive.com/blog/tag/answering-service/Firefox/index.html]
[www.patlive.com/blog/tag/answering-service/link.href, location.origin]
[www.patlive.com/blog/tag/answering-service/index.html]
[www.patlive.com/wp-content/uploads/essential-addons-elementor/eael-12f033.js]
[www.patlive.com/blog/how-to-make-a-great-company-phone-greeting/link.href, location.html]
[www.patlive.com/blog/7-ways-answering-service-money-pocket/Firefox/index.html]
[www.patlive.com/indexc2c1.html]
[www.patlive.com/wp-content/uploads/essential-addons-elementor/eael-12b43f.js]
[www.patlive.com/blog/7-ways-answering-service-money-pocket/link.href, location.html]
[www.patlive.com/blog/answering-service-business/Firefox/index.html]
[www.patlive.com/index98f6.html]
[www.patlive.com/wp-content/uploads/essential-addons-elementor/eael-12490b.js]
[www.patlive.com/blog/answering-service-business/link.href, location.html]
[www.patlive.com/blog/more-customer-service-advice/Firefox/index.html]
[www.patlive.com/index0625.html]
[www.patlive.com/wp-content/uploads/essential-addons-elementor/eael-12c332.js]
[www.patlive.com/blog/more-customer-service-advice/link.href, location.html]
[www.patlive.com/blog/customer-service-advice/Firefox/index.html]
[www.patlive.com/index228b.html]
[www.patlive.com/wp-content/uploads/essential-addons-elementor/eael-1256a4.js]
[www.patlive.com/blog/customer-service-advice/link.href, location.html]
[www.patlive.com/blog/tag/nd/page/7/i.html]
[www.patlive.com/blog/tag/nd/page/7/Firefox/index.html]
[www.patlive.com/wp-json/oembed/1.0/embed7583.json]
[www.patlive.com/wp-json/oembed/1.0/embede0d5]
[www.patlive.com/blog/what-are-virtual-receptionists/Firefox/index.html]
[www.patlive.com/wp-json/wp/v2/posts/31170.json]
[www.patlive.com/blog/what-are-virtual-receptionists/link.href, location.origin]
[www.patlive.com/blog/what-are-virtual-receptionists/index.html]
[www.patlive.com/wp-json/oembed/1.0/embedae05.json]
[www.patlive.com/wp-json/oembed/1.0/embed4a28]
[www.patlive.com/blog/5-lessons-shep-hyken-twitter/Firefox/index.html]
[www.patlive.com/wp-json/wp/v2/posts/31165.json]
[www.patlive.com/wp-content/uploads/2017/10/5-Lessons-I-Learned-While-Following-Shep-Hyken-on-Twitter.jpg]
[www.patlive.com/wp-content/uploads/2022/09/Hyken-Twitter-1.png]
[www.patlive.com/wp-content/uploads/2022/09/Hyken-Twitter-2.png]
[www.patlive.com/wp-content/uploads/2022/09/Hyken-Twitter-3.png]
[www.patlive.com/wp-content/uploads/2022/09/Hyken-Twitter-4.png]
[www.patlive.com/wp-content/uploads/2022/09/Hyken-Twitter-5.png]
[www.patlive.com/blog/5-lessons-shep-hyken-twitter/link.href, location.origin]
[www.patlive.com/blog/5-lessons-shep-hyken-twitter/index.html]
[www.patlive.com/wp-json/oembed/1.0/embedf2d5.json]
[www.patlive.com/wp-json/oembed/1.0/embed3c6c]
[www.patlive.com/blog/dreadful-customer-service-stats/Firefox/index.html]
[www.patlive.com/wp-json/wp/v2/posts/31164.json]
[www.patlive.com/wp-content/uploads/2022/09/Bad-Service-Stats-09-1024x410.png]
[www.patlive.com/wp-content/uploads/2022/09/Bad-Service-Stats-02-1024x410.png]
[www.patlive.com/wp-content/uploads/2022/09/Bad-Service-Stats-03-1024x410.png]
[www.patlive.com/wp-content/uploads/2022/09/Bad-Service-Stats-10-1024x410.png]
[www.patlive.com/wp-content/uploads/2022/09/Bad-Service-Stats-07-1024x410.png]
[www.patlive.com/wp-content/uploads/2022/09/Bad-Service-Stats-01-1024x410.png]
[www.patlive.com/wp-content/uploads/2022/09/Bad-Service-Stats-08-1024x410.png]
[www.patlive.com/wp-content/uploads/2022/09/Bad-Service-Stats-06-1024x410.png]
[www.patlive.com/wp-content/uploads/2022/09/Bad-Service-Stats-05-1024x410.png]
[www.patlive.com/wp-content/uploads/2022/09/Bad-Service-Stats-04-1024x410.png]
[www.patlive.com/blog/dreadful-customer-service-stats/link.href, location.origin]
[www.patlive.com/blog/dreadful-customer-service-stats/index.html]
[www.patlive.com/wp-json/oembed/1.0/embed2c36.json]
[www.patlive.com/wp-json/oembed/1.0/embeddae4]
[www.patlive.com/blog/customer-communication-stressful-calls-2/Firefox/index.html]
[www.patlive.com/wp-json/wp/v2/posts/31169.json]
[www.patlive.com/wp-content/uploads/2017/09/Customer-Communication-3-More-Ways-to-Keep-Cool-During-Stressful-Calls.jpg]
[www.patlive.com/blog/customer-communication-stressful-calls-2/link.href, location.origin]
[www.patlive.com/blog/customer-communication-stressful-calls-2/index.html]
[www.patlive.com/blog/quotes-customer-communication/Firefox/index.html]
[www.patlive.com/wp-json/oembed/1.0/embedcd97.json]
[www.patlive.com/wp-json/oembed/1.0/embedceb3]
[www.patlive.com/wp-json/wp/v2/posts/31163.json]
[www.patlive.com/wp-content/uploads/2017/07/6-Brilliant-Quotes-to-Inspire-Awesome-Communication-with-Your-Customers.jpg]
[www.patlive.com/blog/quotes-customer-communication/link.href, location.origin]
[www.patlive.com/blog/quotes-customer-communication/index.html]
[s3.amazonaws.com/clearvoice-media/asg_E5Mw2PJmHhvFYKKU/art_GHYOYw1BUwx4UAnk/1497237170148-img1.png]
[www.patlive.com/wp-json/oembed/1.0/embed0e8b.json]
[www.patlive.com/wp-json/oembed/1.0/embed8971]
[www.patlive.com/blog/4-ways-customer-communication/Firefox/index.html]
[www.patlive.com/wp-json/wp/v2/posts/31168.json]
[www.patlive.com/wp-content/uploads/2017/06/4-Crazy-Simple-Ways-to-Communicate-Better-With-Your-Customers.jpg]
[s3.amazonaws.com/clearvoice-media/asg_E5Mw2PJmHhvFYKKU/art_GHYOYw1BUwx4UAnk/1497237091203-img2.png]
[s3.amazonaws.com/clearvoice-media/asg_E5Mw2PJmHhvFYKKU/art_GHYOYw1BUwx4UAnk/1497237216525-empathy1.png]
[www.patlive.com/blog/4-ways-customer-communication/link.href, location.origin]
[www.patlive.com/blog/4-ways-customer-communication/index.html]
[www.patlive.com/wp-json/oembed/1.0/embed6143.json]
[www.patlive.com/wp-json/oembed/1.0/embed7287]
[www.patlive.com/blog/answering-service-tips-stressful-calls/Firefox/index.html]
[www.patlive.com/wp-json/wp/v2/posts/31167.json]
[www.patlive.com/blog/5-difficult-customer-personalities/index.html]
[www.patlive.com/blog/answering-service-tips-stressful-calls/link.href, location.origin]
[www.patlive.com/blog/answering-service-tips-stressful-calls/index.html]
[www.patlive.com/wp-json/oembed/1.0/embeda5d3.json]
[www.patlive.com/wp-json/oembed/1.0/embed18f1]
[www.patlive.com/blog/answering-phone-harm-business/Firefox/index.html]
[www.patlive.com/wp-json/wp/v2/posts/31153.json]
[www.patlive.com/blog/answering-phone-harm-business/link.href, location.origin]
[www.patlive.com/blog/answering-phone-harm-business/index.html]
[www.patlive.com/wp-json/oembed/1.0/embed8666.json]
[www.patlive.com/wp-json/oembed/1.0/embed5d1a]
[www.patlive.com/blog/customer-service-plumber/Firefox/index.html]
[www.patlive.com/wp-json/wp/v2/posts/31152.json]
[www.patlive.com/blog/customer-service-plumber/link.href, location.origin]
[www.patlive.com/blog/customer-service-plumber/index.html]
[www.patlive.com/wp-json/oembed/1.0/embed577f.json]
[www.patlive.com/wp-json/oembed/1.0/embedafdb]
[www.patlive.com/blog/after-hours-answering-service/Firefox/index.html]
[www.patlive.com/wp-json/wp/v2/posts/31151.json]
[www.patlive.com/blog/after-hours-answering-service/link.href, location.origin]
[www.patlive.com/blog/after-hours-answering-service/index.html]
[www.patlive.com/blog/tag/nd/page/8/i]
[www.patlive.com/wp-content/uploads/2020/05/How-to-Reopen-Your-Small-Business-With-A-Bang-1024x576.jpg]
[www.patlive.com/blog/26-inspirational-entrepreneur-quotes/index.html]
[www.patlive.com/blog/successful-real-estate-investors/index.html]
[www.patlive.com/blog/combat-call-center-burnout/index.html]
[www.patlive.com/blog/how-upselling-look-greedy/index.html]
[www.patlive.com/blog/customer-service-phone-etiquette/index.html]
[www.patlive.com/blog/5-difficult-personalities/index.html]
[www.patlive.com/blog/tag/nd/page/8/Firefox/index.html]
[www.patlive.com/blog/tag/nd/page/8/link.href, location.origin]
[www.patlive.com/blog/tag/nd/page/8/index.html]
[www.patlive.com/wp-content/uploads/essential-addons-elementor/eael-121ef2.js]
[www.patlive.com/blog/tag/nd/page/7/link.href, location.html]
[www.patlive.com/blog/author/patlive/page/8/i.html]
[www.patlive.com/blog/author/patlive/page/8/Firefox/index.html]
[www.patlive.com/blog/boost-customer-service-tips/index.html]
[www.patlive.com/blog/author/patlive/page/9/i]
[www.patlive.com/blog/tag/nd/page/9/index.html]
[www.patlive.com/blog/5-tools-your-business-should-be-using/index.html]
[www.patlive.com/blog/author/patlive/page/10/index.html]
[www.patlive.com/wp-content/uploads/2020/10/blog-article-How-to-Celebrate-Customer-Service-Week-While-Working-Remotely-1024x576.jpg]
[www.patlive.com/wp-content/uploads/2020/09/blog-article-4-Ways-a-Virtual-Receptionist-Benefits-Your-Business-1024x576.jpg]
[www.patlive.com/wp-content/uploads/2020/08/blog-article-Customer-Experience-Best-Practices-Tips-from-the-Pros-1024x576.jpg]
[www.patlive.com/wp-content/uploads/2020/08/blog-article-5-Lead-Generation-Strategies-to-Increase-Your-Call-Volume-1024x576.jpg]
[www.patlive.com/blog/author/patlive/page/9/Firefox/index.html]
[www.patlive.com/blog/seasonal-call-answering-service/index.html]
[www.patlive.com/blog/7-ways-stand-out-from-competition/index.html]
[www.patlive.com/blog/automate-customer-communication/index.html]
[www.patlive.com/blog/customer-service-week-working-remotely/index.html]
[www.patlive.com/blog/author/patlive/page/9/link.href, location.origin]
[www.patlive.com/blog/author/patlive/page/9/index.html]
[www.patlive.com/blog/lead-generation-call-volume/index.html]
[www.patlive.com/blog/future-of-customer-service/index.html]
[www.patlive.com/wp-json/oembed/1.0/embedf832.json]
[www.patlive.com/blog/virtual-receptionist-customer-relations/index.html]
[www.patlive.com/wp-json/oembed/1.0/embed2f6d]
[www.patlive.com/blog/how-to-choose-virtual-receptionist/Firefox/index.html]
[www.patlive.com/wp-json/wp/v2/posts/7783.json]
[www.patlive.com/wp-content/uploads/2021/05/blog-article-how-to-choose-the-right-vr-service_how-to-choose-the-right-vr-service.png]
[www.patlive.com/blog/how-to-choose-virtual-receptionist/link.href, location.origin]
[www.patlive.com/blog/how-to-choose-virtual-receptionist/index.html]
[www.patlive.com/wp-json/oembed/1.0/embedf881.json]
[www.patlive.com/wp-json/oembed/1.0/embed9def]
[www.patlive.com/blog/case-study-legal-answering-service/Firefox/index.html]
[www.patlive.com/wp-json/wp/v2/posts/15179.json]
[www.patlive.com/wp-content/uploads/2021/04/blog-article-lawyer-case-study.jpg]
[www.patlive.com/blog/case-study-legal-answering-service/link.href, location.origin]
[www.patlive.com/blog/case-study-legal-answering-service/index.html]
[www.patlive.com/wp-content/uploads/2022/09/blog_mobile-status-1024x418-1.png]
[www.patlive.com/wp-json/oembed/1.0/embed8195.json]
[www.patlive.com/wp-json/oembed/1.0/embed00e9]
[www.patlive.com/blog/leverage-web-mobile-app-business/Firefox/index.html]
[www.patlive.com/wp-json/wp/v2/posts/13802.json]
[www.patlive.com/wp-content/uploads/2021/03/blog-article-7-Ways-to-Leverage-PATLives-New-Apps-for-Your-Business.jpg]
[www.patlive.com/wp-content/uploads/2022/09/blog_mobile-voicemail-1024x418-1.png]
[www.patlive.com/wp-content/uploads/2022/09/blog_web-app-1024x410-1.png]
[www.patlive.com/blog/leverage-web-mobile-app-business/link.href, location.origin]
[www.patlive.com/blog/leverage-web-mobile-app-business/index.html]
[www.patlive.com/wp-content/uploads/2022/09/web-and-mobile-app_2.png]
[www.patlive.com/wp-json/oembed/1.0/embed2a90.json]
[www.patlive.com/wp-json/oembed/1.0/embedc08b]
[www.patlive.com/blog/new-web-and-mobile-apps/Firefox/index.html]
[www.patlive.com/wp-json/wp/v2/posts/15132.json]
[www.patlive.com/wp-content/uploads/2021/03/blog-article-web-and-mobile-app_xl-1.png]
[www.patlive.com/blog/new-web-and-mobile-apps/link.href, location.origin]
[www.patlive.com/blog/new-web-and-mobile-apps/index.html]
[www.patlive.com/wp-json/oembed/1.0/embed41ac.json]
[www.patlive.com/wp-json/oembed/1.0/embedd619]
[www.patlive.com/blog/show-your-customers-you-care/Firefox/index.html]
[www.patlive.com/wp-json/wp/v2/posts/8169.json]
[www.patlive.com/wp-content/uploads/2021/02/blog-article-5-Creative-Ways-to-Show-Your-Customers-You-Care-1.jpg]
[www.patlive.com/blog/show-your-customers-you-care/link.href, location.origin]
[www.patlive.com/blog/show-your-customers-you-care/index.html]
[www.patlive.com/wp-content/uploads/essential-addons-elementor/eael-129ce6.js]
[www.patlive.com/blog/author/patlive/page/8/link.href, location.html]
[www.patlive.com/blog/are-you-customer-centric-5-key-questions/Firefox/index.html]
[www.patlive.com/indexc3cb.html]
[www.patlive.com/blog/are-you-customer-centric-5-key-questions/link.href, location.html]
[www.patlive.com/blog/the-science-of-happy-customers/Firefox/index.html]
[www.patlive.com/index7acb.html]
[www.patlive.com/wp-content/uploads/essential-addons-elementor/eael-125d92.js]
[www.patlive.com/blog/the-science-of-happy-customers/link.href, location.html]
[www.patlive.com/blog/celebrate-customer-service-week/Firefox/index.html]
[www.patlive.com/blog/10-unique-ways-to-celebrate-customer-service-week/index.html]
[www.patlive.com/index55ca.html]
[www.patlive.com/wp-content/uploads/essential-addons-elementor/eael-12be3f.js]
[www.patlive.com/blog/celebrate-customer-service-week/link.href, location.html]
[www.patlive.com/blog/virtual-receptionist-service-grows-business/Firefox/index.html]
[www.patlive.com/indexa577.html]
[www.patlive.com/wp-content/uploads/essential-addons-elementor/eael-129587.js]
[www.patlive.com/blog/virtual-receptionist-service-grows-business/link.href, location.html]
[www.patlive.com/blog/millennials-are-changing-the-workplace/Firefox/index.html]
[www.patlive.com/indexa67c.html]
[www.patlive.com/wp-content/uploads/essential-addons-elementor/eael-12afb1.js]
[www.patlive.com/blog/millennials-are-changing-the-workplace/link.href, location.html]
[www.patlive.com/blog/technology-trends-2023/Firefox/index.html]
[www.patlive.com/index4f73.html]
[www.patlive.com/wp-content/uploads/essential-addons-elementor/eael-12f30b.js]
[www.patlive.com/blog/technology-trends-2023/link.href, location.html]
[www.patlive.com/blog/4-benefits-after-hours-answering-service/Firefox/index.html]
[www.patlive.com/index41f6.html]
[www.patlive.com/wp-content/uploads/essential-addons-elementor/eael-12c6af.js]
[www.patlive.com/blog/4-benefits-after-hours-answering-service/link.href, location.html]
[www.patlive.com/blog/great-customer-service-zappos/Firefox/index.html]
[www.patlive.com/index26b6.html]
[www.patlive.com/wp-content/uploads/essential-addons-elementor/eael-126015.js]
[www.patlive.com/blog/great-customer-service-zappos/link.href, location.html]
[www.patlive.com/blog/tag/answering-service/i.html]
[www.patlive.com/blog/tag/answering-service/Firefox/index.html]
[www.patlive.com/blog/tag/answering-service/link.href, location.html]
[www.patlive.com/blog/what-are-virtual-receptionists/Firefox/index.html]
[www.patlive.com/indexaf76.html]
[www.patlive.com/blog/what-are-virtual-receptionists/link.href, location.html]
[www.patlive.com/blog/5-lessons-shep-hyken-twitter/Firefox/index.html]
[www.patlive.com/index456f.html]
[www.patlive.com/wp-content/uploads/essential-addons-elementor/eael-1286be.js]
[www.patlive.com/blog/5-lessons-shep-hyken-twitter/link.href, location.html]
[www.patlive.com/blog/dreadful-customer-service-stats/Firefox/index.html]
[www.patlive.com/index67b2.html]
[www.patlive.com/wp-content/uploads/essential-addons-elementor/eael-12d21b.js]
[www.patlive.com/blog/dreadful-customer-service-stats/link.href, location.html]
[www.patlive.com/blog/customer-communication-stressful-calls-2/Firefox/index.html]
[www.patlive.com/indexeb1b.html]
[www.patlive.com/wp-content/uploads/essential-addons-elementor/eael-12a0b9.js]
[www.patlive.com/blog/customer-communication-stressful-calls-2/link.href, location.html]
[www.patlive.com/blog/quotes-customer-communication/Firefox/index.html]
[www.patlive.com/indexfada.html]
[www.patlive.com/wp-content/uploads/essential-addons-elementor/eael-124deb.js]
[www.patlive.com/blog/quotes-customer-communication/link.href, location.html]
[www.patlive.com/blog/4-ways-customer-communication/Firefox/index.html]
[www.patlive.com/index74ee.html]
[www.patlive.com/wp-content/uploads/essential-addons-elementor/eael-12e9d1.js]
[www.patlive.com/blog/4-ways-customer-communication/link.href, location.html]
[www.patlive.com/blog/answering-service-tips-stressful-calls/Firefox/index.html]
[www.patlive.com/index40f1.html]
[www.patlive.com/wp-json/oembed/1.0/embed18d5.json]
[www.patlive.com/wp-json/oembed/1.0/embed651a]
[www.patlive.com/blog/5-difficult-customer-personalities/Firefox/index.html]
[www.patlive.com/wp-json/wp/v2/posts/31150.json]
[www.patlive.com/blog/will-they-stay/index.html]
[www.patlive.com/wp-content/uploads/2022/10/difficult-personalities-410x1024.jpg]
[www.patlive.com/blog/5-difficult-customer-personalities/link.href, location.origin]
[www.patlive.com/blog/5-difficult-customer-personalities/index.html]
[www.patlive.com/wp-content/uploads/essential-addons-elementor/eael-1258f3.js]
[www.patlive.com/blog/answering-service-tips-stressful-calls/link.href, location.html]
[www.patlive.com/blog/answering-phone-harm-business/Firefox/index.html]
[www.patlive.com/blog/answering-phone-harm-business-answering-service/index.html]
[www.patlive.com/index752a.html]
[www.patlive.com/wp-content/uploads/essential-addons-elementor/eael-12e119.js]
[www.patlive.com/blog/answering-phone-harm-business/link.href, location.html]
[www.patlive.com/blog/customer-service-plumber/Firefox/index.html]
[www.patlive.com/index2d81.html]
[www.patlive.com/wp-content/uploads/essential-addons-elementor/eael-1233e6.js]
[www.patlive.com/blog/customer-service-plumber/link.href, location.html]
[www.patlive.com/blog/after-hours-answering-service/Firefox/index.html]
[www.patlive.com/indexe848.html]
[www.patlive.com/wp-content/uploads/essential-addons-elementor/eael-1287a4.js]
[www.patlive.com/blog/after-hours-answering-service/link.href, location.html]
[www.patlive.com/blog/tag/nd/page/8/i.html]
[www.patlive.com/blog/tag/nd/page/8/Firefox/index.html]
[www.patlive.com/wp-json/oembed/1.0/embedb714.json]
[www.patlive.com/wp-json/oembed/1.0/embedbfe2]
[www.patlive.com/blog/boost-customer-service-tips/Firefox/index.html]
[www.patlive.com/wp-json/wp/v2/posts/31162.json]
[www.patlive.com/wp-content/uploads/2020/05/How-to-Reopen-Your-Small-Business-With-A-Bang.jpg]
[www.patlive.com/index6ffa.html]
[www.patlive.com/blog/boost-customer-service-tips/link.href, location.origin]
[www.patlive.com/blog/boost-customer-service-tips/index.html]
[www.patlive.com/wp-json/oembed/1.0/embed3a4a.json]
[www.patlive.com/wp-json/oembed/1.0/embedf1a3]
[www.patlive.com/blog/26-inspirational-entrepreneur-quotes/Firefox/index.html]
[www.patlive.com/wp-json/wp/v2/posts/31149.json]
[www.patlive.com/blog/26-inspirational-entrepreneur-quotes/link.href, location.origin]
[www.patlive.com/blog/26-inspirational-entrepreneur-quotes/index.html]
[www.patlive.com/wp-json/oembed/1.0/embedde46.json]
[www.patlive.com/wp-json/oembed/1.0/embedd776]
[www.patlive.com/blog/successful-real-estate-investors/Firefox/index.html]
[www.patlive.com/wp-json/wp/v2/posts/31148.json]
[www.patlive.com/blog/successful-real-estate-investors/link.href, location.origin]
[www.patlive.com/blog/successful-real-estate-investors/index.html]
[www.patlive.com/wp-json/oembed/1.0/embed32bf.json]
[www.patlive.com/wp-json/oembed/1.0/embed67e9]
[www.patlive.com/blog/combat-call-center-burnout/Firefox/index.html]
[www.patlive.com/wp-json/wp/v2/posts/31160.json]
[www.patlive.com/blog/combat-call-center-burnout/link.href, location.origin]
[www.patlive.com/blog/combat-call-center-burnout/index.html]
[www.patlive.com/wp-json/oembed/1.0/embedd9cf.json]
[www.patlive.com/wp-json/oembed/1.0/embed09ca]
[www.patlive.com/blog/how-upselling-look-greedy/Firefox/index.html]
[www.patlive.com/wp-json/wp/v2/posts/31147.json]
[www.patlive.com/blog/how-upselling-look-greedy/link.href, location.origin]
[www.patlive.com/blog/how-upselling-look-greedy/index.html]
[www.patlive.com/wp-json/oembed/1.0/embedbfad.json]
[www.patlive.com/wp-json/oembed/1.0/embed8266]
[www.patlive.com/blog/customer-service-phone-etiquette/Firefox/index.html]
[www.patlive.com/wp-json/wp/v2/posts/31159.json]
[www.patlive.com/blog/customer-service-phone-etiquette/link.href, location.origin]
[www.patlive.com/blog/customer-service-phone-etiquette/index.html]
[www.patlive.com/wp-json/oembed/1.0/embed0dfc.json]
[www.patlive.com/wp-json/oembed/1.0/embeda447]
[www.patlive.com/blog/5-difficult-personalities/Firefox/index.html]
[www.patlive.com/wp-json/wp/v2/posts/31158.json]
[www.patlive.com/blog/5-difficult-personalities/link.href, location.origin]
[www.patlive.com/blog/5-difficult-personalities/index.html]
[www.patlive.com/wp-json/oembed/1.0/embed7e84.json]
[www.patlive.com/wp-json/oembed/1.0/embedb278]
[www.patlive.com/blog/5-tools-your-business-should-be-using/Firefox/index.html]
[www.patlive.com/wp-json/wp/v2/posts/8033.json]
[www.patlive.com/blog/5-tools-your-business-should-be-using/link.href, location.origin]
[www.patlive.com/blog/5-tools-your-business-should-be-using/index.html]
[www.patlive.com/blog/tag/nd/page/9/i]
[www.patlive.com/blog/what-to-do-customer-yells/index.html]
[www.patlive.com/blog/tag/nd/page/9/Firefox/index.html]
[www.patlive.com/blog/tag/nd/page/9/link.href, location.origin]
[www.patlive.com/blog/tag/nd/page/9/index.html]
[www.patlive.com/wp-content/uploads/essential-addons-elementor/eael-127f5d.js]
[www.patlive.com/blog/tag/nd/page/8/link.href, location.html]
[www.patlive.com/blog/author/patlive/page/9/i.html]
[www.patlive.com/blog/author/patlive/page/9/Firefox/index.html]
[www.patlive.com/blog/5-things-every-virtual-office-needs/index.html]
[www.patlive.com/blog/author/patlive/page/10/i]
[www.patlive.com/wp-content/uploads/2020/08/blog-article-client-retention-blog-1024x576.jpg]
[www.patlive.com/blog/author/patlive/page/11/index.html]
[www.patlive.com/blog/author/patlive/page/10/Firefox/index.html]
[www.patlive.com/blog/author/patlive/page/10/link.href, location.origin]
[www.patlive.com/blog/author/patlive/page/10/index.html]
[www.patlive.com/wp-json/oembed/1.0/embed0b1c.json]
[www.patlive.com/wp-json/oembed/1.0/embedbd6d-2]
[www.patlive.com/blog/future-of-customer-service/Firefox/index.html]
[www.patlive.com/wp-json/wp/v2/posts/8117.json]
[www.patlive.com/blog/future-of-customer-service/link.href, location.origin]
[www.patlive.com/blog/future-of-customer-service/index.html]
[www.patlive.com/wp-json/oembed/1.0/embedae6e.json]
[www.patlive.com/wp-json/oembed/1.0/embedd90b]
[www.patlive.com/blog/seasonal-call-answering-service/Firefox/index.html]
[www.patlive.com/wp-json/wp/v2/posts/8099.json]
[www.patlive.com/blog/seasonal-call-answering-service/link.href, location.origin]
[www.patlive.com/blog/seasonal-call-answering-service/index.html]
[www.patlive.com/wp-json/oembed/1.0/embed9676.json]
[www.patlive.com/wp-json/oembed/1.0/embed6ca9]
[www.patlive.com/blog/7-ways-stand-out-from-competition/Firefox/index.html]
[www.patlive.com/wp-json/wp/v2/posts/3743.json]
[www.patlive.com/blog/7-ways-stand-out-from-competition/link.href, location.origin]
[www.patlive.com/blog/7-ways-stand-out-from-competition/index.html]
[www.patlive.com/blog/automate-customer-communication/Firefox/index.html]
[www.patlive.com/wp-json/oembed/1.0/embedc9b7.json]
[www.patlive.com/wp-json/oembed/1.0/embedad20]
[www.patlive.com/wp-json/wp/v2/posts/8144.json]
[www.patlive.com/blog/automate-customer-communication/link.href, location.origin]
[www.patlive.com/blog/automate-customer-communication/index.html]
[www.patlive.com/wp-json/oembed/1.0/embed7107.json]
[www.patlive.com/wp-json/oembed/1.0/embed9139]
[www.patlive.com/blog/customer-service-week-working-remotely/Firefox/index.html]
[www.patlive.com/wp-json/wp/v2/posts/7793.json]
[www.patlive.com/wp-content/uploads/2020/10/blog-article-How-to-Celebrate-Customer-Service-Week-While-Working-Remotely.jpg]
[www.patlive.com/blog/customer-service-week-working-remotely/link.href, location.origin]
[www.patlive.com/blog/customer-service-week-working-remotely/index.html]
[www.patlive.com/wp-json/oembed/1.0/embed2ded.json]
[www.patlive.com/wp-json/oembed/1.0/embed6a4e]
[www.patlive.com/blog/virtual-receptionist-customer-relations/Firefox/index.html]
[www.patlive.com/wp-json/wp/v2/posts/7683.json]
[www.patlive.com/wp-content/uploads/2020/09/blog-article-4-Ways-a-Virtual-Receptionist-Benefits-Your-Business.jpg]
[www.patlive.com/blog/virtual-receptionist-customer-relations/link.href, location.origin]
[www.patlive.com/blog/virtual-receptionist-customer-relations/index.html]
[www.patlive.com/wp-json/oembed/1.0/embed7434.json]
[www.patlive.com/wp-json/oembed/1.0/embed5e46]
[www.patlive.com/blog/lead-generation-call-volume/Firefox/index.html]
[www.patlive.com/wp-json/wp/v2/posts/7491.json]
[www.patlive.com/wp-content/uploads/2020/08/blog-article-5-Lead-Generation-Strategies-to-Increase-Your-Call-Volume.jpg]
[www.patlive.com/blog/lead-generation-call-volume/link.href, location.origin]
[www.patlive.com/blog/lead-generation-call-volume/index.html]
[www.patlive.com/blog/author/patlive/page/9/link.href, location.html]
[www.patlive.com/blog/how-to-choose-virtual-receptionist/Firefox/index.html]
[www.patlive.com/index5f4d.html]
[www.patlive.com/blog/how-to-choose-virtual-receptionist/link.href, location.html]
[www.patlive.com/blog/case-study-legal-answering-service/Firefox/index.html]
[www.patlive.com/index9364.html]
[www.patlive.com/wp-content/uploads/essential-addons-elementor/eael-1242f4.js]
[www.patlive.com/blog/case-study-legal-answering-service/link.href, location.html]
[www.patlive.com/blog/leverage-web-mobile-app-business/Firefox/index.html]
[www.patlive.com/index24f2.html]
[www.patlive.com/wp-content/uploads/essential-addons-elementor/eael-123b1d.js]
[www.patlive.com/blog/leverage-web-mobile-app-business/link.href, location.html]
[www.patlive.com/blog/new-web-and-mobile-apps/Firefox/index.html]
[www.patlive.com/indexc892.html]
[www.patlive.com/wp-content/uploads/essential-addons-elementor/eael-12e62d.js]
[www.patlive.com/blog/new-web-and-mobile-apps/link.href, location.html]
[www.patlive.com/blog/show-your-customers-you-care/Firefox/index.html]
[www.patlive.com/index98e0.html]
[www.patlive.com/wp-content/uploads/essential-addons-elementor/eael-12c97a.js]
[www.patlive.com/blog/show-your-customers-you-care/link.href, location.html]
[www.patlive.com/blog/5-difficult-customer-personalities/Firefox/index.html]
[www.patlive.com/indexe1ad.html]
[www.patlive.com/wp-json/oembed/1.0/embed63dc.json]
[www.patlive.com/wp-json/oembed/1.0/embedd7b0]
[www.patlive.com/blog/will-they-stay/Firefox/index.html]
[www.patlive.com/wp-json/wp/v2/posts/31154.json]
[www.patlive.com/blog/will-they-stay/link.href, location.origin]
[www.patlive.com/blog/will-they-stay/index.html]
[www.patlive.com/wp-content/uploads/essential-addons-elementor/eael-12a674.js]
[www.patlive.com/blog/5-difficult-customer-personalities/link.href, location.html]
[www.patlive.com/blog/boost-customer-service-tips/Firefox/index.html]
[www.patlive.com/indexb2c2.html]
[www.patlive.com/index6ffa.html]
[www.patlive.com/blog/boost-customer-service-tips/link.href, location.html]
[www.patlive.com/blog/26-inspirational-entrepreneur-quotes/Firefox/index.html]
[www.patlive.com/blog/34-inspirational-entrepreneur-quotes/index.html]
[www.patlive.com/indexa8b7.html]
[www.patlive.com/wp-content/uploads/essential-addons-elementor/eael-12d08a.js]
[www.patlive.com/blog/26-inspirational-entrepreneur-quotes/link.href, location.html]
[www.patlive.com/blog/successful-real-estate-investors/Firefox/index.html]
[www.patlive.com/blog/this-is-why-successful-real-estate-investors-use-live-receptionists/index.html]
[www.patlive.com/index837e.html]
[www.patlive.com/wp-content/uploads/essential-addons-elementor/eael-121a8a.js]
[www.patlive.com/blog/successful-real-estate-investors/link.href, location.html]
[www.patlive.com/blog/combat-call-center-burnout/Firefox/index.html]
[www.patlive.com/blog/customer-service-insight-how-we-combat-call-center-burnout/index.html]
[www.patlive.com/indexea71.html]
[www.patlive.com/wp-content/uploads/essential-addons-elementor/eael-12b4c7.js]
[www.patlive.com/blog/combat-call-center-burnout/link.href, location.html]
[www.patlive.com/blog/how-upselling-look-greedy/Firefox/index.html]
[www.patlive.com/blog/how-upselling-can-make-you-look-like-a-greedy-vampire/index.html]
[www.patlive.com/index809d.html]
[www.patlive.com/wp-content/uploads/essential-addons-elementor/eael-129698.js]
[www.patlive.com/blog/how-upselling-look-greedy/link.href, location.html]
[www.patlive.com/blog/customer-service-phone-etiquette/Firefox/index.html]
[www.patlive.com/blog/business-how-to-customer-service-phone-etiquette/index.html]
[www.patlive.com/indexefbb.html]
[www.patlive.com/wp-content/uploads/essential-addons-elementor/eael-12e446.js]
[www.patlive.com/blog/customer-service-phone-etiquette/link.href, location.html]
[www.patlive.com/blog/5-difficult-personalities/Firefox/index.html]
[www.patlive.com/blog/your-customer-service-guide-for-5-difficult-personalities/index.html]
[www.patlive.com/index025f.html]
[www.patlive.com/wp-content/uploads/essential-addons-elementor/eael-12dc29.js]
[www.patlive.com/blog/5-difficult-personalities/link.href, location.html]
[www.patlive.com/blog/5-tools-your-business-should-be-using/Firefox/index.html]
[www.patlive.com/index562c.html]
[www.patlive.com/wp-content/uploads/essential-addons-elementor/eael-123267.js]
[www.patlive.com/blog/5-tools-your-business-should-be-using/link.href, location.html]
[www.patlive.com/blog/tag/nd/page/9/i.html]
[www.patlive.com/blog/tag/nd/page/9/Firefox/index.html]
[www.patlive.com/wp-json/oembed/1.0/embeded2d.json]
[www.patlive.com/wp-json/oembed/1.0/embedc246]
[www.patlive.com/blog/5-things-every-virtual-office-needs/Firefox/index.html]
[www.patlive.com/wp-json/wp/v2/posts/31157.json]
[www.patlive.com/blog/5-things-every-virtual-office-needs/link.href, location.origin]
[www.patlive.com/blog/5-things-every-virtual-office-needs/index.html]
[www.patlive.com/blog/what-to-do-customer-yells/Firefox/index.html]
[52.200.91.106/wp-content/uploads/2020/03/Why-Word-of-Mouth-is-So-Effective.jpg]
[www.patlive.com/wp-json/oembed/1.0/embed0df8.json]
[www.patlive.com/wp-json/oembed/1.0/embed4bc1]
[www.patlive.com/wp-content/uploads/elementor/css/post-31156058f.css]
[www.patlive.com/wp-json/wp/v2/posts/31156.json]
[www.patlive.com/blog/what-to-do-customer-yells/link.href, location.origin]
[www.patlive.com/blog/what-to-do-customer-yells/index.html]
[www.patlive.com/wp-content/uploads/essential-addons-elementor/eael-126aa1.js]
[www.patlive.com/blog/tag/nd/page/9/link.href, location.html]
[www.patlive.com/blog/author/patlive/page/10/i.html]
[www.patlive.com/blog/author/patlive/page/10/Firefox/index.html]
[www.patlive.com/blog/author/patlive/page/11/i]
[www.patlive.com/blog/author/patlive/page/12/index.html]
[www.patlive.com/blog/author/patlive/page/11/link.href, location.origin]
[www.patlive.com/blog/author/patlive/page/11/index.html]
[www.patlive.com/blog/author/patlive/page/10/link.href, location.html]
[www.patlive.com/blog/future-of-customer-service/Firefox/index.html]
[www.patlive.com/index2822.html]
[www.patlive.com/wp-content/uploads/essential-addons-elementor/eael-120fbf.js]
[www.patlive.com/blog/future-of-customer-service/link.href, location.html]
[www.patlive.com/blog/seasonal-call-answering-service/Firefox/index.html]
[www.patlive.com/indexd45f.html]
[www.patlive.com/wp-content/uploads/essential-addons-elementor/eael-12e774.js]
[www.patlive.com/blog/seasonal-call-answering-service/link.href, location.html]
[www.patlive.com/blog/7-ways-stand-out-from-competition/Firefox/index.html]
[www.patlive.com/index026c.html]
[www.patlive.com/wp-content/uploads/essential-addons-elementor/eael-12db1d.js]
[www.patlive.com/blog/7-ways-stand-out-from-competition/link.href, location.html]
[www.patlive.com/blog/automate-customer-communication/Firefox/index.html]
[www.patlive.com/index1cab.html]
[www.patlive.com/wp-content/uploads/essential-addons-elementor/eael-12ab50.js]
[www.patlive.com/blog/automate-customer-communication/link.href, location.html]
[www.patlive.com/blog/customer-service-week-working-remotely/Firefox/index.html]
[www.patlive.com/index57b5.html]
[www.patlive.com/wp-content/uploads/essential-addons-elementor/eael-1210ed.js]
[www.patlive.com/blog/customer-service-week-working-remotely/link.href, location.html]
[www.patlive.com/blog/virtual-receptionist-customer-relations/Firefox/index.html]
[www.patlive.com/index3295.html]
[www.patlive.com/wp-content/uploads/essential-addons-elementor/eael-12b3a4.js]
[www.patlive.com/blog/virtual-receptionist-customer-relations/link.href, location.html]
[www.patlive.com/blog/lead-generation-call-volume/Firefox/index.html]
[www.patlive.com/index1367.html]
[www.patlive.com/wp-content/uploads/essential-addons-elementor/eael-12d180.js]
[www.patlive.com/blog/lead-generation-call-volume/link.href, location.html]
[www.patlive.com/blog/will-they-stay/Firefox/index.html]
[www.patlive.com/indexdbbc.html]
[www.patlive.com/blog/superhero-customer-service-guidelines-for-your-small-business/index.html]
[www.patlive.com/wp-content/uploads/essential-addons-elementor/eael-122f64.js]
[www.patlive.com/blog/will-they-stay/link.href, location.html]
[www.patlive.com/blog/5-things-every-virtual-office-needs/Firefox/index.html]
[www.patlive.com/indexf9d7.html]
[www.patlive.com/blog/5-things-every-virtual-office-needs/link.href, location.html]
[www.patlive.com/blog/what-to-do-customer-yells/Firefox/index.html]
[www.patlive.com/blog/aye-carumba-what-to-do-if-a-customer-yells-at-you/index.html]
[www.patlive.com/wp-content/uploads/elementor/css/post-31156058f.css]
[www.patlive.com/indexaff1.html]
[www.patlive.com/wp-content/uploads/essential-addons-elementor/eael-125daf.js]
[www.patlive.com/blog/what-to-do-customer-yells/link.href, location.html]
[www.patlive.com/blog/author/patlive/page/11/i.html]
[www.patlive.com/blog/author/patlive/page/11/Firefox/index.html]
[www.patlive.com/blog/author/patlive/page/11/Firefox/index.html]
[www.patlive.com/blog/author/patlive/page/12/i]
[www.patlive.com/blog/author/patlive/page/13/index.html]
[www.patlive.com/blog/author/patlive/page/12/link.href, location.origin]
[www.patlive.com/blog/author/patlive/page/12/index.html]
[www.patlive.com/blog/author/patlive/page/11/link.href, location.html]
[www.patlive.com/blog/author/patlive/page/12/i.html]
[www.patlive.com/blog/author/patlive/page/12/Firefox/index.html]
[www.patlive.com/blog/author/patlive/page/12/Firefox/index.html]
[www.patlive.com/blog/author/patlive/page/13/i]
[www.patlive.com/blog/author/patlive/page/13/Firefox/index.html]
[www.patlive.com/blog/author/patlive/page/13/link.href, location.origin]
[www.patlive.com/blog/author/patlive/page/13/index.html]
[www.patlive.com/blog/author/patlive/page/12/link.href, location.html]
[www.patlive.com/blog/author/patlive/page/13/i.html]
[www.patlive.com/blog/author/patlive/page/13/Firefox/index.html]
[www.patlive.com/blog/author/patlive/page/14/index.html]
[www.patlive.com/blog/author/patlive/page/14/i]
[www.patlive.com/blog/author/patlive/page/15/index.html]
[www.patlive.com/blog/author/patlive/page/14/Firefox/index.html]
[www.patlive.com/blog/author/patlive/page/14/link.href, location.origin]
[www.patlive.com/blog/author/patlive/page/14/index.html]
[www.patlive.com/blog/author/patlive/page/13/link.href, location.html]
[www.patlive.com/blog/author/patlive/page/14/i.html]
[www.patlive.com/blog/author/patlive/page/14/Firefox/index.html]
[www.patlive.com/blog/author/patlive/page/15/i]
[www.patlive.com/blog/author/patlive/page/16/index.html]
[www.patlive.com/blog/author/patlive/page/15/Firefox/index.html]
[www.patlive.com/blog/author/patlive/page/15/link.href, location.origin]
[www.patlive.com/blog/author/patlive/page/15/index.html]
[www.patlive.com/blog/author/patlive/page/14/link.href, location.html]
[www.patlive.com/blog/author/patlive/page/15/i.html]
[www.patlive.com/blog/author/patlive/page/15/Firefox/index.html]
[www.patlive.com/blog/author/patlive/page/16/i]
[www.patlive.com/blog/author/patlive/page/17/index.html]
[www.patlive.com/blog/author/patlive/page/16/Firefox/index.html]
[www.patlive.com/blog/author/patlive/page/16/link.href, location.origin]
[www.patlive.com/blog/author/patlive/page/16/index.html]
[www.patlive.com/blog/author/patlive/page/15/link.href, location.html]
[www.patlive.com/blog/author/patlive/page/16/i.html]
[www.patlive.com/blog/author/patlive/page/16/Firefox/index.html]
[www.patlive.com/blog/author/patlive/page/17/i]
[www.patlive.com/blog/author/patlive/page/17/link.href, location.origin]
[www.patlive.com/blog/author/patlive/page/17/index.html]
[www.patlive.com/blog/author/patlive/page/16/link.href, location.html]
[www.patlive.com/blog/author/patlive/page/17/i.html]
[www.patlive.com/blog/author/patlive/page/17/Firefox/index.html]
[www.patlive.com/blog/author/patlive/page/17/Firefox/index.html]
[www.patlive.com/blog/author/patlive/page/18/index.html]
[www.patlive.com/blog/author/patlive/page/18/i]
[www.patlive.com/blog/author/patlive/page/18/Firefox/index.html]
[www.patlive.com/blog/author/patlive/page/18/link.href, location.origin]
[www.patlive.com/blog/author/patlive/page/18/index.html]
[www.patlive.com/blog/author/patlive/page/17/link.href, location.html]
[www.patlive.com/blog/author/patlive/page/18/i.html]
[www.patlive.com/blog/author/patlive/page/18/Firefox/index.html]
[www.patlive.com/blog/author/patlive/page/18/link.href, location.html]
